,title,developer,text,recommendation_norm
0,"Establishing the diagnosis of lung cancer: diagnosis and management of lung cancer, 3rd ed: American College of Chest Physicians evidence-based clinical practice guidelines.",American College of Chest Physicians,"In patients suspected of having small cell lung cancer (SCLC) based on the radiographic and clinical findings, it is recommended that the diagnosis be confirmed by the least invasive method (sputum cytology, thoracentesis, fine needle aspiration [FNA], bronchoscopy including transbronchial needle aspiration [TBNA]), as dictated by the patient's presentation.",strong
1,"Establishing the diagnosis of lung cancer: diagnosis and management of lung cancer, 3rd ed: American College of Chest Physicians evidence-based clinical practice guidelines.",American College of Chest Physicians,"In patients suspected of having lung cancer, who have extensive infiltration of the mediastinum based on radiographic studies and no evidence of extrathoracic metastatic disease (negative positron emission tomography [PET] scan), it is recommended that the diagnosis of lung cancer be established by the least invasive and safest method (bronchoscopy with TBNA, endobronchial ultrasound-guided needle aspiration [EBUS-NA], endoscopic ultrasound-guided needle aspiration [EUS-NA], transthoracic needle aspiration [TTNA], or mediastinoscopy).",strong
2,"Establishing the diagnosis of lung cancer: diagnosis and management of lung cancer, 3rd ed: American College of Chest Physicians evidence-based clinical practice guidelines.",American College of Chest Physicians,"In patients suspected of having lung cancer who have a solitary extrathoracic site suspicious of a metastasis, it is recommended that tissue confirmation of the metastatic site be obtained if a FNA or biopsy of the site is feasible.",strong
3,"Establishing the diagnosis of lung cancer: diagnosis and management of lung cancer, 3rd ed: American College of Chest Physicians evidence-based clinical practice guidelines.",American College of Chest Physicians,"In patients suspected of having lung cancer, who have lesions in multiple distant sites suspected of metastases but in whom biopsy of a metastatic site would be technically difficult, it is recommended that diagnosis of the primary lung lesion be obtained by the least invasive method.",strong
4,"Establishing the diagnosis of lung cancer: diagnosis and management of lung cancer, 3rd ed: American College of Chest Physicians evidence-based clinical practice guidelines.",American College of Chest Physicians,"In patients suspected of having lung cancer who have an accessible pleural effusion, thoracentesis is recommended to diagnose the cause of the pleural effusion.",strong
5,"Establishing the diagnosis of lung cancer: diagnosis and management of lung cancer, 3rd ed: American College of Chest Physicians evidence-based clinical practice guidelines.",American College of Chest Physicians,"In patients suspected of having lung cancer who have an accessible pleural effusion, if pleural fluid cytology is negative, pleural biopsy (via image-guided pleural biopsy, medical or surgical thoracoscopy) is recommended as the next step.",strong
6,"Establishing the diagnosis of lung cancer: diagnosis and management of lung cancer, 3rd ed: American College of Chest Physicians evidence-based clinical practice guidelines.",American College of Chest Physicians,"In patients suspected of having lung cancer, if sputum cytology is done but is negative for carcinoma, it is recommended that further testing be performed.",strong
7,"Establishing the diagnosis of lung cancer: diagnosis and management of lung cancer, 3rd ed: American College of Chest Physicians evidence-based clinical practice guidelines.",American College of Chest Physicians,"In patients suspected of having lung cancer, who have a central lesion, bronchoscopy is recommended to confirm the diagnosis. However, it is recommended that further testing be performed if bronchoscopy results are non-diagnostic and suspicion of lung cancer remains.",strong
8,"Establishing the diagnosis of lung cancer: diagnosis and management of lung cancer, 3rd ed: American College of Chest Physicians evidence-based clinical practice guidelines.",American College of Chest Physicians,"In patients suspected of having lung cancer, who have a peripheral lung nodule, and a tissue diagnosis is required due to uncertainty of diagnosis or poor surgical candidacy, radial EBUS is recommended as an adjunct imaging modality.",strong
9,"Establishing the diagnosis of lung cancer: diagnosis and management of lung cancer, 3rd ed: American College of Chest Physicians evidence-based clinical practice guidelines.",American College of Chest Physicians,"In patients with peripheral lung lesions difficult to reach with conventional bronchoscopy, electromagnetic navigation guidance is recommended if the equipment and the expertise are available.",strong
10,"Establishing the diagnosis of lung cancer: diagnosis and management of lung cancer, 3rd ed: American College of Chest Physicians evidence-based clinical practice guidelines.",American College of Chest Physicians,"In patients suspected of having lung cancer who have a peripheral lesion, and who require tissue diagnosis before further management can be planned, TTNA is diagnostic option. However, it is recommended that further testing be performed if TTNA results are non-diagnostic and suspicion of lung cancer remains.",strong
11,"Establishing the diagnosis of lung cancer: diagnosis and management of lung cancer, 3rd ed: American College of Chest Physicians evidence-based clinical practice guidelines.",American College of Chest Physicians,"In patients suspected of having lung cancer, the diagnosis of non-small cell lung cancer made on cytology (sputum, TTNA, bronchoscopic specimens, or pleural fluid) is reliable. However, it is recommended that adequate tissue be obtained to accurately define the histologic type and to perform molecular analysis when applicable.",strong
12,"Establishing the diagnosis of lung cancer: diagnosis and management of lung cancer, 3rd ed: American College of Chest Physicians evidence-based clinical practice guidelines.",American College of Chest Physicians,"The possibility of an erroneous diagnosis of SCLC on a cytology specimen must be kept in mind if the clinical presentation or clinical course is not consistent with that of SCLC. In such a case, it is recommended that further testing be performed to establish a definitive cell type.",strong
13,"Treatment of stage III non-small cell lung cancer: diagnosis and management of lung cancer, 3rd ed: American College of Chest Physicians evidence-based clinical practice guidelines.",American College of Chest Physicians,"In patients with infiltrative stage III (N2,3) non-small cell lung cancer (NSCLC) and performance status 0–1 being considered for curative-intent treatment, radiotherapy alone is not recommended.",strong
14,"Treatment of stage III non-small cell lung cancer: diagnosis and management of lung cancer, 3rd ed: American College of Chest Physicians evidence-based clinical practice guidelines.",American College of Chest Physicians,"In patients with infiltrative stage III (N2,3) NSCLC and performance status 0–1 being considered for curative-intent treatment, combination platinum-based chemotherapy and radiotherapy (60–66 Gy) are recommended.",strong
15,"Treatment of stage III non-small cell lung cancer: diagnosis and management of lung cancer, 3rd ed: American College of Chest Physicians evidence-based clinical practice guidelines.",American College of Chest Physicians,"In patients with infiltrative stage III (N2,3) NSCLC, performance status 0–1, and minimal weight loss being considered for curative-intent treatment, concurrent chemoradiotherapy is recommended over sequential chemoradiotherapy.",strong
16,"Treatment of stage III non-small cell lung cancer: diagnosis and management of lung cancer, 3rd ed: American College of Chest Physicians evidence-based clinical practice guidelines.",American College of Chest Physicians,"In patients with infiltrative stage III (N2,3) NSCLC with a complete response after treatment with concurrent chemoradiotherapy, it is suggested that prophylactic cranial irradiation (PCI) should not be given (outside of a clinical trial).",weak
17,"Treatment of stage III non-small cell lung cancer: diagnosis and management of lung cancer, 3rd ed: American College of Chest Physicians evidence-based clinical practice guidelines.",American College of Chest Physicians,"In patients with infiltrative stage III (N2,3) NSCLC and performance status 0–1 being considered for curative-intent treatment, treatment with neoadjuvant (induction) chemotherapy or chemoradiotherapy followed by surgery is not recommended.",strong
18,"Treatment of stage III non-small cell lung cancer: diagnosis and management of lung cancer, 3rd ed: American College of Chest Physicians evidence-based clinical practice guidelines.",American College of Chest Physicians,"In patients with infiltrative stage III (N2,3) NSCLC and performance status 2 or those with substantial weight loss (>10%), concurrent chemoradiotherapy is suggested but with careful consideration of the potential risks and benefits.",weak
19,"Treatment of stage III non-small cell lung cancer: diagnosis and management of lung cancer, 3rd ed: American College of Chest Physicians evidence-based clinical practice guidelines.",American College of Chest Physicians,"In patients with infiltrative stage III (N2,3) NSCLC, performance status 0–1, and minimal weight loss being considered for curative-intent treatment, a platinum-based doublet chemotherapy is suggested.",weak
20,"Treatment of stage III non-small cell lung cancer: diagnosis and management of lung cancer, 3rd ed: American College of Chest Physicians evidence-based clinical practice guidelines.",American College of Chest Physicians,"In patients with symptomatic infiltrative stage III (N2,3) NSCLC and either performance status 3–4, comorbidities, or disease too extensive to treat with curative intent, palliative radiotherapy is recommended. The fractionation pattern should be chosen based on the physician's judgment and patient's needs.",strong
21,"Treatment of stage III non-small cell lung cancer: diagnosis and management of lung cancer, 3rd ed: American College of Chest Physicians evidence-based clinical practice guidelines.",American College of Chest Physicians,"In patients with discrete N2 involvement by NSCLC identified preoperatively (IIIA), it is recommended that the treatment plan should be made with the input from a multidisciplinary team.",strong
22,"Treatment of stage III non-small cell lung cancer: diagnosis and management of lung cancer, 3rd ed: American College of Chest Physicians evidence-based clinical practice guidelines.",American College of Chest Physicians,"In patients with discrete N2 involvement by NSCLC identified preoperatively (IIIA), either definitive chemoradiation therapy or induction therapy followed by surgery is recommended over either surgery or radiation alone.",strong
23,"Treatment of stage III non-small cell lung cancer: diagnosis and management of lung cancer, 3rd ed: American College of Chest Physicians evidence-based clinical practice guidelines.",American College of Chest Physicians,"In patients with discrete N2 involvement by NSCLC identified preoperatively (IIIA), primary surgical resection followed by adjuvant therapy is not recommended (except as part of a clinical trial).",strong
24,"Treatment of stage III non-small cell lung cancer: diagnosis and management of lung cancer, 3rd ed: American College of Chest Physicians evidence-based clinical practice guidelines.",American College of Chest Physicians,"In patients with NSCLC undergoing surgical resection, systematic mediastinal lymph node sampling or complete mediastinal lymph node dissection (MLND) is recommended.",strong
25,"Treatment of stage III non-small cell lung cancer: diagnosis and management of lung cancer, 3rd ed: American College of Chest Physicians evidence-based clinical practice guidelines.",American College of Chest Physicians,"In patients with NSCLC who have incidental (occult) N2 disease (IIIA) found at surgical resection despite thorough preoperative staging and in whom complete resection of the lymph nodes and primary tumor is technically possible, completion of the planned lung resection and mediastinal lymphadenectomy is suggested.",weak
26,"Treatment of stage III non-small cell lung cancer: diagnosis and management of lung cancer, 3rd ed: American College of Chest Physicians evidence-based clinical practice guidelines.",American College of Chest Physicians,"In patients with resected NSCLC (R0) who were found to have incidental (occult) N2 disease (IIIA) despite thorough preoperative staging and who have good performance status, adjuvant platinum-based chemotherapy is recommended.",strong
27,"Treatment of stage III non-small cell lung cancer: diagnosis and management of lung cancer, 3rd ed: American College of Chest Physicians evidence-based clinical practice guidelines.",American College of Chest Physicians,"In patients with R0 resected NSCLC who were found to have incidental (occult) N2 disease (IIIA) despite thorough preoperative staging, sequential adjuvant radiotherapy is suggested when concern for a local recurrence is high.",weak
28,"Treatment of stage III non-small cell lung cancer: diagnosis and management of lung cancer, 3rd ed: American College of Chest Physicians evidence-based clinical practice guidelines.",American College of Chest Physicians,"In patients with NSCLC who were found to have incidental (occult) N2 disease (IIIA) despite thorough preoperative staging and were incompletely resected (R1,2), combined postoperative concurrent chemotherapy and radiotherapy is suggested.",weak
29,American Gastroenterological Association Institute guideline on pharmacological management of irritable bowel syndrome.,American Gastroenterological Association Institute,The American Gastroenterological Association (AGA) recommends using linaclotide (over no drug treatment) in patients with IBS-C.,strong
30,American Gastroenterological Association Institute guideline on pharmacological management of irritable bowel syndrome.,American Gastroenterological Association Institute,The AGA suggests using lubiprostone (over no drug treatment) in patients with IBS-C.,weak
31,American Gastroenterological Association Institute guideline on pharmacological management of irritable bowel syndrome.,American Gastroenterological Association Institute,The AGA suggests using laxatives (over no drug treatment) in patients with IBS-C.,weak
32,American Gastroenterological Association Institute guideline on pharmacological management of irritable bowel syndrome.,American Gastroenterological Association Institute,The AGA suggests using rifaximin (over no drug treatment) in patients with IBS-D.,weak
33,American Gastroenterological Association Institute guideline on pharmacological management of irritable bowel syndrome.,American Gastroenterological Association Institute,The AGA suggests using alosetron (over no drug treatment) in patients with IBS-D to improve global symptoms.,weak
34,American Gastroenterological Association Institute guideline on pharmacological management of irritable bowel syndrome.,American Gastroenterological Association Institute,The AGA suggests using loperamide (over no drug treatment) in patients with IBS-D.,weak
35,American Gastroenterological Association Institute guideline on pharmacological management of irritable bowel syndrome.,American Gastroenterological Association Institute,The AGA suggests using tricyclic antidepressants (over no drug treatment) in patients with IBS.,weak
36,American Gastroenterological Association Institute guideline on pharmacological management of irritable bowel syndrome.,American Gastroenterological Association Institute,The AGA suggests against using selective serotonin reuptake inhibitors for patients with IBS.,weak
37,American Gastroenterological Association Institute guideline on pharmacological management of irritable bowel syndrome.,American Gastroenterological Association Institute,The AGA suggests using antispasmodics (over no drug treatment) in patients with IBS.,weak
38,Diagnosis and treatment of degenerative lumbar spondylolisthesis.,North American Spine Society,"In the absence of evidence to address this question, it is the work group's opinion that obtaining an accurate history and physical examination is important for the diagnosis and treatment of patients with degenerative lumbar spondylolisthesis. Formulating appropriate clinical questions is essential to obtaining an accurate history that can be used in developing a treatment plan for patients.",consensus
39,Diagnosis and treatment of degenerative lumbar spondylolisthesis.,North American Spine Society,"The lateral radiograph is the most appropriate, noninvasive test for detecting degenerative lumbar spondylolisthesis.",moderate
40,Diagnosis and treatment of degenerative lumbar spondylolisthesis.,North American Spine Society,"In the absence of reliable evidence, it is the work group's opinion that the lateral radiograph should be obtained in the standing position whenever possible.",consensus
41,Diagnosis and treatment of degenerative lumbar spondylolisthesis.,North American Spine Society,"The most appropriate, noninvasive test for imaging the stenosis accompanying degenerative lumbar spondylolisthesis is magnetic resonance imaging (MRI).",consensus
42,Diagnosis and treatment of degenerative lumbar spondylolisthesis.,North American Spine Society,"Facet joint effusion greater than 1.5 mm on supine MRI may be suggestive of the presence of degenerative lumbar spondylolisthesis. Further evaluation for the presence of degenerative lumbar spondylolisthesis should be considered, including using plain standing radiographs.",moderate
45,Diagnosis and treatment of degenerative lumbar spondylolisthesis.,North American Spine Society,Plain myelography or computed tomography (CT) myelography is useful studies to assess spinal stenosis in patients with degenerative lumbar spondylolisthesis especially in those who have contraindications to MRI.,moderate
46,Diagnosis and treatment of degenerative lumbar spondylolisthesis.,North American Spine Society,"In patients with degenerative lumbar spondylolisthesis with associated spinal stenosis for whom MRI is either contraindicated or inconclusive, CT myelography is suggested as the most appropriate test to confirm the presence of anatomic narrowing of the spinal canal or the presence of nerve root impingement.",consensus
47,Diagnosis and treatment of degenerative lumbar spondylolisthesis.,North American Spine Society,"In patients with degenerative spondylolisthesis with associated spinal stenosis for whom MRI and CT myelography are contraindicated, inconclusive or inappropriate, CT is suggested as the most appropriate test to confirm the presence of anatomic narrowing of the spinal canal or the presence of nerve room impingement.",consensus
52,Diagnosis and treatment of degenerative lumbar spondylolisthesis.,North American Spine Society,"Medical/interventional treatment for degenerative lumbar spondylolisthesis, when the radicular symptoms of stenosis predominate, most logically should be similar to treatment for symptomatic degenerative lumbar spinal stenosis.",consensus
53,Diagnosis and treatment of degenerative lumbar spondylolisthesis.,North American Spine Society,Direct surgical decompression may be considered for the treatment of patients with symptomatic spinal stenosis associated with low grade degenerative lumbar spondylolisthesis whose symptoms have been recalcitrant to a trial of medical/interventional treatment.,weak
55,Diagnosis and treatment of degenerative lumbar spondylolisthesis.,North American Spine Society,Surgical decompression with fusion is suggested for the treatment of patients with symptomatic spinal stenosis and degenerative lumbar spondylolisthesis to improve clinical outcomes compared with decompression alone.,moderate
56,Diagnosis and treatment of degenerative lumbar spondylolisthesis.,North American Spine Society,"For symptomatic single-level degenerative spondylolisthesis that is low-grade (<20%) and without lateral foraminal stenosis, decompression alone with preservation of midline structures provide equivalent outcomes when compared to surgical decompression with fusion.",moderate
57,Diagnosis and treatment of degenerative lumbar spondylolisthesis.,North American Spine Society,"Surgical decompression with fusion, with or without instrumentation, is suggested to improve the functional outcomes of single-level degenerative lumbar spondylolisthesis compared to medical/interventional treatment alone.",moderate
59,Diagnosis and treatment of degenerative lumbar spondylolisthesis.,North American Spine Society,The addition of instrumentation is suggested to improve fusion rates in patients with symptomatic spinal stenosis and degenerative lumbar spondylolisthesis.,moderate
60,Diagnosis and treatment of degenerative lumbar spondylolisthesis.,North American Spine Society,The addition of instrumentation is not suggested to improve clinical outcomes for the treatment of patients with symptomatic spinal stenosis and degenerative lumbar spondylolisthesis.,moderate
66,Diagnosis and treatment of degenerative lumbar spondylolisthesis.,North American Spine Society,Decompression and fusion may be considered as a means to provide satisfactory long-term results for the treatment of patients with symptomatic spinal stenosis and degenerative lumbar spondylolisthesis.,weak
72,Cervical spine collar clearance in the obtunded adult blunt trauma patient: a systematic review and practice management guideline from the Eastern Association for the Surgery of Trauma.,Eastern Association for the Surgery of Trauma,,weak
73,"Treatment of stage I and II non-small cell lung cancer: diagnosis and management of lung cancer, 3rd ed: American College of Chest Physicians evidence-based clinical practice guidelines.",American College of Chest Physicians,"For patients with clinical stage I and II NSCLC and no medical contraindications to operative intervention, surgical resection is recommended.",strong
74,"Treatment of stage I and II non-small cell lung cancer: diagnosis and management of lung cancer, 3rd ed: American College of Chest Physicians evidence-based clinical practice guidelines.",American College of Chest Physicians,"For patients with clinical stage I and II NSCLC, it is suggested that they be evaluated by a thoracic surgical oncologist or a multidisciplinary team even if the patients are considered for nonsurgical therapies such as percutaneous ablation or stereotactic body radiation therapy.",weak
75,"Treatment of stage I and II non-small cell lung cancer: diagnosis and management of lung cancer, 3rd ed: American College of Chest Physicians evidence-based clinical practice guidelines.",American College of Chest Physicians,"For patients with clinical stage I or II NSCLC and who are medically fit, it is recommended that they be treated by a board certified thoracic surgeon with a focus on lung cancer.",strong
76,"Treatment of stage I and II non-small cell lung cancer: diagnosis and management of lung cancer, 3rd ed: American College of Chest Physicians evidence-based clinical practice guidelines.",American College of Chest Physicians,"For patients with clinical stage I NSCLC, a minimally invasive approach such as video-assisted thoracic surgery (VATS) (thoracoscopy) is preferred over a thoracotomy for anatomic pulmonary resection and is suggested in experienced centers.",weak
77,"Treatment of stage I and II non-small cell lung cancer: diagnosis and management of lung cancer, 3rd ed: American College of Chest Physicians evidence-based clinical practice guidelines.",American College of Chest Physicians,"For patients with clinical stage I and II NSCLC, systematic mediastinal lymph node sampling or dissection at the time of anatomic resection is recommended for accurate pathologic staging.",strong
78,"Treatment of stage I and II non-small cell lung cancer: diagnosis and management of lung cancer, 3rd ed: American College of Chest Physicians evidence-based clinical practice guidelines.",American College of Chest Physicians,"For patients with clinical stage I NSCLC undergoing anatomic resection who have undergone systematic hilar and mediastinal lymph node staging showing intraoperative N0 status, the addition of a mediastinal lymph node dissection does not provide a survival benefit and is not suggested.",weak
79,"Treatment of stage I and II non-small cell lung cancer: diagnosis and management of lung cancer, 3rd ed: American College of Chest Physicians evidence-based clinical practice guidelines.",American College of Chest Physicians,"For patients with clinical stage II NSCLC undergoing anatomic resection, mediastinal lymph node dissection may provide additional survival benefit over mediastinal lymph node sampling and is suggested.",weak
80,"Treatment of stage I and II non-small cell lung cancer: diagnosis and management of lung cancer, 3rd ed: American College of Chest Physicians evidence-based clinical practice guidelines.",American College of Chest Physicians,"For patients with clinical stage I or II central NSCLC in whom a complete resection can be achieved, a sleeve or bronchoplastic resection is suggested over a pneumonectomy.",weak
81,"Treatment of stage I and II non-small cell lung cancer: diagnosis and management of lung cancer, 3rd ed: American College of Chest Physicians evidence-based clinical practice guidelines.",American College of Chest Physicians,"For patients with clinical stage I and II NSCLC who are medically fit for surgical resection, a lobectomy rather than sublobar resection is recommended.",strong
82,"Treatment of stage I and II non-small cell lung cancer: diagnosis and management of lung cancer, 3rd ed: American College of Chest Physicians evidence-based clinical practice guidelines.",American College of Chest Physicians,"For patients with clinical stage I NSCLC who may tolerate operative intervention but not a lobar resection due to decreased pulmonary function or comorbid disease, sublobar resection is recommended over nonsurgical therapy.",strong
83,"Treatment of stage I and II non-small cell lung cancer: diagnosis and management of lung cancer, 3rd ed: American College of Chest Physicians evidence-based clinical practice guidelines.",American College of Chest Physicians,"During sublobar resection of solid tumors in compromised patients, it is recommended that margins greater than the maximal tumor diameter for lesions less than 2 cm should be achieved; for tumors larger than 2 cm at least 2 cm gross margins should be sought to minimize the likelihood of a positive margin and/or local recurrence",strong
84,"Treatment of stage I and II non-small cell lung cancer: diagnosis and management of lung cancer, 3rd ed: American College of Chest Physicians evidence-based clinical practice guidelines.",American College of Chest Physicians,"In patients with major increased risk of perioperative mortality or competing causes of death (due to age related or other co-morbidities), an anatomic sublobar resection (segmentectomy) over a lobectomy is suggested.",weak
85,"Treatment of stage I and II non-small cell lung cancer: diagnosis and management of lung cancer, 3rd ed: American College of Chest Physicians evidence-based clinical practice guidelines.",American College of Chest Physicians,"For patients with a clinical stage I predominantly GGO lesion ≤2 cm, a sublobar resection with negative margins is suggested over lobectomy.",weak
86,"Treatment of stage I and II non-small cell lung cancer: diagnosis and management of lung cancer, 3rd ed: American College of Chest Physicians evidence-based clinical practice guidelines.",American College of Chest Physicians,"For patients with clinical stage I NSCLC who cannot tolerate a lobectomy or segmentectomy, stereotactic body radiation therapy (SBRT) and surgical wedge resection are suggested over no therapy.",weak
87,"Treatment of stage I and II non-small cell lung cancer: diagnosis and management of lung cancer, 3rd ed: American College of Chest Physicians evidence-based clinical practice guidelines.",American College of Chest Physicians,"For patients with completely resected pathologic stage IA, B NSCLC, it is recommended that postoperative chemotherapy not be used (outside of a clinical trial).",strong
88,"Treatment of stage I and II non-small cell lung cancer: diagnosis and management of lung cancer, 3rd ed: American College of Chest Physicians evidence-based clinical practice guidelines.",American College of Chest Physicians,"For patients with completely resected pathologic stage II (N1) NSCLC and good performance status, postoperative platinum-based chemotherapy is recommended.",strong
89,"Treatment of stage I and II non-small cell lung cancer: diagnosis and management of lung cancer, 3rd ed: American College of Chest Physicians evidence-based clinical practice guidelines.",American College of Chest Physicians,"For patients with completely resected pathologic stage I NSCLC, it is recommended that postoperative radiation therapy should not be used.",strong
90,"Treatment of stage I and II non-small cell lung cancer: diagnosis and management of lung cancer, 3rd ed: American College of Chest Physicians evidence-based clinical practice guidelines.",American College of Chest Physicians,"For patients with completely resected pathologic stage II NSCLC, it is suggested that postoperative radiation therapy should not be used.",strong
91,"Treatment of stage I and II non-small cell lung cancer: diagnosis and management of lung cancer, 3rd ed: American College of Chest Physicians evidence-based clinical practice guidelines.",American College of Chest Physicians,"For patients with stage I and II NSCLC and a positive bronchial margin (R1 resection), postoperative radiation therapy is suggested.",weak
92,"Clinical and organizational factors in the initial evaluation of patients with lung cancer: diagnosis and management of lung cancer, 3rd ed: American College of Chest Physicians evidence-based clinical practice guidelines.",American College of Chest Physicians,"For patients with known or suspected lung cancer, the authors suggest that the delivery of care be timely and efficient.",weak
93,"Clinical and organizational factors in the initial evaluation of patients with lung cancer: diagnosis and management of lung cancer, 3rd ed: American College of Chest Physicians evidence-based clinical practice guidelines.",American College of Chest Physicians,"For patients with lung cancer who require multimodality therapy, the authors suggest using a multidisciplinary team approach.",weak
94,"Diagnostic surgical pathology in lung cancer: diagnosis and management of lung cancer, 3rd ed: American College of Chest Physicians evidence-based clinical practice guidelines.",American College of Chest Physicians,"When pathologically diagnosing patients with lung cancer, the synoptic reporting of histologic type, tumor size and location, tumor grade (if appropriate), lymphovascular invasion, pleural involvement, surgical margins, and status and location of lymph nodes is recommended.",strong
95,"Diagnostic surgical pathology in lung cancer: diagnosis and management of lung cancer, 3rd ed: American College of Chest Physicians evidence-based clinical practice guidelines.",American College of Chest Physicians,"In individuals with pleural-based tumors, a designated limited panel of histochemical and immunohistochemical assays or ultrastructural analysis is recommended to distinguish between pleural adenocarcinoma and malignant mesothelioma in order to increase diagnostic accuracy.",strong
96,"Diagnostic surgical pathology in lung cancer: diagnosis and management of lung cancer, 3rd ed: American College of Chest Physicians evidence-based clinical practice guidelines.",American College of Chest Physicians,"In individuals with parenchymal-based tumors, distinguishing between small cell carcinoma and non-small cell carcinoma of the lung is recommended. For challenging cases, a diagnostic panel of immunohistochemical assays or ultrastructural analysis is recommended to increase the diagnostic accuracy.",strong
97,"Diagnostic surgical pathology in lung cancer: diagnosis and management of lung cancer, 3rd ed: American College of Chest Physicians evidence-based clinical practice guidelines.",American College of Chest Physicians,"For individuals with glandular producing tumors, distinguishing AIS and MIAs from invasive adenocarcinomas is recommended.",strong
98,"Diagnostic surgical pathology in lung cancer: diagnosis and management of lung cancer, 3rd ed: American College of Chest Physicians evidence-based clinical practice guidelines.",American College of Chest Physicians,"In individuals with pathologically diagnosed non-small cell lung cancer (NSCLC), additional discrimination between adenocarcinoma and squamous cell carcinoma, even on cytologic material or small tissue samples, is recommended.",strong
99,"Diagnostic surgical pathology in lung cancer: diagnosis and management of lung cancer, 3rd ed: American College of Chest Physicians evidence-based clinical practice guidelines.",American College of Chest Physicians,"For individuals with lung tumors whose differential includes primary lung carcinoma vs metastatic carcinoma, a directed panel of immunohistochemical assays is recommended to increase the diagnostic accuracy.",strong
100,"Screening for lung cancer: diagnosis and management of lung cancer, 3rd ed: American College of Chest Physicians evidence-based clinical practice guidelines.",American College of Chest Physicians,"In patients at risk for developing lung cancer, screening for lung cancer with CXR once or at regular intervals is not recommended.",strong
101,"Screening for lung cancer: diagnosis and management of lung cancer, 3rd ed: American College of Chest Physicians evidence-based clinical practice guidelines.",American College of Chest Physicians,"In patients at risk for developing lung cancer, screening for lung cancer with sputum cytology at regular intervals is not suggested.",weak
102,"Screening for lung cancer: diagnosis and management of lung cancer, 3rd ed: American College of Chest Physicians evidence-based clinical practice guidelines.",American College of Chest Physicians,"For smokers and former smokers who are age 55–74 and who have smoked for 30 pack-years or more and either continue to smoke or have quit within the past 15 years, the authors suggest that annual screening with LDCT should be offered over both annual screening with CXR or no screening, but only in settings that can deliver the comprehensive care provided to National Lung Screening Trial (NLST) participants.",weak
103,"Screening for lung cancer: diagnosis and management of lung cancer, 3rd ed: American College of Chest Physicians evidence-based clinical practice guidelines.",American College of Chest Physicians,"For individuals who have accumulated fewer than 30 pack-years of smoking or are either younger than age 55 or older than 74, or individuals who quit smoking more than 15 years ago, and for individuals with severe comorbidities that would preclude potentially curative treatment and/or limit life expectancy, the authors suggest that computed tomography (CT) screening should not be performed.",weak
104,"An official American Thoracic Society clinical practice guideline: diagnosis, risk stratification, and management of pulmonary hypertension of sickle cell disease.",American Thoracic Society,"Recommendation : For patients with SCD who have an increased risk for mortality, the Committee recommends hydroxyurea therapy.",strong
105,"An official American Thoracic Society clinical practice guideline: diagnosis, risk stratification, and management of pulmonary hypertension of sickle cell disease.",American Thoracic Society,"Recommendation : For patients with SCD who have an increased risk for mortality and who are either not responsive to hydroxyurea or are not candidates for hydroxyurea, the Committee suggests chronic transfusion therapy.",weak
106,"An official American Thoracic Society clinical practice guideline: diagnosis, risk stratification, and management of pulmonary hypertension of sickle cell disease.",American Thoracic Society,"Recommendation : For patients with SCD who have RHC-confirmed PH, venous thromboembolism, and no additional risk factors for bleeding, the Committee suggests indefinite anticoagulant therapy rather than a limited duration of therapy.",weak
107,"An official American Thoracic Society clinical practice guideline: diagnosis, risk stratification, and management of pulmonary hypertension of sickle cell disease.",American Thoracic Society,"Recommendation : For all patients with SCD who have elevated TRV alone, or elevated NT-pro-BNP alone, and for most patients with SCD who have RHC-confirmed PH, the Committee recommends against targeted PAH therapy.",strong
108,"An official American Thoracic Society clinical practice guideline: diagnosis, risk stratification, and management of pulmonary hypertension of sickle cell disease.",American Thoracic Society,"Recommendation : For select patients with SCD who have an RHC-confirmed marked elevation of their pulmonary vascular resistance, normal pulmonary artery wedge pressure, and related symptoms, the Committee suggests a trial with either a prostacyclin agonist or an endothelin receptor antagonist.",weak
109,"An official American Thoracic Society clinical practice guideline: diagnosis, risk stratification, and management of pulmonary hypertension of sickle cell disease.",American Thoracic Society,"Recommendation : For patients with SCD who have an RHC-confirmed marked elevation of their pulmonary vascular resistance, a normal pulmonary artery wedge pressure, and related symptoms, the Committee recommends against phosphodiesterase-5 inhibitor therapy as a first-line treatment.",strong
110,Guidelines for the prevention of stroke in women: a statement for healthcare professionals from the American Heart Association/American Stroke Association.,American Heart Association; American Stroke Association,,strong
111,Guidelines for the prevention of stroke in women: a statement for healthcare professionals from the American Heart Association/American Stroke Association.,American Heart Association; American Stroke Association,,moderate
112,Guidelines for the prevention of stroke in women: a statement for healthcare professionals from the American Heart Association/American Stroke Association.,American Heart Association; American Stroke Association,,moderate
113,Guidelines for the prevention of stroke in women: a statement for healthcare professionals from the American Heart Association/American Stroke Association.,American Heart Association; American Stroke Association,,weak
114,Acromegaly: an Endocrine Society clinical practice guideline.,The Endocrine Society,"The Task Force recommends measurement of insulin-like growth factor 1 (IGF-1) levels in patients with typical clinical manifestations of acromegaly, especially those with acral and facial features.",strong
115,Acromegaly: an Endocrine Society clinical practice guideline.,The Endocrine Society,"The Task Force suggests the measurement of IGF-1 in patients without the typical manifestations of acromegaly, but who have several of these associated conditions: sleep apnea syndrome, type 2 diabetes mellitus, debilitating arthritis, carpal tunnel syndrome, hyperhidrosis, and hypertension.",weak
116,Acromegaly: an Endocrine Society clinical practice guideline.,The Endocrine Society,The Task Force recommends measuring serum IGF-1 to rule out acromegaly in a patient with a pituitary mass.,strong
117,Acromegaly: an Endocrine Society clinical practice guideline.,The Endocrine Society,The Task Force recommends against relying on the use of random growth hormone (GH) levels to diagnose acromegaly.,strong
118,Acromegaly: an Endocrine Society clinical practice guideline.,The Endocrine Society,"In patients with elevated or equivocal serum IGF-1 levels, the Task Force recommends confirmation of the diagnosis by finding lack of suppression of GH to <1 µg/L following documented hyperglycemia during an oral glucose load.",strong
119,Acromegaly: an Endocrine Society clinical practice guideline.,The Endocrine Society,The Task Force suggests performing formal visual field testing when the tumor is found to abut the optic chiasm on an imaging study.,weak
120,Acromegaly: an Endocrine Society clinical practice guideline.,The Endocrine Society,"The Task Force suggests evaluating all patients presenting with acromegaly for associated comorbidities, including hypertension, diabetes mellitus, cardiovascular disease, osteoarthritis, and sleep apnea.",weak
121,Acromegaly: an Endocrine Society clinical practice guideline.,The Endocrine Society,The Task Force suggests screening for colon neoplasia with colonoscopy at diagnosis.,weak
122,Acromegaly: an Endocrine Society clinical practice guideline.,The Endocrine Society,The Task Force suggests a thyroid ultrasound if there is palpable thyroid nodularity.,weak
123,Acromegaly: an Endocrine Society clinical practice guideline.,The Endocrine Society,The Task Force recommends assessing for hypopituitarism and replacing hormone deficits.,strong
124,Acromegaly: an Endocrine Society clinical practice guideline.,The Endocrine Society,"The Task Force suggests a biochemical target goal of an age-normalized serum IGF-1 value, which signifies control of acromegaly.",weak
125,Acromegaly: an Endocrine Society clinical practice guideline.,The Endocrine Society,"The Task Force suggests using a random GH <1.0 µg/L as a therapeutic goal, as this correlates with control of acromegaly.",weak
126,Acromegaly: an Endocrine Society clinical practice guideline.,The Endocrine Society,The Task Force suggests maintaining the same GH and IGF-1 assay in the same patient throughout management.,weak
127,Acromegaly: an Endocrine Society clinical practice guideline.,The Endocrine Society,The Task Force recommends transsphenoidal surgery as the primary therapy in most patients.,strong
128,Acromegaly: an Endocrine Society clinical practice guideline.,The Endocrine Society,The Task Force suggests that repeat surgery be considered in a patient with residual intrasellar disease following initial surgery.,weak
129,Acromegaly: an Endocrine Society clinical practice guideline.,The Endocrine Society,The Task Force suggests against the routine use of preoperative medical therapy to improve biochemical control after surgery.,weak
130,Acromegaly: an Endocrine Society clinical practice guideline.,The Endocrine Society,"For patients with severe pharyngeal thickness and sleep apnea, or high-output heart failure, the Task Force suggests medical therapy with somatostatin receptor ligands (SRLs) preoperatively to reduce surgical risk from severe comorbidities.",weak
131,Acromegaly: an Endocrine Society clinical practice guideline.,The Endocrine Society,"In a patient with parasellar disease making total surgical resection unlikely, the Task Force suggests surgical debulking to improve subsequent response to medical therapy.",weak
132,Acromegaly: an Endocrine Society clinical practice guideline.,The Endocrine Society,The Task Force recommends performing an imaging study at least 12 weeks after surgery to visualize residual tumor and adjacent structures (1|+++O). The Task Force suggests MRI as the imaging modality of choice followed by CT scan when MRI is contraindicated or unavailable.,weak
133,Acromegaly: an Endocrine Society clinical practice guideline.,The Endocrine Society,The Task Force recommends medical therapy in a patient with persistent disease following surgery.,strong
134,Acromegaly: an Endocrine Society clinical practice guideline.,The Endocrine Society,"In a patient with significant disease (i.e., with moderate-to-severe signs and symptoms of GH excess and without local mass effects), the Task Force suggests use of either a SRL or pegvisomant as the initial adjuvant medical therapy.",weak
135,Acromegaly: an Endocrine Society clinical practice guideline.,The Endocrine Society,"In a patient with only modest elevations of serum IGF-1 and mild signs and symptoms of GH excess, the Task Force suggests a trial of a dopamine agonist, usually cabergoline, as the initial adjuvant medical therapy.",weak
136,Acromegaly: an Endocrine Society clinical practice guideline.,The Endocrine Society,The Task Force suggests serial imaging with MRI scan to evaluate tumor size in a patient receiving pegvisomant.,weak
137,Acromegaly: an Endocrine Society clinical practice guideline.,The Endocrine Society,"The Task Force suggests monitoring liver function tests monthly for the first 6 months and then every 6 months in a patient receiving pegvisomant, with consideration of discontinuation of pegvisomant if the transaminases are greater than 3-fold elevated.",weak
138,Acromegaly: an Endocrine Society clinical practice guideline.,The Endocrine Society,The Task Force suggests addition of pegvisomant or cabergoline in a patient with inadequate response to an SRL.,weak
139,Acromegaly: an Endocrine Society clinical practice guideline.,The Endocrine Society,"The Task Force suggests use of an SRL as primary therapy in a patient who cannot be cured by surgery, has extensive cavernous sinus invasion, does not have chiasmal compression, or is a poor surgical candidate.",weak
140,Acromegaly: an Endocrine Society clinical practice guideline.,The Endocrine Society,"The Task Force suggests use of RT in the setting of residual tumor mass following surgery, and if medical therapy is unavailable, unsuccessful, or not tolerated.",weak
141,Acromegaly: an Endocrine Society clinical practice guideline.,The Endocrine Society,"The Task Force suggests use of SRT over conventional RT in patients with acromegaly, unless the technique is not available, there is significant residual tumor burden, or the tumor is too close to the optic chiasm resulting in an exposure of more than 8 Gy.",weak
142,Acromegaly: an Endocrine Society clinical practice guideline.,The Endocrine Society,"To monitor the efficacy of RT, the Task Force recommends annual GH/IGF-1 reassessment following medication withdrawal.",strong
143,Acromegaly: an Endocrine Society clinical practice guideline.,The Endocrine Society,The Task Force recommends annual hormonal testing of patients following RT for hypopituitarism and other delayed radiation effects.,strong
144,Acromegaly: an Endocrine Society clinical practice guideline.,The Endocrine Society,"In patients with the rare presentation of gigantism, the Task Force recommends the standard approaches to normalizing GH and IGF-1 hypersecretion as described elsewhere in this guideline.",strong
145,Acromegaly: an Endocrine Society clinical practice guideline.,The Endocrine Society,"The Task Force suggests discontinuing long-acting SRL formulations and pegvisomant approximately 2 months before attempts to conceive, with use of short-acting octreotide as necessary until conception.",weak
146,Acromegaly: an Endocrine Society clinical practice guideline.,The Endocrine Society,"During pregnancy, the Task Force recommends that acromegaly medical therapy be withheld and administered only for tumor and headache control.",strong
147,Acromegaly: an Endocrine Society clinical practice guideline.,The Endocrine Society,"During pregnancy, the Task Force suggests serial visual field testing in patients with macroadenomas.",weak
148,Acromegaly: an Endocrine Society clinical practice guideline.,The Endocrine Society,The Task Force suggests against monitoring GH and/or IGF-1 levels during pregnancy.,weak
149,Evaluation and management of blunt traumatic aortic injury: a practice management guideline from the Eastern Association for the Surgery of Trauma.,Eastern Association for the Surgery of Trauma,"In patients with suspected BTAI, the guideline committee strongly recommends the use of CT scan of the chest with intravenous contrast for diagnosis of clinically significant BTAI.",strong
150,Evaluation and management of blunt traumatic aortic injury: a practice management guideline from the Eastern Association for the Surgery of Trauma.,Eastern Association for the Surgery of Trauma,"In patients diagnosed with BTAI, the guideline committee strongly recommends the use of endovascular repair in patients who do not have contraindications to endovascular repair.",strong
151,Evaluation and management of blunt traumatic aortic injury: a practice management guideline from the Eastern Association for the Surgery of Trauma.,Eastern Association for the Surgery of Trauma,"In patients diagnosed with BTAI, the guideline committee suggests delayed repair. It is critical that effective blood pressure control with antihypertensive medication is used in these patients.",weak
152,Guideline on the use of devices for adult male circumcision for HIV prevention.,World Health Organization,"The World Health Organization (WHO) prequalified male circumcision devices are efficacious, safe and acceptable as additional methods of male circumcision for human immunodeficiency virus (HIV) prevention among healthy men 18 years and older in high HIV prevalence, resource-limited settings.",weak
153,British HIV Association guidelines for HIV-associated malignancies 2014.,British HIV Association,,strong
154,British HIV Association guidelines for HIV-associated malignancies 2014.,British HIV Association,,weak
155,British HIV Association guidelines for HIV-associated malignancies 2014.,British HIV Association,,strong
156,British HIV Association guidelines for HIV-associated malignancies 2014.,British HIV Association,,weak
157,British HIV Association guidelines for HIV-associated malignancies 2014.,British HIV Association,,weak
158,British HIV Association guidelines for HIV-associated malignancies 2014.,British HIV Association,,consensus
159,British HIV Association guidelines for HIV-associated malignancies 2014.,British HIV Association,,weak
160,British HIV Association guidelines for HIV-associated malignancies 2014.,British HIV Association,,weak
161,British HIV Association guidelines for HIV-associated malignancies 2014.,British HIV Association,,strong
162,British HIV Association guidelines for HIV-associated malignancies 2014.,British HIV Association,,weak
163,British HIV Association guidelines for HIV-associated malignancies 2014.,British HIV Association,,strong
164,British HIV Association guidelines for HIV-associated malignancies 2014.,British HIV Association,,consensus
165,British HIV Association guidelines for HIV-associated malignancies 2014.,British HIV Association,,strong
166,Best evidence statement (BESt). Venous thromboembolism (VTE) prophylaxis in children and adolescents.,Cincinnati Children's Hospital Medical Center,"It is recommended that patients age 10 to 17 years who are expected to have a surgical procedure lasting at least 60 minutes be started at induction of anesthesia on a sequential compression device (SCD), for prophylaxis of venous thromboembolism (VTE), unless there are contraindications to mechanical prophylaxis (Schwenk et al., 1998 [2b]; Local Consensus, 2014 [5]; Coleridge-Smith, Hasty, & Scurr, 1990 [5]; Branchford et al., ""Clinical,"" 2012 [5b]). See Table 1 in the original guideline document.",strong
167,Best evidence statement (BESt). Venous thromboembolism (VTE) prophylaxis in children and adolescents.,Cincinnati Children's Hospital Medical Center,"It is recommended that all patients age 10 to 17 years be assessed for VTE risk factors (see Table 2 in the original guideline document) and, based on that assessment, assigned to a risk category (low, moderate or high) (see Table 3 in the original guideline document): At the time of inpatient admission, and Reassessed at 48 to 72 hours of hospitalization (Branchford et al., ""Risk,"" 2012 [4a]; Sharathkumar et al., 2012 [4a]; Local Consensus, 2014 [5]). See the Algorithm in the original guideline document.",strong
168,Best evidence statement (BESt). Venous thromboembolism (VTE) prophylaxis in children and adolescents.,Cincinnati Children's Hospital Medical Center,"It is recommended that VTE prophylaxis be administered based on risk category (see Table 4 in the original guideline document), as soon as feasible but within 24 hours of assessment, unless there are contraindications (see Table 1 and Table 5 in the original guideline document). See the Algorithm in the original guideline document. Note : Examples of risk factor mitigation strategies are: discontinuing peripherally-inserted central catheter (PICC) lines as soon as possible, treating infections, and avoiding estrogen therapy.",strong
169,Best evidence statement (BESt). Venous thromboembolism (VTE) prophylaxis in children and adolescents.,Cincinnati Children's Hospital Medical Center,"It is recommended, if planning to initiate pharmacologic prophylaxis: In surgical patients seek surgical input regarding bleeding risk, prior to initiation. Obtain hematology consultation when considering alternative pharmacologic agents (Alhazzani et al., 2013 [1a]; Barrera et al., 2013 [1a]; Handoll et al., 2002 [1a]; Bidlingmaier et al., 2011 [1b]; Kakkos et al., 2011 [1b]; Stem et al., 2013 [3b]; Local Consensus, 2014 [5]).",strong
170,"Evaluation of individuals with pulmonary nodules: when is it lung cancer? Diagnosis and management of lung cancer, 3rd ed: American College of Chest Physicians evidence-based clinical practice guidelines.",American College of Chest Physicians,"In the individual with an indeterminate nodule that is visible on chest radiography and/or chest computed tomography (CT), the panel recommends that prior imaging tests should be reviewed.",strong
171,"Evaluation of individuals with pulmonary nodules: when is it lung cancer? Diagnosis and management of lung cancer, 3rd ed: American College of Chest Physicians evidence-based clinical practice guidelines.",American College of Chest Physicians,"In the individual with a solid, indeterminate nodule that has been stable for at least 2 years, the panel suggests that no additional diagnostic evaluation need be performed.",weak
172,"Evaluation of individuals with pulmonary nodules: when is it lung cancer? Diagnosis and management of lung cancer, 3rd ed: American College of Chest Physicians evidence-based clinical practice guidelines.",American College of Chest Physicians,"In the individual with an indeterminate nodule that is identified by chest radiography, the panel recommends that CT of the chest should be performed (preferably with thin sections through the nodule) to help characterize the nodule.",strong
173,"Evaluation of individuals with pulmonary nodules: when is it lung cancer? Diagnosis and management of lung cancer, 3rd ed: American College of Chest Physicians evidence-based clinical practice guidelines.",American College of Chest Physicians,"In the individual with a solid, indeterminate nodule that measures >8 mm in diameter, the panel suggests that clinicians estimate the pretest probability of malignancy either qualitatively by using their clinical judgment and/or quantitatively by using a validated model.",weak
174,"Evaluation of individuals with pulmonary nodules: when is it lung cancer? Diagnosis and management of lung cancer, 3rd ed: American College of Chest Physicians evidence-based clinical practice guidelines.",American College of Chest Physicians,"In the individual with a solid, indeterminate nodule that measures >8 mm in diameter and low to moderate pretest probability of malignancy (5%–65%), the panel suggests that functional imaging, preferably with positron emission tomography (PET), should be performed to characterize the nodule.",weak
175,"Evaluation of individuals with pulmonary nodules: when is it lung cancer? Diagnosis and management of lung cancer, 3rd ed: American College of Chest Physicians evidence-based clinical practice guidelines.",American College of Chest Physicians,"In the individual with a solid, indeterminate nodule that measures >8 mm in diameter and a high pretest probability of malignancy (>65%), the panel suggests that functional imaging should not be performed to characterize the nodule.",weak
176,"Evaluation of individuals with pulmonary nodules: when is it lung cancer? Diagnosis and management of lung cancer, 3rd ed: American College of Chest Physicians evidence-based clinical practice guidelines.",American College of Chest Physicians,"In the individual with a solid, indeterminate nodule that measures >8 mm in diameter, the panel recommends that clinicians discuss the risks and benefits of alternative management strategies and elicit patient preferences for management.",strong
177,"Evaluation of individuals with pulmonary nodules: when is it lung cancer? Diagnosis and management of lung cancer, 3rd ed: American College of Chest Physicians evidence-based clinical practice guidelines.",American College of Chest Physicians,"In the individual with a solid, indeterminate nodule that measures >8 mm in diameter, the panel suggests surveillance with serial CT scans in the following circumstances: When the clinical probability of malignancy is very low (<5%) When clinical probability is low (<30%–40%) and the results of a functional imaging test are negative (i.e., the lesion is not hypermetabolic by PET or does not enhance >15 HUs on dynamic contrast CT), resulting in a very-low posttest probability of malignancy When needle biopsy is nondiagnostic and the lesion is not hypermetabolic by PET When a fully informed patient prefers this nonaggressive management approach",weak
178,"Evaluation of individuals with pulmonary nodules: when is it lung cancer? Diagnosis and management of lung cancer, 3rd ed: American College of Chest Physicians evidence-based clinical practice guidelines.",American College of Chest Physicians,"In the individual with a solid, indeterminate nodule that measures >8 mm in diameter who undergoes surveillance, the panel suggests that serial CT scans should be performed at 3–6, 9–12, and 18–24 months, using thin sections and noncontrast, low-dose techniques.",weak
179,"Evaluation of individuals with pulmonary nodules: when is it lung cancer? Diagnosis and management of lung cancer, 3rd ed: American College of Chest Physicians evidence-based clinical practice guidelines.",American College of Chest Physicians,"In the individual with a solid, indeterminate nodule that shows clear evidence of malignant growth on serial imaging, the panel recommends nonsurgical biopsy and/or surgical resection unless specifically contraindicated.",strong
180,"Evaluation of individuals with pulmonary nodules: when is it lung cancer? Diagnosis and management of lung cancer, 3rd ed: American College of Chest Physicians evidence-based clinical practice guidelines.",American College of Chest Physicians,"In the individual with a solid, indeterminate nodule that measures >8 mm in diameter, the panel suggests nonsurgical biopsy in the following circumstances: When clinical pretest probability and findings on imaging tests are discordant When the probability of malignancy is low to moderate (~10%–60%) When a benign diagnosis requiring specific medical treatment is suspected When a fully informed patient desires proof of a malignant diagnosis prior to surgery, especially when the risk of surgical complications is high",weak
181,"Evaluation of individuals with pulmonary nodules: when is it lung cancer? Diagnosis and management of lung cancer, 3rd ed: American College of Chest Physicians evidence-based clinical practice guidelines.",American College of Chest Physicians,"In the individual with a solid, indeterminate nodule that measures >8 mm in diameter, the panel suggests surgical diagnosis in the following circumstances: When the clinical probability of malignancy is high (>65%) When the nodule is intensely hypermetabolic by PET or markedly positive by another functional imaging test When nonsurgical biopsy is suspicious for malignancy When a fully informed patient prefers undergoing a definitive diagnostic procedure.",weak
182,"Evaluation of individuals with pulmonary nodules: when is it lung cancer? Diagnosis and management of lung cancer, 3rd ed: American College of Chest Physicians evidence-based clinical practice guidelines.",American College of Chest Physicians,"In the individual with a solid, indeterminate nodule measuring ≥8 mm in diameter who chooses surgical diagnosis, the panel recommends thoracoscopy to obtain a diagnostic wedge resection.",strong
183,"Evaluation of individuals with pulmonary nodules: when is it lung cancer? Diagnosis and management of lung cancer, 3rd ed: American College of Chest Physicians evidence-based clinical practice guidelines.",American College of Chest Physicians,"In the individual with a solid nodule that measures ≤8 mm in diameter and no risk factors for lung cancer, the panel suggests that the frequency and duration of CT surveillance be chosen according to the size of the nodule: Nodules measuring ≤4 mm in diameter need not be followed, but the patient should be informed about the potential benefits and harms of this approach Nodules measuring >4 mm to 6 mm should be reevaluated at 12 months without the need for additional follow-up if unchanged Nodules measuring >6 mm to 8 mm should be followed sometime between 6 and 12 months and then again at between 18 and 24 months if unchanged",weak
184,"Evaluation of individuals with pulmonary nodules: when is it lung cancer? Diagnosis and management of lung cancer, 3rd ed: American College of Chest Physicians evidence-based clinical practice guidelines.",American College of Chest Physicians,"In the individual with a solid nodule that measures ≤8 mm in diameter who has one or more risk factors for lung cancer, the panel suggests that the frequency and duration of CT surveillance be chosen according to the size of the nodule: Nodules measuring ≤4 mm in diameter should be reevaluated at 12 months without the need for additional follow-up if unchanged Nodules measuring >4 mm to 6 mm should be followed sometime between 6 and 12 months and then again between 18 and 24 months if unchanged. Nodules measuring >6 mm to 8 mm should be followed initially sometime between 3 and 6 months, then subsequently between 9 and 12 months, and again at 24 months if unchanged.",weak
185,"Evaluation of individuals with pulmonary nodules: when is it lung cancer? Diagnosis and management of lung cancer, 3rd ed: American College of Chest Physicians evidence-based clinical practice guidelines.",American College of Chest Physicians,"In the individual with a nonsolid (pure ground glass) nodule measuring ≤5 mm in diameter, the panel suggest no further evaluation.",weak
186,"Evaluation of individuals with pulmonary nodules: when is it lung cancer? Diagnosis and management of lung cancer, 3rd ed: American College of Chest Physicians evidence-based clinical practice guidelines.",American College of Chest Physicians,"In the individual with a nonsolid (pure ground glass) nodule measuring >5 mm in diameter, the panel suggest annual surveillance with chest CT for at least 3 years.",weak
187,"Evaluation of individuals with pulmonary nodules: when is it lung cancer? Diagnosis and management of lung cancer, 3rd ed: American College of Chest Physicians evidence-based clinical practice guidelines.",American College of Chest Physicians,"In the individual with a part-solid nodule measuring ≤8 mm in diameter, the panel suggests CT surveillance at approximately 3, 12, and 24 months, followed by annual CT surveillance for an additional 1 to 3 years.",weak
188,"Evaluation of individuals with pulmonary nodules: when is it lung cancer? Diagnosis and management of lung cancer, 3rd ed: American College of Chest Physicians evidence-based clinical practice guidelines.",American College of Chest Physicians,"In the individual with a part-solid nodule measuring >8 mm in diameter, the panel suggests repeat chest CT at 3 months, followed by further evaluation with PET, nonsurgical biopsy, and/or surgical resection for nodules that persist.",weak
189,"Evaluation of individuals with pulmonary nodules: when is it lung cancer? Diagnosis and management of lung cancer, 3rd ed: American College of Chest Physicians evidence-based clinical practice guidelines.",American College of Chest Physicians,"In the individual with a dominant nodule and one or more additional small nodules, the panel suggests that each nodule be evaluated individually and curative treatment not be denied unless there is histopathological confirmation of metastasis.",weak
190,"Diagnosis and treatment of bronchial intraepithelial neoplasia and early lung cancer of the central airways: diagnosis and management of lung cancer, 3rd ed: American College of Chest Physicians evidence-based clinical practice guidelines.",American College of Chest Physicians,"In patients with severe dysplasia or carcinoma in situ (CIS) in sputum cytology who have chest imaging studies showing no localizing abnormality, standard WLB is suggested to exclude an endobronchial lesion.",weak
191,"Diagnosis and treatment of bronchial intraepithelial neoplasia and early lung cancer of the central airways: diagnosis and management of lung cancer, 3rd ed: American College of Chest Physicians evidence-based clinical practice guidelines.",American College of Chest Physicians,"For patients with known severe dysplasia or CIS in the central airways on biopsy, follow-up WLB is suggested.",weak
192,"Diagnosis and treatment of bronchial intraepithelial neoplasia and early lung cancer of the central airways: diagnosis and management of lung cancer, 3rd ed: American College of Chest Physicians evidence-based clinical practice guidelines.",American College of Chest Physicians,"For patients with early lung cancer undergoing resection, WLB is suggested for the delineation of tumor margins and the assessment of synchronous lesions.",weak
193,"Diagnosis and treatment of bronchial intraepithelial neoplasia and early lung cancer of the central airways: diagnosis and management of lung cancer, 3rd ed: American College of Chest Physicians evidence-based clinical practice guidelines.",American College of Chest Physicians,"For patients being considered for curative endobronchial therapy to treat CIS or early central lung cancer, WLB is suggested over routine use of AFB ( Grade 2C ).",weak
194,"Diagnosis and treatment of bronchial intraepithelial neoplasia and early lung cancer of the central airways: diagnosis and management of lung cancer, 3rd ed: American College of Chest Physicians evidence-based clinical practice guidelines.",American College of Chest Physicians,"For patients with superficial limited mucosal lung cancer in the central airway who are not candidates for surgical resection, endobronchial treatment with photodynamic therapy (PDT), brachytherapy, cryotherapy, or electrocautery is recommended.",weak
195,"Special treatment issues in non-small cell lung cancer: diagnosis and management of lung cancer, 3rd ed: American College of Chest Physicians evidence-based clinical practice guidelines.",American College of Chest Physicians,"In patients with a Pancoast tumor, it is recommended that a tissue diagnosis be obtained prior to the initiation of therapy.",strong
196,"Special treatment issues in non-small cell lung cancer: diagnosis and management of lung cancer, 3rd ed: American College of Chest Physicians evidence-based clinical practice guidelines.",American College of Chest Physicians,"In patients with a Pancoast tumor being considered for curative-intent surgical resection, a magnetic resonance image (MRI) of the thoracic inlet and brachial plexus is recommended to characterize possible tumor invasion of vascular structures or the extradural space.",strong
197,"Special treatment issues in non-small cell lung cancer: diagnosis and management of lung cancer, 3rd ed: American College of Chest Physicians evidence-based clinical practice guidelines.",American College of Chest Physicians,"In patients with a Pancoast tumor being considered for curative resection, invasive mediastinal staging and extrathoracic imaging (head computed tomography [CT]/MRI plus either whole-body positron emission tomography [PET] or abdominal CT plus bone scan) are recommended. Involvement of mediastinal nodes and/or metastatic disease represent a contraindication to resection.",strong
198,"Special treatment issues in non-small cell lung cancer: diagnosis and management of lung cancer, 3rd ed: American College of Chest Physicians evidence-based clinical practice guidelines.",American College of Chest Physicians,"In patients with a potentially resectable Pancoast tumor (and good performance status), it is suggested that preoperative concurrent chemoradiotherapy is given prior to resection.",weak
199,"Special treatment issues in non-small cell lung cancer: diagnosis and management of lung cancer, 3rd ed: American College of Chest Physicians evidence-based clinical practice guidelines.",American College of Chest Physicians,"In patients undergoing resection of a Pancoast tumor, it is recommended that every effort be made to achieve a complete resection.",strong
200,"Special treatment issues in non-small cell lung cancer: diagnosis and management of lung cancer, 3rd ed: American College of Chest Physicians evidence-based clinical practice guidelines.",American College of Chest Physicians,"In patients undergoing resection of a Pancoast tumor, it is suggested that the resection consist of a lobectomy (instead of a nonanatomic wedge resection), as well as the involved chest wall structures.",weak
201,"Special treatment issues in non-small cell lung cancer: diagnosis and management of lung cancer, 3rd ed: American College of Chest Physicians evidence-based clinical practice guidelines.",American College of Chest Physicians,"In patients with an unresectable, but nonmetastatic, Pancoast tumor who have good performance status, definitive concurrent chemotherapy and radiotherapy is suggested.",weak
202,"Special treatment issues in non-small cell lung cancer: diagnosis and management of lung cancer, 3rd ed: American College of Chest Physicians evidence-based clinical practice guidelines.",American College of Chest Physicians,"In patients with Pancoast tumors who are not candidates for curative-intent treatment, palliative radiotherapy is suggested.",weak
203,"Special treatment issues in non-small cell lung cancer: diagnosis and management of lung cancer, 3rd ed: American College of Chest Physicians evidence-based clinical practice guidelines.",American College of Chest Physicians,"In patients with a non-small cell lung cancer (NSCLC) invading the chest wall who are being considered for curative-intent surgical resection, invasive mediastinal staging and extrathoracic imaging (head CT/MRI plus either whole-body PET or abdominal CT plus bone scan) are suggested.",weak
204,"Special treatment issues in non-small cell lung cancer: diagnosis and management of lung cancer, 3rd ed: American College of Chest Physicians evidence-based clinical practice guidelines.",American College of Chest Physicians,"In patients with an NSCLC invading the chest wall, involvement of mediastinal nodes and/or metastatic disease represents a contraindication to resection, and definitive chemoradiotherapy is suggested for these patients.",weak
205,"Special treatment issues in non-small cell lung cancer: diagnosis and management of lung cancer, 3rd ed: American College of Chest Physicians evidence-based clinical practice guidelines.",American College of Chest Physicians,"At the time of resection of a tumor invading the chest wall, it is recommended that every effort be made to achieve a complete resection.",strong
206,"Special treatment issues in non-small cell lung cancer: diagnosis and management of lung cancer, 3rd ed: American College of Chest Physicians evidence-based clinical practice guidelines.",American College of Chest Physicians,"In patients with a clinical T4 N0,1 M0 NSCLC being considered for curative resection, it is recommended that extrathoracic imaging (head CT/MRI plus either whole-body PET or abdominal CT plus bone scan) be undertaken.",strong
207,"Special treatment issues in non-small cell lung cancer: diagnosis and management of lung cancer, 3rd ed: American College of Chest Physicians evidence-based clinical practice guidelines.",American College of Chest Physicians,"In patients with a clinical T4 N0,1 M0 NSCLC without distant metastases being considered for curative resection, it is suggested that invasive mediastinal staging be undertaken. Involvement of mediastinal nodes represents a contraindication to primary resection.",weak
208,"Special treatment issues in non-small cell lung cancer: diagnosis and management of lung cancer, 3rd ed: American College of Chest Physicians evidence-based clinical practice guidelines.",American College of Chest Physicians,"In patients with a clinical T4 N0,1 M0 NSCLC being considered for curative resection, it is suggested that resection be undertaken only at a specialized center ( Grade 2C ).",weak
209,"Special treatment issues in non-small cell lung cancer: diagnosis and management of lung cancer, 3rd ed: American College of Chest Physicians evidence-based clinical practice guidelines.",American College of Chest Physicians,"In patients with two foci typical of a primary lung cancer (either proven or suspected, i.e., solid, spiculated masses), it is suggested that identification of these as SPLCs (either synchronous or metachronous) should be based on the judgment of a multidisciplinary team, taking into account clinical, radiologic, and (if available) cytologic/histologic features.",weak
210,"Special treatment issues in non-small cell lung cancer: diagnosis and management of lung cancer, 3rd ed: American College of Chest Physicians evidence-based clinical practice guidelines.",American College of Chest Physicians,"In patients (not suspected of having a second focus of cancer) who are found intraoperatively to have a second cancer in a different lobe, resection of each lesion is suggested, provided the patient has adequate pulmonary reserve and there is no N2 nodal involvement.",strong
211,"Special treatment issues in non-small cell lung cancer: diagnosis and management of lung cancer, 3rd ed: American College of Chest Physicians evidence-based clinical practice guidelines.",American College of Chest Physicians,"In patients with suspected or proven lung cancer and an additional (suspected) tumor nodule within the same lobe, it is recommended that no further diagnostic workup of the additional nodule is undertaken.",strong
212,"Special treatment issues in non-small cell lung cancer: diagnosis and management of lung cancer, 3rd ed: American College of Chest Physicians evidence-based clinical practice guidelines.",American College of Chest Physicians,"In patients with an additional (suspected) tumor nodule within the same lobe as a suspected or proven primary lung cancer, it is recommended that evaluation of extrathoracic metastases and confirmation of the mediastinal node status should be carried out as dictated by the primary lung cancer alone and not modified due to the presence of the additional lesion.",strong
213,"Special treatment issues in non-small cell lung cancer: diagnosis and management of lung cancer, 3rd ed: American College of Chest Physicians evidence-based clinical practice guidelines.",American College of Chest Physicians,"In patients with NSCLC and an additional focus of cancer within the same lobe (and no mediastinal or distant metastases), resection via a lobectomy is the recommended treatment.",strong
214,"Special treatment issues in non-small cell lung cancer: diagnosis and management of lung cancer, 3rd ed: American College of Chest Physicians evidence-based clinical practice guidelines.",American College of Chest Physicians,"In patients with suspected or proven lung cancer and an ipsilateral different lobe nodule(s), it is recommended that the judgment of a multidisciplinary team should reasonably exclude the possibility that this represents a benign lesion or a synchronous primary lung cancer, taking into account clinical, radiologic, and (if available) cytologic/histologic features.",strong
215,"Special treatment issues in non-small cell lung cancer: diagnosis and management of lung cancer, 3rd ed: American College of Chest Physicians evidence-based clinical practice guidelines.",American College of Chest Physicians,"In patients with an ipsilateral different lobe tumor nodule(s), it is suggested that evaluation for possible extrathoracic metastases (e.g., PET and brain MRI/CT) should be carried out.",weak
216,"Special treatment issues in non-small cell lung cancer: diagnosis and management of lung cancer, 3rd ed: American College of Chest Physicians evidence-based clinical practice guidelines.",American College of Chest Physicians,"In patients with an ipsilateral different lobe tumor nodule(s), it is suggested that invasive evaluation to rule out mediastinal node involvement should be carried out.",weak
217,"Special treatment issues in non-small cell lung cancer: diagnosis and management of lung cancer, 3rd ed: American College of Chest Physicians evidence-based clinical practice guidelines.",American College of Chest Physicians,"In patients with NSCLC and an ipsilateral different lobe tumor nodule(s) (and no mediastinal or distant metastases), resection of each lesion is recommended, provided the patient has adequate pulmonary reserve.",strong
218,"Special treatment issues in non-small cell lung cancer: diagnosis and management of lung cancer, 3rd ed: American College of Chest Physicians evidence-based clinical practice guidelines.",American College of Chest Physicians,"In patients with a contralateral lobe tumor nodule(s), it is suggested that evaluation of extrathoracic metastases (e.g., PET and brain MRI/CT) and invasive evaluation to rule out mediastinal node involvement should be carried out.",weak
219,"Special treatment issues in non-small cell lung cancer: diagnosis and management of lung cancer, 3rd ed: American College of Chest Physicians evidence-based clinical practice guidelines.",American College of Chest Physicians,"In patients with NSCLC and a contralateral lobe tumor nodule(s) (and no mediastinal or distant metastases), resection of each lesion is suggested, provided the patient has adequate pulmonary reserve.",weak
220,"Special treatment issues in non-small cell lung cancer: diagnosis and management of lung cancer, 3rd ed: American College of Chest Physicians evidence-based clinical practice guidelines.",American College of Chest Physicians,"In patients with multiple lesions that are at least partially ground glass and are suspected to be malignant, it is suggested that these are classified as MFLC.",weak
221,"Special treatment issues in non-small cell lung cancer: diagnosis and management of lung cancer, 3rd ed: American College of Chest Physicians evidence-based clinical practice guidelines.",American College of Chest Physicians,"In patients with suspected or proven MFLC who have a negative clinical evaluation and normal mediastinum by CT, it is suggested that distant and mediastinal staging are not routinely necessary.",weak
222,"Special treatment issues in non-small cell lung cancer: diagnosis and management of lung cancer, 3rd ed: American College of Chest Physicians evidence-based clinical practice guidelines.",American College of Chest Physicians,"In patients with suspected or proven MFLC, it is suggested that curative-intent treatment should be pursued.",weak
223,"Special treatment issues in non-small cell lung cancer: diagnosis and management of lung cancer, 3rd ed: American College of Chest Physicians evidence-based clinical practice guidelines.",American College of Chest Physicians,"In patients with suspected or proven MFLC, it is suggested that sublobar resection of all lesions suspected of being malignant be performed, if feasible.",weak
224,"Special treatment issues in non-small cell lung cancer: diagnosis and management of lung cancer, 3rd ed: American College of Chest Physicians evidence-based clinical practice guidelines.",American College of Chest Physicians,"In patients with an isolated brain metastasis from NSCLC being considered for curative treatment, invasive mediastinal staging and extrathoracic imaging (either whole-body PET or abdominal CT plus bone scan) are suggested.",weak
225,"Special treatment issues in non-small cell lung cancer: diagnosis and management of lung cancer, 3rd ed: American College of Chest Physicians evidence-based clinical practice guidelines.",American College of Chest Physicians,"In patients with no other sites of metastases and a synchronous resectable N0,1 primary NSCLC, resection or radiosurgical ablation of an isolated brain metastasis is recommended (as well as resection of the primary tumor).",strong
226,"Special treatment issues in non-small cell lung cancer: diagnosis and management of lung cancer, 3rd ed: American College of Chest Physicians evidence-based clinical practice guidelines.",American College of Chest Physicians,"In patients with no other sites of metastases and a previously completely resected primary NSCLC ( metachronous presentation), resection or radiosurgical ablation of an isolated brain metastasis is recommended.",strong
227,"Special treatment issues in non-small cell lung cancer: diagnosis and management of lung cancer, 3rd ed: American College of Chest Physicians evidence-based clinical practice guidelines.",American College of Chest Physicians,"In patients who have undergone a curative resection of an isolated brain metastasis, adjuvant whole-brain radiotherapy (WBRT) is suggested.",weak
228,"Special treatment issues in non-small cell lung cancer: diagnosis and management of lung cancer, 3rd ed: American College of Chest Physicians evidence-based clinical practice guidelines.",American College of Chest Physicians,"In patients who have undergone a curative resection of an isolated brain metastasis, adjuvant chemotherapy is suggested.",weak
229,"Special treatment issues in non-small cell lung cancer: diagnosis and management of lung cancer, 3rd ed: American College of Chest Physicians evidence-based clinical practice guidelines.",American College of Chest Physicians,"In patients with an isolated adrenal metastasis from NSCLC being considered for curative-intent surgical resection, invasive mediastinal staging and extrathoracic imaging (head CT/MRI plus either whole-body PET or abdominal CT plus bone scan) are suggested.",weak
230,"Special treatment issues in non-small cell lung cancer: diagnosis and management of lung cancer, 3rd ed: American College of Chest Physicians evidence-based clinical practice guidelines.",American College of Chest Physicians,"In patients with a synchronous resectable N0,1 primary NSCLC and an isolated adrenal metastasis, with no other sites of metastases, resection of the primary tumor and the adrenal metastasis is recommended.",strong
231,"Special treatment issues in non-small cell lung cancer: diagnosis and management of lung cancer, 3rd ed: American College of Chest Physicians evidence-based clinical practice guidelines.",American College of Chest Physicians,"In patients with no other sites of metastases and a previously completely resected primary NSCLC ( metachronous presentation), resection of an isolated adrenal metastasis is recommended.",strong
232,"Special treatment issues in non-small cell lung cancer: diagnosis and management of lung cancer, 3rd ed: American College of Chest Physicians evidence-based clinical practice guidelines.",American College of Chest Physicians,"In patients who have undergone a curative resection of an isolated adrenal metastasis, adjuvant chemotherapy is suggested.",weak
233,Risk assessment and prevention of pressure ulcers: a clinical practice guideline from the American College of Physicians.,American College of Physicians,Recommendation 1 : American College of Physicians (ACP) recommends that clinicians should perform a risk assessment to identify patients who are at risk of developing pressure ulcers.,weak
234,Risk assessment and prevention of pressure ulcers: a clinical practice guideline from the American College of Physicians.,American College of Physicians,Recommendation 2 : ACP recommends that clinicians should choose advanced static mattresses or advanced static overlays in patients who are at an increased risk of developing pressure ulcers.,strong
235,Risk assessment and prevention of pressure ulcers: a clinical practice guideline from the American College of Physicians.,American College of Physicians,Recommendation 3 : ACP recommends against using alternating-air mattresses or alternating-air overlays in patients who are at an increased risk of developing pressure ulcers.,weak
236,Systemic therapy for patients with advanced human epidermal growth factor receptor 2-positive breast cancer: American Society of Clinical Oncology clinical practice guideline.,American Society of Clinical Oncology,"Recommendation 1.A.I . Clinicians should recommend HER2-targeted therapy–based combinations for first-line treatment, except for highly selected patients with estrogen receptor (ER)-positive or progesterone receptor (PgR)-positive and HER2-positive disease, for whom clinicians may use endocrine therapy alone (see Clinical Question 2).",strong
237,Systemic therapy for patients with advanced human epidermal growth factor receptor 2-positive breast cancer: American Society of Clinical Oncology clinical practice guideline.,American Society of Clinical Oncology,"Recommendation 1.A.II . If a patient's HER2-positive advanced breast cancer has progressed during or after first-line HER2-targeted therapy, clinicians should recommend second-line HER2-targeted therapy–based treatment.",strong
238,Systemic therapy for patients with advanced human epidermal growth factor receptor 2-positive breast cancer: American Society of Clinical Oncology clinical practice guideline.,American Society of Clinical Oncology,"Recommendation 1.A.III . If a patient's HER2-positive advanced breast cancer has progressed during or after second-line or greater HER2-targeted treatment, clinicians should recommend third-line or greater HER2-targeted therapy–based treatment.",moderate
239,Systemic therapy for patients with advanced human epidermal growth factor receptor 2-positive breast cancer: American Society of Clinical Oncology clinical practice guideline.,American Society of Clinical Oncology,"Recommendation 1.B.I . Clinicians should recommend the combination of trastuzumab, pertuzumab, and a taxane for first-line treatment, unless the patient has a contraindication to taxanes.",strong
240,Systemic therapy for patients with advanced human epidermal growth factor receptor 2-positive breast cancer: American Society of Clinical Oncology clinical practice guideline.,American Society of Clinical Oncology,"Recommendation 1.B.II . If a patient's HER2-positive advanced breast cancer has progressed during or after first-line HER2-targeted therapy, clinicians should recommend T-DM1 as a second-line treatment.",strong
241,Systemic therapy for patients with advanced human epidermal growth factor receptor 2-positive breast cancer: American Society of Clinical Oncology clinical practice guideline.,American Society of Clinical Oncology,"Recommendation 1.B.III.a . If a patient's HER2-positive advanced breast cancer has progressed during or after second-line or greater HER2-targeted therapy, but she has not received T-DM1, clinicians should offer T-DM1.",strong
242,Systemic therapy for patients with advanced human epidermal growth factor receptor 2-positive breast cancer: American Society of Clinical Oncology clinical practice guideline.,American Society of Clinical Oncology,"Recommendation 1.B.III.b . If a patient's HER2-positive advanced breast cancer has progressed during or after second-line or greater HER2-targeted treatment, but she has not received pertuzumab, clinicians may offer pertuzumab.",weak
243,Systemic therapy for patients with advanced human epidermal growth factor receptor 2-positive breast cancer: American Society of Clinical Oncology clinical practice guideline.,American Society of Clinical Oncology,"Recommendation 1.B.III.c . If a patient's HER2-positive advanced breast cancer has progressed during or after second-line or greater HER2-targeted treatment, and she has already received pertuzumab and T-DM1, clinicians should recommend third-line or greater HER2-targeted therapy–based treatment. Options include lapatinib plus capecitabine, as well as other combinations of chemotherapy and trastuzumab, lapatinib and trastuzumab, or hormonal therapy (in patients with ER-positive and/or PgR-positive disease). There is insufficient evidence to recommend one regimen over another.",weak
244,Systemic therapy for patients with advanced human epidermal growth factor receptor 2-positive breast cancer: American Society of Clinical Oncology clinical practice guideline.,American Society of Clinical Oncology,"Recommendation 1.B.IV . If a patient is receiving HER2-targeted therapy and chemotherapy combinations, the chemotherapy should continue for approximately 4 to 6 months (or longer) and/or to the time of maximal response, depending on toxicity and in the absence of progression. When chemotherapy is stopped, clinicians should continue the HER2-targeted therapy; no further change in the regimen is needed until the time of progression or unacceptable toxicities.",moderate
245,Systemic therapy for patients with advanced human epidermal growth factor receptor 2-positive breast cancer: American Society of Clinical Oncology clinical practice guideline.,American Society of Clinical Oncology,"Recommendation 1.B.V.a . If a patient finished trastuzumab-based adjuvant treatment ≤12 months before recurrence, clinicians should follow the second-line HER2-targeted therapy–based treatment recommendations (Recommendation 1.B.II).",moderate
246,Systemic therapy for patients with advanced human epidermal growth factor receptor 2-positive breast cancer: American Society of Clinical Oncology clinical practice guideline.,American Society of Clinical Oncology,"Recommendation 1.B.V.b . If a patient finished trastuzumab-based adjuvant treatment >12 months before recurrence, clinicians should follow the first-line HER2-targeted therapy–based treatment recommendations (Recommendation 1.B.I).",strong
247,Systemic therapy for patients with advanced human epidermal growth factor receptor 2-positive breast cancer: American Society of Clinical Oncology clinical practice guideline.,American Society of Clinical Oncology,Recommendation 2.A.I . HER2-targeted therapy plus chemotherapy.,strong
248,Systemic therapy for patients with advanced human epidermal growth factor receptor 2-positive breast cancer: American Society of Clinical Oncology clinical practice guideline.,American Society of Clinical Oncology,Recommendation 2.A.II . Endocrine therapy plus trastuzumab or lapatinib (in selected cases).,moderate
249,Systemic therapy for patients with advanced human epidermal growth factor receptor 2-positive breast cancer: American Society of Clinical Oncology clinical practice guideline.,American Society of Clinical Oncology,Recommendation 2.A.III . Endocrine therapy alone (in selected cases; see Recommendation 2.C).,weak
250,Systemic therapy for patients with advanced human epidermal growth factor receptor 2-positive breast cancer: American Society of Clinical Oncology clinical practice guideline.,American Society of Clinical Oncology,"Recommendation 2.B . If the patient has started with a HER2-positive targeted therapy and chemotherapy combination, clinicians may add endocrine therapy to the HER2-targeted therapy when chemotherapy ends and/or when the cancer progresses.",weak
251,Systemic therapy for patients with advanced human epidermal growth factor receptor 2-positive breast cancer: American Society of Clinical Oncology clinical practice guideline.,American Society of Clinical Oncology,"Recommendation 2.C . In special circumstances, such as low disease burden, presence of comorbidities (contradictions to HER2-targeted therapy, such as congestive heart failure), and/or presence of a long disease-free interval, clinicians may offer first-line endocrine therapy alone.",weak
252,VA/DoD clinical practice guideline for the management of chronic kidney disease in primary care.,Department of Defense; Department of Veterans Affairs; Veterans Health Administration,"While there is insufficient evidence to associate exposure to depleted uranium and solvents such as hydrocarbons with CKD, the guideline panel suggests that clinicians take a detailed occupational and non-occupational history.",weak
253,VA/DoD clinical practice guideline for the management of chronic kidney disease in primary care.,Department of Defense; Department of Veterans Affairs; Veterans Health Administration,"The guideline panel suggests that periodic evaluation for CKD be considered in patients with the following: Diabetes, hypertension, other end organ disease (e.g., chronic heart failure [CHF]), or a personal or family history of kidney disease Systemic illness (e.g., human immunodeficiency virus [HIV], systemic lupus erythematosus, multiple myeloma) History of acute kidney injury (e.g., acute tubular necrosis, urinary tract obstruction, interstitial nephritis) Elderly patients Races and ethnicities associated with increased risk (e.g., African Americans, Hispanics, Native Americans) ( Carryover modified from the 2008 CPG )",weak
254,VA/DoD clinical practice guideline for the management of chronic kidney disease in primary care.,Department of Defense; Department of Veterans Affairs; Veterans Health Administration,The guideline panel suggests that patients at increased risk for CIN receive volume expansion with intravenous (IV) isotonic crystalloid solutions (saline or sodium bicarbonate) prior to and following iodinated contrast administration.,weak
255,VA/DoD clinical practice guideline for the management of chronic kidney disease in primary care.,Department of Defense; Department of Veterans Affairs; Veterans Health Administration,The guideline panel suggests offering oral hydration to patients in which IV hydration is not feasible for CIN prophylaxis.,weak
256,VA/DoD clinical practice guideline for the management of chronic kidney disease in primary care.,Department of Defense; Department of Veterans Affairs; Veterans Health Administration,"Given inconsistent evidence, the guideline panel does not recommend for or against the routine administration of N-acetylcysteine (NAC) for CIN prophylaxis.",weak
257,VA/DoD clinical practice guideline for the management of chronic kidney disease in primary care.,Department of Defense; Department of Veterans Affairs; Veterans Health Administration,The guideline panel recommends against the use of renal replacement therapy (RRT) for CIN prophylaxis.,strong
258,VA/DoD clinical practice guideline for the management of chronic kidney disease in primary care.,Department of Defense; Department of Veterans Affairs; Veterans Health Administration,The guideline panel suggests not initiating statin therapy for the purpose of CIN prophylaxis in patients undergoing elective angiography.,weak
259,VA/DoD clinical practice guideline for the management of chronic kidney disease in primary care.,Department of Defense; Department of Veterans Affairs; Veterans Health Administration,The guideline panel suggests not offering theophylline therapy for CIN prophylaxis for patients undergoing elective coronary angiography.,weak
260,VA/DoD clinical practice guideline for the management of chronic kidney disease in primary care.,Department of Defense; Department of Veterans Affairs; Veterans Health Administration,The guideline panel suggests the use of dietary sodium restriction as a self-management strategy to reduce proteinuria and improve blood pressure control in patients with CKD.,weak
261,VA/DoD clinical practice guideline for the management of chronic kidney disease in primary care.,Department of Defense; Department of Veterans Affairs; Veterans Health Administration,"In patients with stage 3 and 4 CKD, the guideline panel suggests a protein diet of 0.6 to 0.8 g/kg/day as it may slow the decline in glomerular filtration rate (GFR) and progression to end-stage renal disease (ESRD). ( Carryover modified from the 2008 CPG )",weak
262,VA/DoD clinical practice guideline for the management of chronic kidney disease in primary care.,Department of Defense; Department of Veterans Affairs; Veterans Health Administration,"There is insufficient evidence to recommend for or against weight loss in obese patients as an intervention to reduce proteinuria or to slow progression of CKD. However, the guideline panel suggests weight loss interventions in obese patients as part of an overall health improvement strategy.",weak
263,VA/DoD clinical practice guideline for the management of chronic kidney disease in primary care.,Department of Defense; Department of Veterans Affairs; Veterans Health Administration,"There is insufficient evidence to recommend for or against exercise with or without lifestyle intervention to reduce ESRD, mortality, change in GFR, or change in urinary protein. However, the guideline panel suggests regular exercise as part of an overall health improvement strategy.",weak
264,VA/DoD clinical practice guideline for the management of chronic kidney disease in primary care.,Department of Defense; Department of Veterans Affairs; Veterans Health Administration,"There is insufficient evidence to recommend for or against health education to reduce time to dialysis initiation or to reduce mortality. However, the guideline panel suggests CKD health education because it supports the aim of maximizing patient-centered care.",weak
265,VA/DoD clinical practice guideline for the management of chronic kidney disease in primary care.,Department of Defense; Department of Veterans Affairs; Veterans Health Administration,"There is insufficient evidence to recommend smoking cessation to halt progression of CKD; however, the guideline panel suggests tobacco cessation for cardiovascular risk reduction in patients with CKD.",weak
266,VA/DoD clinical practice guideline for the management of chronic kidney disease in primary care.,Department of Defense; Department of Veterans Affairs; Veterans Health Administration,"The guideline panel suggests offering multidisciplinary care, if available, for patients with CKD to reduce non-fatal stroke, slow progression from micro- to macroalbuminuria, and reduce all-cause mortality.",weak
267,VA/DoD clinical practice guideline for the management of chronic kidney disease in primary care.,Department of Defense; Department of Veterans Affairs; Veterans Health Administration,"Although there is insufficient evidence to recommend for or against referral to a nephrology specialist for patients with stage 3 CKD for slowing CKD progression, the guideline panel suggests consultation with a nephrologist to assist in the diagnosis and treatment of patients with any of the following conditions: Estimated glomerular filtration rate (eGFR) <30 mL/min/1.73 m 2 to facilitate education and planning for renal replacement therapy (dialysis or kidney transplant) Kidney function that is rapidly worsening without obvious cause Metabolic complications of CKD (e.g., anemia, secondary hyperparathyroidism) CKD of unclear etiology after initial work-up, or has a known or suspected kidney condition requiring specialized care Nephrotic range proteinuria Nephrolithiasis",weak
268,VA/DoD clinical practice guideline for the management of chronic kidney disease in primary care.,Department of Defense; Department of Veterans Affairs; Veterans Health Administration,"The guideline panel recommends that treatment with the following vaccinations be considered for patients with CKD as a measure to prevent infections: Influenza vaccine* Tetanus, diphtheria, acellular pertussis (Tdap) vaccine Pneumococcal polysaccharide vaccine (i.e., 13-valent pneumococcal conjugate vaccine [PCV13] and 23-valent pneumococcal polysaccharide vaccine [PPSV23]) Hepatitis B vaccine Zoster/shingles vaccine* Varicella vaccine* Measles, mumps, rubella (MMR) vaccine* *Note: Live vaccines, including nasal influenza (live attenuated influenza vaccine [LAIV]), may be contraindicated in patients with CKD and severe immunodeficiency including treatment with immunosuppressive agents. ( Carryover modified from the 2008 CPG",strong
269,VA/DoD clinical practice guideline for the management of chronic kidney disease in primary care.,Department of Defense; Department of Veterans Affairs; Veterans Health Administration,The guideline panel recommends that clinicians avoid or limit the use of nephrotoxic medications for patients with CKD. ( Carryover modified from the 2008 CPG,strong
270,VA/DoD clinical practice guideline for the management of chronic kidney disease in primary care.,Department of Defense; Department of Veterans Affairs; Veterans Health Administration,"In patients with CKD, the guideline panel suggests that medications should be reviewed and their dosing modified, where appropriate, according to the level of the patient's kidney function. ( Carryover modified from the 2008 CPG )",weak
271,VA/DoD clinical practice guideline for the management of chronic kidney disease in primary care.,Department of Defense; Department of Veterans Affairs; Veterans Health Administration,The guideline panel suggests the use of bicarbonate supplementation in CKD patients with metabolic acidosis to slow the progression of CKD.,weak
272,VA/DoD clinical practice guideline for the management of chronic kidney disease in primary care.,Department of Defense; Department of Veterans Affairs; Veterans Health Administration,"In adult patients with stages 1-4 CKD, the guideline panel recommends that blood pressure targets should be less than 140/90 mmHg. ( Carryover modified from the 2008 CPG )",strong
273,VA/DoD clinical practice guideline for the management of chronic kidney disease in primary care.,Department of Defense; Department of Veterans Affairs; Veterans Health Administration,"In patients with non-diabetic CKD, hypertension, and albuminuria, the guideline panel recommends the use of an angiotensin-converting enzyme inhibitor (ACEI) to prevent progression of CKD. Angiotensin II receptor blockers (ARBs) may be substituted for patients with an ACEI-induced cough. ( Carryover modified from the 2008 CPG )",strong
274,VA/DoD clinical practice guideline for the management of chronic kidney disease in primary care.,Department of Defense; Department of Veterans Affairs; Veterans Health Administration,"In patients with diabetes, hypertension, and albuminuria, the guideline panel recommends the use of an ACEI or ARB to slow the progression of CKD, unless there is documentation of intolerance. ( Carryover modified from the 2008 CPG )",strong
275,VA/DoD clinical practice guideline for the management of chronic kidney disease in primary care.,Department of Defense; Department of Veterans Affairs; Veterans Health Administration,"The guideline panel recommends against the use of combination renin-angiotensin-aldosterone system (RAAS) blockade (ACEI and ARB, or an ACEI or ARB with a direct renin inhibitor) in patients with CKD. ( Strong Against )",strong
276,VA/DoD clinical practice guideline for the management of chronic kidney disease in primary care.,Department of Defense; Department of Veterans Affairs; Veterans Health Administration,"The guideline panel recommends that all patients with CKD who are not on dialysis and have no known history of coronary artery disease be assessed for 10-year CVD risk using a validated risk calculator for primary prevention. If at risk (as defined in the NGC summary of the VA/DoD guideline VA/DoD clinical practice guideline for the management of dyslipidemia for cardiovascular risk reduction ), the guideline panel recommends use of at least a low dose statin.",strong
277,VA/DoD clinical practice guideline for the management of chronic kidney disease in primary care.,Department of Defense; Department of Veterans Affairs; Veterans Health Administration,The guideline panel suggests against the use of statins prescribed with the intent of slowing eGFR decline or preserving kidney function.,weak
278,VA/DoD clinical practice guideline for the management of chronic kidney disease in primary care.,Department of Defense; Department of Veterans Affairs; Veterans Health Administration,The guideline panel recommends against intensive glycemic control to patients with stage 3 or worse CKD due to the lack of benefit on renal or cardiovascular outcomes and potential for significant harm. ( Carryover modified from the 2008 CPG ),strong
279,VA/DoD clinical practice guideline for the management of chronic kidney disease in primary care.,Department of Defense; Department of Veterans Affairs; Veterans Health Administration,The guideline panel suggests initiation of oral iron therapy (in preference to parenteral) to support iron requirements in patients with CKD stages 3 and 4.,weak
280,VA/DoD clinical practice guideline for the management of chronic kidney disease in primary care.,Department of Defense; Department of Veterans Affairs; Veterans Health Administration,The guideline panel recommends against offering erythropoiesis-stimulating agents (ESAs) to patients with CKD for the purpose of achieving a hemoglobin target above 11.5 g/dL due to increased risk of stroke and hypertension.,strong
281,VA/DoD clinical practice guideline for the management of chronic kidney disease in primary care.,Department of Defense; Department of Veterans Affairs; Veterans Health Administration,The guideline panel recommends against initiating ESAs at a hemoglobin level greater than 10 g/dL.,strong
282,VA/DoD clinical practice guideline for the management of chronic kidney disease in primary care.,Department of Defense; Department of Veterans Affairs; Veterans Health Administration,The guideline panel suggests offering supplemental vitamin D to correct vitamin D deficiency in patients with CKD stages 3 or 4.,weak
283,VA/DoD clinical practice guideline for the management of chronic kidney disease in primary care.,Department of Defense; Department of Veterans Affairs; Veterans Health Administration,"The guideline panel suggests not offering active vitamin D analogs or calcitriol to patients with stage 3 and 4 CKD with elevated parathyroid hormone (PTH) levels due to lack of evidence for kidney, bone, or cardiovascular benefit and increased potential of harm from hypercalcemia. (Any use of active vitamin D analogs should be managed by a nephrologist.)",weak
284,VA/DoD clinical practice guideline for the management of chronic kidney disease in primary care.,Department of Defense; Department of Veterans Affairs; Veterans Health Administration,The guideline panel suggests not offering phosphate binders to patients with stage 3 and 4 CKD with normal serum phosphorous. ( Carryover modified from the 2008 CPG ),weak
285,VA/DoD clinical practice guideline for the management of chronic kidney disease in primary care.,Department of Defense; Department of Veterans Affairs; Veterans Health Administration,The guideline panel suggests not offering calcimimetics to patients with stage 3 and 4 CKD due to lack of evidence for kidney or cardiovascular benefit and increased risk of harm from hypocalcemia.,weak
286,VA/DoD clinical practice guideline for the management of dyslipidemia for cardiovascular risk reduction.,Department of Defense; Department of Veterans Affairs; Veterans Health Administration,"The Work Group recommends cardiovascular disease (CVD) risk screening for men >age 35 and women >age 45, including a lipid profile and a risk calculation.",strong
287,VA/DoD clinical practice guideline for the management of dyslipidemia for cardiovascular risk reduction.,Department of Defense; Department of Veterans Affairs; Veterans Health Administration,The Work Group recommends against routine screening for dyslipidemia outside of the context of a cardiovascular risk assessment.,strong
288,VA/DoD clinical practice guideline for the management of dyslipidemia for cardiovascular risk reduction.,Department of Defense; Department of Veterans Affairs; Veterans Health Administration,"For risk calculation, the Work Group suggests a 10-year risk calculator.",weak
289,VA/DoD clinical practice guideline for the management of dyslipidemia for cardiovascular risk reduction.,Department of Defense; Department of Veterans Affairs; Veterans Health Administration,"The Work Group suggests that patients being considered for statin therapy be assessed for other CVD risk factors, including, but not be limited, to the following: Age (males >35 and females >45) Family history of premature coronary artery disease (CAD); definite myocardial infarction (MI) or sudden death before age 55 in father or other male first-degree relative, or before age 65 in mother or other female first-degree relative Current tobacco use/cigarette smoking (or within the last one month) Hypertension (systolic blood pressure [SBP] >140 mm Hg or diastolic blood pressure [DBP] >90 mm Hg confirmed on more than one occasion, or current therapy with anti-hypertensive medications) Diabetes mellitus (DM) (see the NGC summary of the VA/DoD clinical practice guideline for the management of diabetes mellitus ). A diagnosis of DM is made if any of the following: a) fasting plasma glucose (FPG) is ≥126 mg/dL on at least two occasions, or b) a single hemoglobin A1c (HbA1c) reading of ≥6.5%, confirmed with a FPG ≥126 mg/dL (these tests can be done on the same or different days); or c) HbA1c is ≥7% on two occasions using a clinical laboratory methodology standardized to the net splanchnic glucose production (NSGP) (not at the point of care); or d) symptoms of hyperglycemia and a casual (random) glucose ≥200 mg/dL on two occasions. However, casual (random) plasma glucose is not recommended as a routine screening test. Level of high-density lipoprotein cholesterol (HDL-C) (Less than 40 mg/dL confirmed on more than one occasion) ( Modified from the 2006 CPG without an updated systematic review of the evidence. )",weak
290,VA/DoD clinical practice guideline for the management of dyslipidemia for cardiovascular risk reduction.,Department of Defense; Department of Veterans Affairs; Veterans Health Administration,The Work Group suggests against the routine use of high-sensitivity C-reactive protein (hsCRP) testing.,weak
291,VA/DoD clinical practice guideline for the management of dyslipidemia for cardiovascular risk reduction.,Department of Defense; Department of Veterans Affairs; Veterans Health Administration,The Work Group suggests against the routine use of coronary artery calcium (CAC) testing.,weak
292,VA/DoD clinical practice guideline for the management of dyslipidemia for cardiovascular risk reduction.,Department of Defense; Department of Veterans Affairs; Veterans Health Administration,The Work Group suggests shared decision making regarding pharmacologic treatment for patients with an estimated 10-year CVD risk of 12% or greater that takes into consideration the known minimal harms and substantial benefits of moderate-dose therapy in this group of patients.,weak
293,VA/DoD clinical practice guideline for the management of dyslipidemia for cardiovascular risk reduction.,Department of Defense; Department of Veterans Affairs; Veterans Health Administration,The Work Group suggests initiation of a moderate-dose statin for patients with an estimated 10-year CVD risk of 12% or greater.,weak
294,VA/DoD clinical practice guideline for the management of dyslipidemia for cardiovascular risk reduction.,Department of Defense; Department of Veterans Affairs; Veterans Health Administration,"The Work Group suggests considering a moderate-dose statin for patients with a 10-year CVD risk between 6% and 12% following a discussion of the known minimal harms, benefits derived from limited evidence, and an exploration of the patient's values and preferences.",weak
295,VA/DoD clinical practice guideline for the management of dyslipidemia for cardiovascular risk reduction.,Department of Defense; Department of Veterans Affairs; Veterans Health Administration,"For primary prevention, the Work Group recommends a moderate dose statin as the agent of choice to reduce CVD risk if the patient chooses pharmacologic therapy.",strong
296,VA/DoD clinical practice guideline for the management of dyslipidemia for cardiovascular risk reduction.,Department of Defense; Department of Veterans Affairs; Veterans Health Administration,"For primary prevention in patients who are unable to tolerate statins, the Work Group suggests reinforcing adherence to positive lifestyle changes. For patients who prefer to try pharmacotherapy, the Work Group suggests considering treatment with gemfibrozil or bile acid sequestrants (BAS), noting that these agents have been associated with only a small CVD risk reduction and studied in limited populations, e.g., males with low-density lipoprotein cholesterol (LDL–C) >190 mg/dL.",weak
297,VA/DoD clinical practice guideline for the management of dyslipidemia for cardiovascular risk reduction.,Department of Defense; Department of Veterans Affairs; Veterans Health Administration,The Work Group suggests establishing baseline liver function tests (LFTs) and creatinine kinase (CK) before initiation of drug therapy.,weak
298,VA/DoD clinical practice guideline for the management of dyslipidemia for cardiovascular risk reduction.,Department of Defense; Department of Veterans Affairs; Veterans Health Administration,The Work Group recommends against routinely measuring LFTs or CK after a moderate-dose statin is initiated.,strong
299,VA/DoD clinical practice guideline for the management of dyslipidemia for cardiovascular risk reduction.,Department of Defense; Department of Veterans Affairs; Veterans Health Administration,"In patients with established ASCVD, the Work Group recommends use of a moderate-dose statin following a discussion of the minimal harms, substantial benefits, and an exploration of the patient's values and preferences.",strong
300,VA/DoD clinical practice guideline for the management of dyslipidemia for cardiovascular risk reduction.,Department of Defense; Department of Veterans Affairs; Veterans Health Administration,"In patients with ASCVD who are able to tolerate statins, the Work Group recommends against the routine use of non-statin lipid lowering drugs (e.g., fibrates, niacin, ezetimibe, omega-3 fatty acids, etc.) either alone as monotherapy or added to statins.",strong
301,VA/DoD clinical practice guideline for the management of dyslipidemia for cardiovascular risk reduction.,Department of Defense; Department of Veterans Affairs; Veterans Health Administration,"In patients with ASCVD who are unable to tolerate statins, the Work Group suggests reinforcing adherence to positive lifestyle changes and suggest offering niacin or gemfibrozil, noting that these agents have been associated with only a small CVD risk reduction and studied in limited populations (e.g., males with low HDL-C).",weak
302,VA/DoD clinical practice guideline for the management of dyslipidemia for cardiovascular risk reduction.,Department of Defense; Department of Veterans Affairs; Veterans Health Administration,The Work Group strongly recommends against the routine monitoring of LDL–C and non-HDL–C goals for the secondary prevention of ASCVD.,strong
303,VA/DoD clinical practice guideline for the management of dyslipidemia for cardiovascular risk reduction.,Department of Defense; Department of Veterans Affairs; Veterans Health Administration,"The Work Group suggests offering a high-dose statin only in select patient populations (e.g., ACS, multiple uncontrolled risk factors or recurrent CVD events on moderate-dose statin) following a discussion of the added harms, small additional benefits, and an exploration of the patient's values and preferences.",weak
304,VA/DoD clinical practice guideline for the management of dyslipidemia for cardiovascular risk reduction.,Department of Defense; Department of Veterans Affairs; Veterans Health Administration,The Work Group suggests measuring LFTs 4 to 12 weeks after the initiation of high-dose statin.,weak
305,VA/DoD clinical practice guideline for the management of dyslipidemia for cardiovascular risk reduction.,Department of Defense; Department of Veterans Affairs; Veterans Health Administration,"The Work Group recommends all adults adopt healthy lifestyles to reduce CVD risk, including: Tobacco cessation for all smokers (see 2008 Tobacco Use CPG at http://www.healthquality.va.gov/guidelines/CD/mtu/ Therapeutic Lifestyle Changes (TLC) diet to optimize nutrition (for overweight and/or obese patients, see the NGC summary of the VA/DoD clinical practice guideline for screening and management of overweight and obesity ) Optimal physical activity (see the 2008 Physical Activity Guidelines for Americans at http://www.health.gov/paguidelines/pdf/paguide.pdf ( Modified from the 2006 CPG without an updated systematic review of the evidence )",strong
306,VA/DoD clinical practice guideline for the management of dyslipidemia for cardiovascular risk reduction.,Department of Defense; Department of Veterans Affairs; Veterans Health Administration,"The Work Group suggests offering high-risk patients a dietitian-monitored Mediterranean diet supplemented with either extra-virgin olive oil (roughly 1 liter per week) or 30 g of mixed nuts per day (15 g of walnuts, 7.5 g of hazelnuts, and 7.5 g of almonds) for the reduction of CVD events.",weak
307,VA/DoD clinical practice guideline for the management of dyslipidemia for cardiovascular risk reduction.,Department of Defense; Department of Veterans Affairs; Veterans Health Administration,"The Work Group suggests that each patient's diet be individualized based on a nutrition assessment (preferably by a registered dietitian [RD]), other CVD risk factors, other disease conditions, and patient's lifestyle. ( Modified from the 2006 CPG without an updated systematic review of the evidence )",weak
308,VA/DoD clinical practice guideline for the management of dyslipidemia for cardiovascular risk reduction.,Department of Defense; Department of Veterans Affairs; Veterans Health Administration,"The Work Group recommends treating the common secondary causes of elevated triglycerides (TGs): dietary indiscretion (e.g., refined sugars), alcohol use, hypothyroidism, and hyperglycemia. ( Modified from the 2006 CPG without an updated systematic review of the evidence )",strong
309,VA/DoD clinical practice guideline for the management of dyslipidemia for cardiovascular risk reduction.,Department of Defense; Department of Veterans Affairs; Veterans Health Administration,"The Work Group suggests for patients with TGs greater than 500 mg/dL a strict diet therapy including avoidance of alcohol, restriction of dietary fat, and avoidance of refined sugars. The Work Group suggests for patients with TGs greater than 1000 mg/dL a very low fat diet to reduce chylomicronemia and risk of acute pancreatitis.",weak
310,VA/DoD clinical practice guideline for the management of dyslipidemia for cardiovascular risk reduction.,Department of Defense; Department of Veterans Affairs; Veterans Health Administration,The Work Group suggests CVD risk assessment every five years for patients with low CVD risk and not on statin therapy.,weak
311,VA/DoD clinical practice guideline for the management of dyslipidemia for cardiovascular risk reduction.,Department of Defense; Department of Veterans Affairs; Veterans Health Administration,"The Work Group suggests CVD risk assessment every two years for patients with intermediate CVD risk or with appearance of a new CVD risk factor (e.g., new diagnosis of type 2 DM or hypertension) and not on statin therapy.",weak
312,Pregnancy outcomes after assisted human reproduction.,Society of Obstetricians and Gynaecologists of Canada,,weak
314,Treatment of pressure ulcers: a clinical practice guideline from the American College of Physicians.,American College of Physicians,Recommendation 1 : American College of Physicians (ACP) recommends that clinicians use protein or amino acid supplementation in patients with pressure ulcers to reduce wound size.,weak
315,Treatment of pressure ulcers: a clinical practice guideline from the American College of Physicians.,American College of Physicians,Recommendation 2 : ACP recommends that clinicians use hydrocolloid or foam dressings in patients with pressure ulcers to reduce wound size.,weak
316,Treatment of pressure ulcers: a clinical practice guideline from the American College of Physicians.,American College of Physicians,Recommendation 3 : ACP recommends that clinicians use electrical stimulation as adjunctive therapy in patients with pressure ulcers to accelerate wound healing.,weak
317,Diagnosis of obstructive sleep apnea in adults: a clinical practice guideline from the American College of Physicians,American College of Physicians,Recommendation 1 : American College of Physicians (ACP) recommends a sleep study for patients with unexplained daytime sleepiness .,weak
318,Diagnosis of obstructive sleep apnea in adults: a clinical practice guideline from the American College of Physicians,American College of Physicians,Recommendation 2 : ACP recommends polysomnography (PSG) for diagnostic testing in patients suspected of OSA. ACP recommends portable sleep monitors in patients without serious comorbidities as an alternative to PSG when PSG is not available for diagnostic testing.,weak
319,Dental interventions to prevent caries in children. A national clinical guideline.,Scottish Intercollegiate Guidelines Network,"The following factors should be considered when assessing caries risk: Clinical evidence of previous disease Dietary habits, especially frequency of sugary food and drink consumption Social history, especially socioeconomic status Use of fluoride Plaque control Saliva Medical history",moderate
320,Dental interventions to prevent caries in children. A national clinical guideline.,Scottish Intercollegiate Guidelines Network,Specialist child healthcare professionals should consider carrying out a caries risk assessment of children in their first year as part of the child's overall health assessment.,weak
321,Dental interventions to prevent caries in children. A national clinical guideline.,Scottish Intercollegiate Guidelines Network,Children whose families live in a deprived area should be considered as at increased risk of early childhood caries when developing preventive programmes.,weak
322,Dental interventions to prevent caries in children. A national clinical guideline.,Scottish Intercollegiate Guidelines Network,Oral health promotion interventions should facilitate daily toothbrushing with fluoride toothpaste.,moderate
323,Dental interventions to prevent caries in children. A national clinical guideline.,Scottish Intercollegiate Guidelines Network,Oral health promotion interventions should be based on recognised health behaviour theory and models such as motivational interviewing.,moderate
324,Dental interventions to prevent caries in children. A national clinical guideline.,Scottish Intercollegiate Guidelines Network,"As part of the patient assessment, a social history should be taken which will contribute to dental brief interventions being specific to individuals and tailored to their particular needs and circumstances.",moderate
325,Dental interventions to prevent caries in children. A national clinical guideline.,Scottish Intercollegiate Guidelines Network,"Following risk assessment, children and young people up to the age of 18 years who are at standard risk of developing dental caries should be advised to use toothpastes in the range 1,000 to 1,500 parts per million fluoride (ppmF).",strong
326,Dental interventions to prevent caries in children. A national clinical guideline.,Scottish Intercollegiate Guidelines Network,"Following risk assessment, children aged from 10 to 16 years who are at increased risk of developing dental caries should be advised to use toothpastes at a concentration of 2,800 ppmF.",strong
327,Dental interventions to prevent caries in children. A national clinical guideline.,Scottish Intercollegiate Guidelines Network,Toothbrushing with fluoride toothpaste should take place at least twice daily.,strong
328,Dental interventions to prevent caries in children. A national clinical guideline.,Scottish Intercollegiate Guidelines Network,Supervision of toothbrushing with fluoride toothpaste is recommended as an effective caries prevention measure.,strong
329,Dental interventions to prevent caries in children. A national clinical guideline.,Scottish Intercollegiate Guidelines Network,Children should be encouraged to spit out excess toothpaste and not rinse with water after brushing.,strong
330,Dental interventions to prevent caries in children. A national clinical guideline.,Scottish Intercollegiate Guidelines Network,Fluoride varnish should be applied at least twice yearly in all children.,strong
331,Dental interventions to prevent caries in children. A national clinical guideline.,Scottish Intercollegiate Guidelines Network,Resin-based fissure sealants should be applied to the permanent molars of all children as early after eruption as possible.,strong
332,"Treatment of stage IV non-small cell lung cancer: diagnosis and management of lung cancer, 3rd ed: American College of Chest Physicians evidence-based clinical practice guidelines.",American College of Chest Physicians,"In patients with a good performance status (PS) (i.e., Eastern Cooperative Oncology Group [ECOG] level 0 or 1) and stage IV non-small cell lung cancer (NSCLC), a platinum-based chemotherapy regimen is recommended based on the survival advantage and improvement in quality of life (QOL) over best supportive care (BSC).",strong
333,"Treatment of stage IV non-small cell lung cancer: diagnosis and management of lung cancer, 3rd ed: American College of Chest Physicians evidence-based clinical practice guidelines.",American College of Chest Physicians,"In patients with stage IV NSCLC and a good PS, two-drug combination chemotherapy is recommended. The addition of a third cytotoxic chemotherapeutic agent is not recommended because it provides no survival benefit and may be harmful.",strong
334,"Treatment of stage IV non-small cell lung cancer: diagnosis and management of lung cancer, 3rd ed: American College of Chest Physicians evidence-based clinical practice guidelines.",American College of Chest Physicians,"In patients receiving palliative chemotherapy for stage IV NSCLC, it is recommended that the choice of chemotherapy is guided by the histologic type of NSCLC.",strong
335,"Treatment of stage IV non-small cell lung cancer: diagnosis and management of lung cancer, 3rd ed: American College of Chest Physicians evidence-based clinical practice guidelines.",American College of Chest Physicians,"In patients with known epidermal growth factor receptor (EGFR) mutations and stage IV NSCLC, first-line therapy with an EGFR tyrosine kinase inhibitor (TKI) (gefitinib or erlotinib) is recommended based on superior response rates, progression-free survival (PFS) and toxicity profiles compared with platinum-based doublets.",strong
336,"Treatment of stage IV non-small cell lung cancer: diagnosis and management of lung cancer, 3rd ed: American College of Chest Physicians evidence-based clinical practice guidelines.",American College of Chest Physicians,"Bevacizumab improves survival combined with carboplatin and paclitaxel in a clinically selected subset of patients with stage IV NSCLC and good PS (non-squamous histology, lack of brain metastases, and no hemoptysis). In these patients, addition of bevacizumab to carboplatin and paclitaxel is recommended.",strong
337,"Treatment of stage IV non-small cell lung cancer: diagnosis and management of lung cancer, 3rd ed: American College of Chest Physicians evidence-based clinical practice guidelines.",American College of Chest Physicians,"In patients with stage IV non-squamous NSCLC and treated, stable brain metastases, who are otherwise candidates for bevacizumab therapy, the addition of bevacizumab to first-line, platinum-based chemotherapy is a safe therapeutic option.",weak
338,"Treatment of stage IV non-small cell lung cancer: diagnosis and management of lung cancer, 3rd ed: American College of Chest Physicians evidence-based clinical practice guidelines.",American College of Chest Physicians,"In patients with stage IV non-squamous NSCLC who do not experience disease progression after 4 cycles of platinum-based therapy (which does not include pemetrexed), treatment with switch maintenance pemetrexed is suggested.",weak
339,"Treatment of stage IV non-small cell lung cancer: diagnosis and management of lung cancer, 3rd ed: American College of Chest Physicians evidence-based clinical practice guidelines.",American College of Chest Physicians,"In patients with stage IV NSCLC, switch maintenance therapy with chemotherapy agents other than pemetrexed has not demonstrated an improvement in overall survival and is not recommended.",strong
340,"Treatment of stage IV non-small cell lung cancer: diagnosis and management of lung cancer, 3rd ed: American College of Chest Physicians evidence-based clinical practice guidelines.",American College of Chest Physicians,"In patients with stage IV non-squamous NSCLC who do not experience disease progression after 4 cycles of platinum-pemetrexed therapy, continuation pemetrexed maintenance therapy is suggested.",weak
341,"Treatment of stage IV non-small cell lung cancer: diagnosis and management of lung cancer, 3rd ed: American College of Chest Physicians evidence-based clinical practice guidelines.",American College of Chest Physicians,"In patients with stage IV NSCLC who do not experience disease progression after 4 cycles of platinum-based double agent chemotherapy, maintenance therapy with erlotinib is suggested.",weak
342,"Treatment of stage IV non-small cell lung cancer: diagnosis and management of lung cancer, 3rd ed: American College of Chest Physicians evidence-based clinical practice guidelines.",American College of Chest Physicians,In patients with stage IV NSCLC the addition of cetuximab in combination with chemotherapy is suggested not to be used outside of a clinical trial.,weak
343,"Treatment of stage IV non-small cell lung cancer: diagnosis and management of lung cancer, 3rd ed: American College of Chest Physicians evidence-based clinical practice guidelines.",American College of Chest Physicians,"In patients with stage IV NSCLC who have good PS (ECOG 0-2), second-line treatment with erlotinib or docetaxel (or equivalent single-agent such as pemetrexed) is recommended.",strong
344,"Treatment of stage IV non-small cell lung cancer: diagnosis and management of lung cancer, 3rd ed: American College of Chest Physicians evidence-based clinical practice guidelines.",American College of Chest Physicians,"In patients with stage IV NSCLC who have good PS (ECOG 0-2), third-line treatment with erlotinib improves survival compared with BSC and is recommended.",strong
345,"Treatment of stage IV non-small cell lung cancer: diagnosis and management of lung cancer, 3rd ed: American College of Chest Physicians evidence-based clinical practice guidelines.",American College of Chest Physicians,"In elderly patients (age ≥70–79 years) with stage IV NSCLC who have good PS and limited comorbidities, treatment with the two drug combination of monthly carboplatin and weekly paclitaxel is recommended.",strong
346,"Treatment of stage IV non-small cell lung cancer: diagnosis and management of lung cancer, 3rd ed: American College of Chest Physicians evidence-based clinical practice guidelines.",American College of Chest Physicians,"For patients with stage IV NSCLC with a PS of 2 in whom the PS is caused by the cancer itself, double agent chemotherapy is suggested over single agent chemotherapy.",weak
347,"Treatment of stage IV non-small cell lung cancer: diagnosis and management of lung cancer, 3rd ed: American College of Chest Physicians evidence-based clinical practice guidelines.",American College of Chest Physicians,"In patients with stage IV NSCLC who are an ECOG PS of 2 or greater, it is suggested not to add bevacizumab to chemotherapy outside of a clinical trial.",weak
348,"Treatment of stage IV non-small cell lung cancer: diagnosis and management of lung cancer, 3rd ed: American College of Chest Physicians evidence-based clinical practice guidelines.",American College of Chest Physicians,In patients with stage IV NSCLC early initiation of palliative care is suggested to improve both QOL and duration of survival.,weak
349,"Chemoprevention of lung cancer: diagnosis and management of lung cancer, 3rd ed: American College of Chest Physicians evidence-based clinical practice guidelines.",American College of Chest Physicians,"For individuals with a greater than 20 pack year history of smoking or with a history of lung cancer, the use of β-carotene supplementation is not recommended for primary, secondary, or tertiary chemoprevention of lung cancer.",strong
350,"Chemoprevention of lung cancer: diagnosis and management of lung cancer, 3rd ed: American College of Chest Physicians evidence-based clinical practice guidelines.",American College of Chest Physicians,"For individuals at risk for lung cancer and for patients with a history of lung cancer, the use of vitamin E, retinoids, and N -acetylcysteine and isotretinoin is not recommended for primary, secondary, or tertiary prevention of lung cancer.",strong
351,"Chemoprevention of lung cancer: diagnosis and management of lung cancer, 3rd ed: American College of Chest Physicians evidence-based clinical practice guidelines.",American College of Chest Physicians,"For individuals at risk for lung cancer and for patients with a history of lung cancer, the use of aspirin is not recommended for primary, secondary, or tertiary prevention of lung cancer (outside of the setting of a well-designed clinical trial).",strong
352,"Chemoprevention of lung cancer: diagnosis and management of lung cancer, 3rd ed: American College of Chest Physicians evidence-based clinical practice guidelines.",American College of Chest Physicians,"In individuals with a history of early stage NSCLC, the use of selenium as a tertiary chemopreventive agent of lung cancer is not recommended.",strong
353,"Chemoprevention of lung cancer: diagnosis and management of lung cancer, 3rd ed: American College of Chest Physicians evidence-based clinical practice guidelines.",American College of Chest Physicians,"For individuals at risk for lung cancer or with a history of lung cancer, prostaglandin I 2 (PGI 2 ) analogs (iloprost), cyclooxygenase-2 (COX-2) inhibitors (celecoxib), and anethole dithiolethione are not recommended for use for primary, secondary, or tertiary lung cancer chemoprevention (outside of the setting of a well-designed clinical trial).",strong
354,"Chemoprevention of lung cancer: diagnosis and management of lung cancer, 3rd ed: American College of Chest Physicians evidence-based clinical practice guidelines.",American College of Chest Physicians,"For individuals at risk for lung cancer or with a history of lung cancer, inhaled steroids are not recommended for use for primary, secondary, or tertiary lung cancer chemoprevention (outside of the setting of a well-designed clinical trial).",strong
355,"Chemoprevention of lung cancer: diagnosis and management of lung cancer, 3rd ed: American College of Chest Physicians evidence-based clinical practice guidelines.",American College of Chest Physicians,"For individuals at risk for lung cancer or with a history of lung cancer, the use of pioglitazone or myoinositol, for primary, secondary, or tertiary lung cancer chemoprevention is not recommended (outside of the setting of a well-designed clinical trial).",strong
356,"Chemoprevention of lung cancer: diagnosis and management of lung cancer, 3rd ed: American College of Chest Physicians evidence-based clinical practice guidelines.",American College of Chest Physicians,"In individuals at risk for lung cancer, the use of tea extract or metformin is not suggested for primary, secondary, or tertiary prevention of lung cancer (outside of the setting of a well-designed clinical trial).",weak
357,"Treatment of small cell lung cancer: diagnosis and management of lung cancer, 3rd ed: American College of Chest Physicians evidence-based clinical practice guidelines.",American College of Chest Physicians,"In patients with SCLC (proven or suspected), a staging evaluation is recommended consisting of a medical history and physical examination, complete blood count (CBC) and comprehensive chemistry panel with renal and hepatic function tests, computed tomography (CT) of the chest and abdomen with intravenous contrast or CT scan of the chest extending through the liver and adrenal glands, magnetic resonance imaging (MRI) or CT of the brain, and bone scan.",strong
358,"Treatment of small cell lung cancer: diagnosis and management of lung cancer, 3rd ed: American College of Chest Physicians evidence-based clinical practice guidelines.",American College of Chest Physicians,"In patients with clinically limited-stage (LS)-SCLC, positron emission tomography (PET) imaging is suggested.",weak
359,"Treatment of small cell lung cancer: diagnosis and management of lung cancer, 3rd ed: American College of Chest Physicians evidence-based clinical practice guidelines.",American College of Chest Physicians,"In patients with SCLC, it is recommended that both the Veterans Administration system (LS vs extensive-stage [ES]) and the American Joint Committee on Cancer/International Union Against Cancer seventh edition tumor, node, metastasis (TNM) system should be used to classify the tumor stage.",strong
360,"Treatment of small cell lung cancer: diagnosis and management of lung cancer, 3rd ed: American College of Chest Physicians evidence-based clinical practice guidelines.",American College of Chest Physicians,"In patients with clinical stage I SCLC, who are being considered for curative intent surgical resection, invasive mediastinal staging and extrathoracic imaging (head MRI/CT and PET or abdominal CT plus bone scan) is recommended.",strong
361,"Treatment of small cell lung cancer: diagnosis and management of lung cancer, 3rd ed: American College of Chest Physicians evidence-based clinical practice guidelines.",American College of Chest Physicians,"In patients with clinical stage I SCLC after a thorough distant and invasive mediastinal stage evaluation, surgical resection is suggested over non-surgical treatment.",weak
362,"Treatment of small cell lung cancer: diagnosis and management of lung cancer, 3rd ed: American College of Chest Physicians evidence-based clinical practice guidelines.",American College of Chest Physicians,"In patients with stage I SCLC who have undergone curative-intent surgical resection, platinum-based adjuvant chemotherapy is recommended.",weak
363,"Treatment of small cell lung cancer: diagnosis and management of lung cancer, 3rd ed: American College of Chest Physicians evidence-based clinical practice guidelines.",American College of Chest Physicians,"In patients with LS-SCLC, early chemoradiotherapy, with accelerated hyper-fractionated radiation therapy (twice-daily treatment) concurrently with platinum-based chemotherapy, is recommended.",strong
364,"Treatment of small cell lung cancer: diagnosis and management of lung cancer, 3rd ed: American College of Chest Physicians evidence-based clinical practice guidelines.",American College of Chest Physicians,"In patients with LS- or ES-SCLC who achieve a complete or partial response to initial therapy, prophylactic cranial irradiation (PCI) is recommended.",strong
365,"Treatment of small cell lung cancer: diagnosis and management of lung cancer, 3rd ed: American College of Chest Physicians evidence-based clinical practice guidelines.",American College of Chest Physicians,"In patients with ES-SCLC who have completed chemotherapy and achieved a complete response (CR) outside the chest and complete or partial response in the chest, a course of consolidative thoracic radiotherapy (TRT) is suggested.",weak
366,"Treatment of small cell lung cancer: diagnosis and management of lung cancer, 3rd ed: American College of Chest Physicians evidence-based clinical practice guidelines.",American College of Chest Physicians,"In patients with either LS or ES-SCLC, four to six cycles of platinum-based chemotherapy with either cisplatin or carboplatin plus either etoposide or irinotecan is recommended over other chemotherapy regimens ( Grade 1A ).",strong
367,"Treatment of small cell lung cancer: diagnosis and management of lung cancer, 3rd ed: American College of Chest Physicians evidence-based clinical practice guidelines.",American College of Chest Physicians,"In patients with relapsed or refractory SCLC, the administration of second-line, single-agent chemotherapy is recommended.",strong
368,"Treatment of small cell lung cancer: diagnosis and management of lung cancer, 3rd ed: American College of Chest Physicians evidence-based clinical practice guidelines.",American College of Chest Physicians,"In elderly patients with LS-SCLC and good performance status (PS) (Eastern Cooperative Oncology Group [ECOG] 0-2), treatment with platinum-based chemotherapy plus TRT is suggested, with close attention to management of treatment-related toxicity.",weak
369,"Treatment of small cell lung cancer: diagnosis and management of lung cancer, 3rd ed: American College of Chest Physicians evidence-based clinical practice guidelines.",American College of Chest Physicians,"In elderly patients with ES-SCLC and good PS (ECOG 0-2), treatment with carboplatin-based chemotherapy is suggested.",weak
370,"Treatment of small cell lung cancer: diagnosis and management of lung cancer, 3rd ed: American College of Chest Physicians evidence-based clinical practice guidelines.",American College of Chest Physicians,"In elderly patients with SCLC and poor PS, treatment with chemotherapy is suggested if the poor PS is due to SCLC.",weak
371,VA/DoD clinical practice guideline for the management of chronic obstructive pulmonary disease.,Department of Defense; Department of Veterans Affairs; Veterans Health Administration,"The guideline panel recommends that spirometry, demonstrating airflow obstruction (post-bronchodilator forced expiratory volume in one second/forced vital capacity [FEV1/FVC] <70%, with age adjustment for more elderly individuals), be used to confirm all initial diagnoses of COPD.",strong
372,VA/DoD clinical practice guideline for the management of chronic obstructive pulmonary disease.,Department of Defense; Department of Veterans Affairs; Veterans Health Administration,"The guideline panel suggests classification of patients with COPD into two groups: Patients who experience frequent exacerbations (two or more/year, defined as prescription of corticosteroids, prescription of antibiotics, hospitalization, or emergency department [ED] visit) Patients without frequent exacerbations",weak
373,VA/DoD clinical practice guideline for the management of chronic obstructive pulmonary disease.,Department of Defense; Department of Veterans Affairs; Veterans Health Administration,The guideline panel recommends offering prevention and risk reduction efforts including smoking cessation and vaccination. Modified from the 2007 Clinical Practice Guideline (CPG) without an updated systematic review of the evidence .,strong
374,VA/DoD clinical practice guideline for the management of chronic obstructive pulmonary disease.,Department of Defense; Department of Veterans Affairs; Veterans Health Administration,"The guideline panel recommends investigating additional comorbid diagnoses particularly in patients who experience frequent exacerbations (two or more/year, defined as prescription of corticosteroids, prescription of antibiotics, hospitalization, or ED visit) using simple tests and decision rules (cardiac ischemia [troponin, electrocardiogram], congestive heart failure [B-type natriuretic peptide (BNP), pro-BNP], pulmonary embolism [D-dimer plus clinical decision rule], and gastroesophageal reflux).",strong
375,VA/DoD clinical practice guideline for the management of chronic obstructive pulmonary disease.,Department of Defense; Department of Veterans Affairs; Veterans Health Administration,The guideline panel suggests that patients with COPD and signs or symptoms of a sleep disorder have a diagnostic sleep evaluation. Modified from the 2007 CPG without an updated systematic review of the evidence .,weak
376,VA/DoD clinical practice guideline for the management of chronic obstructive pulmonary disease.,Department of Defense; Department of Veterans Affairs; Veterans Health Administration,The guideline panel suggests that patients presenting with early onset COPD or a family history of early onset COPD be tested for alpha-1 antitrypsin (AAT) deficiency. Modified from the 2007 CPG without an updated systematic review of the evidence .,weak
377,VA/DoD clinical practice guideline for the management of chronic obstructive pulmonary disease.,Department of Defense; Department of Veterans Affairs; Veterans Health Administration,The guideline panel recommends that patients with AAT deficiency be referred to a pulmonologist for management of treatment. Modified from the 2007 CPG without an updated systematic review of the evidence .,strong
378,VA/DoD clinical practice guideline for the management of chronic obstructive pulmonary disease.,Department of Defense; Department of Veterans Affairs; Veterans Health Administration,The guideline panel recommends prescribing inhaled short-acting beta 2-agonists (SABAs) to patients with confirmed COPD for rescue therapy as needed. Modified from the 2007 CPG without an updated systematic review of the evidence .,strong
379,VA/DoD clinical practice guideline for the management of chronic obstructive pulmonary disease.,Department of Defense; Department of Veterans Affairs; Veterans Health Administration,The guideline panel suggests using spacers for patients who have difficulty actuating and coordinating drug delivery with metered-dose inhalers (MDIs). Modified from the 2007 CPG without an updated systematic review of the evidence .,weak
380,VA/DoD clinical practice guideline for the management of chronic obstructive pulmonary disease.,Department of Defense; Department of Veterans Affairs; Veterans Health Administration,"The guideline panel recommends offering long-acting bronchodilators to patients with confirmed, stable COPD who continue to have respiratory symptoms (e.g., dyspnea, cough).",strong
381,VA/DoD clinical practice guideline for the management of chronic obstructive pulmonary disease.,Department of Defense; Department of Veterans Affairs; Veterans Health Administration,"The guideline panel suggests offering the inhaled long-acting antimuscarinic agent (LAMA) tiotropium as first-line maintenance therapy in patients with confirmed, stable COPD who continue to have respiratory symptoms (e.g., dyspnea, cough).",weak
382,VA/DoD clinical practice guideline for the management of chronic obstructive pulmonary disease.,Department of Defense; Department of Veterans Affairs; Veterans Health Administration,"The guideline panel recommends inhaled tiotropium as first-line therapy for patients with confirmed, stable COPD who have respiratory symptoms (e.g., dyspnea, cough) and severe airflow obstruction (i.e., post bronchodilator FEV1 <50%) or a history of COPD exacerbations.",strong
383,VA/DoD clinical practice guideline for the management of chronic obstructive pulmonary disease.,Department of Defense; Department of Veterans Affairs; Veterans Health Administration,"For clinically stable patients with a confirmed diagnosis of COPD and who have not had exacerbations on short-acting antimuscarinic agents (SAMAs), the guideline panel suggests continuing with this treatment, rather than switching to long-acting bronchodilators. Modified from the 2007 CPG without an updated systematic review of the evidence .",weak
384,VA/DoD clinical practice guideline for the management of chronic obstructive pulmonary disease.,Department of Defense; Department of Veterans Affairs; Veterans Health Administration,"For patients treated with a SAMA who are started on a LAMA to improve patient outcomes, the guideline panel suggests discontinuing the SAMA. Modified from the 2007 CPG without an updated systematic review of the evidence .",weak
385,VA/DoD clinical practice guideline for the management of chronic obstructive pulmonary disease.,Department of Defense; Department of Veterans Affairs; Veterans Health Administration,"The guideline panel recommends against offering an inhaled corticosteroid (ICS) in symptomatic patients with confirmed, stable COPD as a first-line monotherapy.",strong
386,VA/DoD clinical practice guideline for the management of chronic obstructive pulmonary disease.,Department of Defense; Department of Veterans Affairs; Veterans Health Administration,The guideline panel recommends against the use of inhaled long-acting beta 2-agonists (LABAs) without an ICS in patients with COPD who may have concomitant asthma.,strong
387,VA/DoD clinical practice guideline for the management of chronic obstructive pulmonary disease.,Department of Defense; Department of Veterans Affairs; Veterans Health Administration,"In patients with confirmed, stable COPD who are on inhaled LAMAs (tiotropium) or inhaled LABAs alone and have persistent dyspnea on monotherapy, the guideline panel recommends combination therapy with both classes of drugs.",strong
388,VA/DoD clinical practice guideline for the management of chronic obstructive pulmonary disease.,Department of Defense; Department of Veterans Affairs; Veterans Health Administration,"In patients with confirmed, stable COPD who are on combination therapy with LAMAs (tiotropium) and LABAs and have persistent dyspnea or COPD exacerbations, the guideline panel suggests adding ICS as a third medication.",weak
389,VA/DoD clinical practice guideline for the management of chronic obstructive pulmonary disease.,Department of Defense; Department of Veterans Affairs; Veterans Health Administration,"The guideline panel suggests against offering roflumilast in patients with confirmed, stable COPD in primary care without consultation with a pulmonologist.",weak
390,VA/DoD clinical practice guideline for the management of chronic obstructive pulmonary disease.,Department of Defense; Department of Veterans Affairs; Veterans Health Administration,"The guideline panel suggests against offering chronic macrolides in patients with confirmed, stable COPD in primary care without consultation with a pulmonologist.",weak
391,VA/DoD clinical practice guideline for the management of chronic obstructive pulmonary disease.,Department of Defense; Department of Veterans Affairs; Veterans Health Administration,"The guideline panel suggests against offering theophylline in patients with confirmed, stable COPD in primary care without consultation with a pulmonologist.",weak
392,VA/DoD clinical practice guideline for the management of chronic obstructive pulmonary disease.,Department of Defense; Department of Veterans Affairs; Veterans Health Administration,The guideline panel suggests not withholding cardio-selective beta-blockers in patients with confirmed COPD who have a cardiovascular indication for beta-blockers.,weak
393,VA/DoD clinical practice guideline for the management of chronic obstructive pulmonary disease.,Department of Defense; Department of Veterans Affairs; Veterans Health Administration,"The guideline panel suggests using non-pharmacologic therapy as first-line therapy and using caution in prescribing hypnotic drugs for chronic insomnia in primary care for patients with COPD, especially for those with hypercapnea or severe COPD.",weak
394,VA/DoD clinical practice guideline for the management of chronic obstructive pulmonary disease.,Department of Defense; Department of Veterans Affairs; Veterans Health Administration,"For patients with COPD and anxiety, the guideline panel suggests consultation with a psychiatrist and/or a pulmonologist to choose a course of anxiety treatment that reduces, as much as possible, the risk of using sedatives/anxiolytics in this population. Modified from the 2007 CPG without an updated systematic review of the evidence .",weak
395,VA/DoD clinical practice guideline for the management of chronic obstructive pulmonary disease.,Department of Defense; Department of Veterans Affairs; Veterans Health Administration,"The guideline panel recommends providing long-term oxygen therapy (LTOT) to patients with chronic stable resting severe hypoxemia (partial pressure of oxygen in arterial blood [PaO 2 ] <55 mm Hg and/or peripheral capillary oxygen saturation [SaO 2 ] ≤88%) or chronic stable resting moderate hypoxemia (PaO 2 of 56-59 mm Hg or SaO 2 >88% and ≤90%) with signs of tissue hypoxia (hematocrit >55%, pulmonary hypertension, or cor pulmonale). Modified from the 2007 CPG without an updated systematic review of the evidence .",strong
396,VA/DoD clinical practice guideline for the management of chronic obstructive pulmonary disease.,Department of Defense; Department of Veterans Affairs; Veterans Health Administration,The guideline panel recommends that patients discharged home from hospitalization with acute transitional oxygen therapy are evaluated for the need for LTOT within 30-90 days after discharge. LTOT should not be discontinued if patients continue to meet the above criteria. Modified from the 2007 CPG without an updated systematic review of the evidence .,strong
397,VA/DoD clinical practice guideline for the management of chronic obstructive pulmonary disease.,Department of Defense; Department of Veterans Affairs; Veterans Health Administration,"The guideline panel suggests against routinely offering ambulatory LTOT for patients with chronic stable isolated exercise hypoxemia, in the absence of another clinical indication for supplemental oxygen.",weak
398,VA/DoD clinical practice guideline for the management of chronic obstructive pulmonary disease.,Department of Defense; Department of Veterans Affairs; Veterans Health Administration,"For patients with COPD and hypoxemia and/or borderline hypoxemia (SaO 2 <90%) who are planning to travel by plane, the guideline panel suggests a brief consultation or an e-consult with a pulmonologist. Modified from the 2007 CPG without an updated systematic review of the evidence .",weak
399,VA/DoD clinical practice guideline for the management of chronic obstructive pulmonary disease.,Department of Defense; Department of Veterans Affairs; Veterans Health Administration,"When other causes of nocturnal hypoxemia have been excluded, the guideline panel suggests against routinely offering LTOT for the treatment of outpatients with stable, confirmed COPD and isolated nocturnal hypoxemia.",weak
400,VA/DoD clinical practice guideline for the management of chronic obstructive pulmonary disease.,Department of Defense; Department of Veterans Affairs; Veterans Health Administration,"In the absence of other contributors (e.g., sleep apnea), the guideline panel suggests referral for a pulmonary consultation in patients with stable, confirmed COPD and hypercapnea.",weak
401,VA/DoD clinical practice guideline for the management of chronic obstructive pulmonary disease.,Department of Defense; Department of Veterans Affairs; Veterans Health Administration,The guideline panel suggests supported self-management for selected high risk patients with COPD.,weak
402,VA/DoD clinical practice guideline for the management of chronic obstructive pulmonary disease.,Department of Defense; Department of Veterans Affairs; Veterans Health Administration,The guideline panel suggests against using action plans alone in the absence of supported self-management.,weak
403,VA/DoD clinical practice guideline for the management of chronic obstructive pulmonary disease.,Department of Defense; Department of Veterans Affairs; Veterans Health Administration,The guideline panel suggests using telehealth for ongoing monitoring and support of the care of patients with confirmed COPD.,weak
404,VA/DoD clinical practice guideline for the management of chronic obstructive pulmonary disease.,Department of Defense; Department of Veterans Affairs; Veterans Health Administration,The guideline panel recommends offering pulmonary rehabilitation to stable patients with exercise limitation despite pharmacologic treatment and to patients who have recently been hospitalized for an acute exacerbation.,strong
405,VA/DoD clinical practice guideline for the management of chronic obstructive pulmonary disease.,Department of Defense; Department of Veterans Affairs; Veterans Health Administration,"The guideline panel suggests offering breathing exercise (e.g., pursed lip breathing, diaphragmatic breathing, or yoga) to patients with dyspnea that limits physical activity.",weak
406,VA/DoD clinical practice guideline for the management of chronic obstructive pulmonary disease.,Department of Defense; Department of Veterans Affairs; Veterans Health Administration,The guideline panel suggests referral to a dietitian for medical nutritional therapy recommendations (such as oral calorie supplementation) to support patients with severe COPD who are malnourished (body mass index [BMI] <20 kg/m 2 ).,weak
407,VA/DoD clinical practice guideline for the management of chronic obstructive pulmonary disease.,Department of Defense; Department of Veterans Affairs; Veterans Health Administration,The guideline panel recommends that any patient considered for surgery for COPD (LVRS and lung transplant) be first referred to a pulmonologist for evaluation. Modified from the 2007 CPG without an updated systematic review of the evidence .,strong
408,VA/DoD clinical practice guideline for the management of chronic obstructive pulmonary disease.,Department of Defense; Department of Veterans Affairs; Veterans Health Administration,The guideline panel recommends antibiotic use for patients with COPD exacerbations who have increased dyspnea and increased sputum purulence (change in sputum color) or volume.,strong
409,VA/DoD clinical practice guideline for the management of chronic obstructive pulmonary disease.,Department of Defense; Department of Veterans Affairs; Veterans Health Administration,"The guideline panel suggests basing choice of antibiotic on local resistance patterns and patient characteristics. First-line antibiotic choice may include doxycycline, trimethoprim/sulfamethoxazole (TMP-SMX), second-generation cephalosporin, amoxicillin, amoxicillin/clavulanate, and azithromycin. Despite the paucity of evidence regarding the choice of antibiotics, the guideline panel suggests reserving broader spectrum antibiotics (e.g., quinolones) for patients with specific indications such as: Critically ill patients in the intensive care unit (ICU) Patients with recent history of resistance, treatment failure, or antibiotic use Patients with risk factors for health care associated infections",weak
410,VA/DoD clinical practice guideline for the management of chronic obstructive pulmonary disease.,Department of Defense; Department of Veterans Affairs; Veterans Health Administration,"For outpatients with acute COPD exacerbation who are treated with antibiotics, the guideline panel recommends a five-day course of the chosen antibiotic.",strong
411,VA/DoD clinical practice guideline for the management of chronic obstructive pulmonary disease.,Department of Defense; Department of Veterans Affairs; Veterans Health Administration,"For acute COPD exacerbations, the guideline panel recommends a course of systemic corticosteroids (oral preferred) of 30-40 mg prednisone equivalent daily for 5-7 days.",strong
412,VA/DoD clinical practice guideline for the management of chronic obstructive pulmonary disease.,Department of Defense; Department of Veterans Affairs; Veterans Health Administration,The guideline panel suggests use of airway clearance techniques utilizing positive expiratory pressure (PEP) devices for patients with COPD exacerbations and difficulty expectorating sputum.,weak
413,VA/DoD clinical practice guideline for the management of chronic obstructive pulmonary disease.,Department of Defense; Department of Veterans Affairs; Veterans Health Administration,"The guideline panel recommends the early use of non-invasive ventilation (NIV) in patients with acute COPD exacerbations to reduce intubation, mortality, and length of hospital stay.",strong
414,VA/DoD clinical practice guideline for the management of chronic obstructive pulmonary disease.,Department of Defense; Department of Veterans Affairs; Veterans Health Administration,The guideline panel recommends the use of NIV to support weaning from invasive mechanical ventilation and earlier extubation of intubated patients with COPD.,strong
415,Adult weight management evidence-based nutrition practice guideline.,Academy of Nutrition and Dietetics,"Annual BMI screening will identify adults who are overweight or obese and therefore, may be at elevated risk of CVD and all-cause mortality. In addition, the greater the waist circumference, the greater the risk of CVD, type 2 diabetes and all-cause mortality.",moderate
416,Adult weight management evidence-based nutrition practice guideline.,Academy of Nutrition and Dietetics,"The RDN, in collaboration with other health care professionals, administrators and public policy decision-makers, should ensure that overweight or obese adults are referred to an RDN for MNT. Intensive counseling and behavioral interventions promote sustained weight loss and reduce known risk factors for diet-related chronic disease.",moderate
417,Adult weight management evidence-based nutrition practice guideline.,Academy of Nutrition and Dietetics,"MNT provided by a RDN is recommended for overweight and obese adults. MNT provided by an RDN results in both statistically significant and clinically meaningful weight loss in overweight and obese adults, as well as reduced risk for diabetes, disorders of lipid metabolism and hypertension.",strong
418,Adult weight management evidence-based nutrition practice guideline.,Academy of Nutrition and Dietetics,"For weight loss, the RDN should schedule at least 14 MNT encounters (either individual or group) over a period of at least six months. High-frequency comprehensive weight loss interventions result in weight loss.",strong
419,Adult weight management evidence-based nutrition practice guideline.,Academy of Nutrition and Dietetics,"For weight maintenance, the RDN should schedule at least monthly MNT encounters over a period of at least one year. High-frequency comprehensive weight maintenance interventions result in maintenance of weight loss.",strong
420,Adult weight management evidence-based nutrition practice guideline.,Academy of Nutrition and Dietetics,"If the RDN incorporates telenutrition interventions for weight loss, MNT should consist of both in-person and non-in-person encounters. Research on telenutrition interventions involving an RDN reported that hybrid interventions (containing both in-person and non-in-person components) were more effective for weight loss than using telenutrition interventions (only non-in-person components).",strong
421,Adult weight management evidence-based nutrition practice guideline.,Academy of Nutrition and Dietetics,"If the RDN incorporates telenutrition interventions for weight maintenance, MNT may consist of either in-person or non-in-person encounters. Research on telenutrition interventions involving an RDN reported that either hybrid interventions (containing both in-person and non-in-person components) or telenutrition interventions (only non-in-person components) were effective for weight maintenance.",strong
422,Adult weight management evidence-based nutrition practice guideline.,Academy of Nutrition and Dietetics,"For older adults (aged 65 years and older) who are overweight or obese, the RDN should provide MNT for weight loss and weight maintenance. Research has reported reduced risk of mortality, reduced development of type 2 diabetes and improved cardiovascular risk factors with intentional weight loss in older persons and weight gain produces increased risk for several health outcomes.",moderate
423,Adult weight management evidence-based nutrition practice guideline.,Academy of Nutrition and Dietetics,"Moderately strong evidence indicates that the food environment is associated with dietary intake, especially less consumption of vegetables and fruits and higher body weight. Strong and consistent evidence indicates that adults who eat fast food often are at increased risk of weight gain, overweight and obesity and that screen time, especially television screen time, is directly associated with increased overweight and obesity.",strong
424,Adult weight management evidence-based nutrition practice guideline.,Academy of Nutrition and Dietetics,"The RDN should assess motivation, readiness and self-efficacy for weight management, based on behavior change theories and models (such as cognitive-behavioral therapy, transtheoretical model and social cognitive theory/social learning theory). While research supports cognitive-behavioral therapy as an effective method of overweight and obesity treatment, there is limited research in the areas of the transtheoretical model and social cognitive theory and social learning theory.",moderate
425,Adult weight management evidence-based nutrition practice guideline.,Academy of Nutrition and Dietetics,"If indirect calorimetry is available, the RDN should use a measured RMR to determine energy needs in overweight or obese adults. Measurement of RMR using indirect calorimetry is more accurate than estimating RMR using predictive equations.",consensus
426,Adult weight management evidence-based nutrition practice guideline.,Academy of Nutrition and Dietetics,"If indirect calorimetry is not available, the RDN should use the Mifflin-St. Jeor equation using actual weight to estimate RMR in overweight or obese adults. The majority of research reviewed supports the use of the Mifflin-St. Jeor equation (using actual body weight) to predict RMR in overweight or obese adults because it demonstrated good accuracy and correlation with indirect calorimetry.",strong
427,Adult weight management evidence-based nutrition practice guideline.,Academy of Nutrition and Dietetics,"The Dietary Reference Intakes (DRI) Physical Activity Levels (PAL) represent the ratio of total energy expenditure to basal energy expenditure and are defined as sedentary, low active, active or very active.",consensus
428,Adult weight management evidence-based nutrition practice guideline.,Academy of Nutrition and Dietetics,"The RDN should assess the energy intake and nutrient content of the diet. Any nutrient inadequacy and the nutrients affected are dependent on the composition of the diet followed, as well as on the nutritional needs of the individual.",strong
429,Adult weight management evidence-based nutrition practice guideline.,Academy of Nutrition and Dietetics,"Studies regarding the effectiveness of MNT for under six months reported significant weight losses of approximately one to two pounds per week, and six to 12 months of MNT resulted in significant mean weight losses of up to 10% of body weight. While a sustained weight loss of 3% to 5% is likely to result in clinically meaningful reductions in triglycerides, blood glucose, glycosylated hemoglobin (HbA1c), and the risk of developing type 2 diabetes, greater amounts of weight loss will also reduce blood pressure, improve low-density lipoprotein cholesterol (LDL-C) and high-density lipoprotein cholesterol (HDL-C), and reduce the need for medications.",strong
430,Adult weight management evidence-based nutrition practice guideline.,Academy of Nutrition and Dietetics,"Adequate evidence indicates that intensive, multi-component behavioral interventions for overweight and obese adults can lead to weight loss as well as improved glucose tolerance and other physiologic risk factors for cardiovascular disease.",strong
431,Adult weight management evidence-based nutrition practice guideline.,Academy of Nutrition and Dietetics,"Several studies report changes in nutrient adequacy with caloric restriction, however the extent of nutrient inadequacy and the nutrients affected are dependent on the composition of the diet followed, as well as on the nutritional needs of the individual. Limited research reports reductions in nutrient adequacy with weight loss through an energy restriction of at least 500 kcal per day or daily consumption below 1,200 kcal per day.",strong
432,Adult weight management evidence-based nutrition practice guideline.,Academy of Nutrition and Dietetics,"During weight maintenance, the RDN should prescribe an individualized diet (including patient preferences and health status) to maintain nutrient adequacy and reduce caloric intake for maintaining a lower body weight. Several studies report changes in nutrient adequacy with caloric restriction, however the extent of nutrient inadequacy and the nutrients affected are dependent on the composition of the diet followed, as well as on the nutritional needs of the individual. Limited research reports reductions in nutrient adequacy with weight loss through an energy restriction of at least 500 kcal per day or daily consumption below 1,200 kcal per day.",strong
433,Adult weight management evidence-based nutrition practice guideline.,Academy of Nutrition and Dietetics,"For weight loss, the RDN should advise overweight or obese adults that as long as the target reduction in calorie level is achieved, many different dietary approaches are effective. There is strong and consistent evidence that when calorie intake is controlled, macronutrient proportion, glycemic index and glycemic load of the diet are not related to losing weight.",strong
434,Adult weight management evidence-based nutrition practice guideline.,Academy of Nutrition and Dietetics,"For weight maintenance, the RDN should advise overweight and obese adults that as long as the target reduction in calorie level is achieved, many different dietary approaches are effective. A moderate body of evidence provides no data to suggest that any one macronutrient is more effective than any other for avoiding weight re-gain in weight-reduced persons. Strong and consistent evidence shows that glycemic index and glycemic load are not associated with body weight and do not lead to better weight maintenance.",strong
435,Adult weight management evidence-based nutrition practice guideline.,Academy of Nutrition and Dietetics,"For weight loss and weight maintenance, the RDN should individualize the meal pattern to distribute calories at meals and snacks throughout the day, including breakfast. Research reports inconsistent results regarding the association between eating frequency and body weight, which may be due to the role of portion size, energy density or compensation of energy intake at subsequent eating occasions. The majority of observational research reported that breakfast consumption is associated with a lower BMI and decreased obesity risk, while omitting breakfast is associated with a higher BMI and increased obesity risk. Several studies suggest that cereal-based breakfasts are associated with lower BMI, while breakfasts that are very high in energy are associated with higher BMI.",moderate
436,Adult weight management evidence-based nutrition practice guideline.,Academy of Nutrition and Dietetics,"For weight loss and weight maintenance, the RDN should recommend portion control and meal replacements or structured meal plans as part of a comprehensive weight management program. Strong evidence documents a positive relationship between portion size and body weight and research reports that the use of various types of meal replacements or structured meal plans was helpful in achieving health and food behavior change.",strong
437,Adult weight management evidence-based nutrition practice guideline.,Academy of Nutrition and Dietetics,"For weight loss, the RDN should encourage physical activity as part of a comprehensive weight management program, individualized to gradually accumulate 150 to 420 minutes or more of physical activity per week, depending on intensity, unless medically contraindicated. Physical activity less than 150 minutes per week promotes minimal weight loss, physical activity more than 150 minutes per week results in modest weight loss of approximately 2 kg to 3 kg, and physical activity of more than 225 to 420 minutes per week results in 5 kg to 7.5 kg weight loss, and a dose–response exists.",consensus
438,Adult weight management evidence-based nutrition practice guideline.,Academy of Nutrition and Dietetics,"For weight maintenance, the RDN should encourage physical activity as part of a comprehensive weight management program, individualized to accumulate 200 to 300 minutes or more of physical activity per week, depending on intensity, unless medically contraindicated. Some studies support the value of approximately 200 to 300 minutes per week of physical activity during weight maintenance to reduce weight regain after weight loss.",consensus
439,Adult weight management evidence-based nutrition practice guideline.,Academy of Nutrition and Dietetics,"The RDN should recommend use of community resources, such as local food sources, food assistance programs, support systems and recreational facilities. Moderately strong evidence indicates a relationship between the food environment and dietary intake.",strong
440,"Complementary therapies and integrative medicine in lung cancer: diagnosis and management of lung cancer, 3rd ed: American College of Chest Physicians evidence-based clinical practice guidelines.",American College of Chest Physicians,It is suggested that all lung cancer patients should be asked about their interest in and usage of complementary therapies. Counseling on the benefits and risks of those therapies should be provided.,weak
441,"Complementary therapies and integrative medicine in lung cancer: diagnosis and management of lung cancer, 3rd ed: American College of Chest Physicians evidence-based clinical practice guidelines.",American College of Chest Physicians,"In lung cancer patients experiencing the symptoms, mind-body modalities are suggested as part of a multidisciplinary approach to reduce anxiety, mood disturbance, sleep disturbance, and improve quality of life (QOL).",weak
442,"Complementary therapies and integrative medicine in lung cancer: diagnosis and management of lung cancer, 3rd ed: American College of Chest Physicians evidence-based clinical practice guidelines.",American College of Chest Physicians,"In lung cancer patients experiencing the symptoms, mind-body modalities are suggested as part of a multidisciplinary approach to reduce acute or chronic pain.",weak
443,"Complementary therapies and integrative medicine in lung cancer: diagnosis and management of lung cancer, 3rd ed: American College of Chest Physicians evidence-based clinical practice guidelines.",American College of Chest Physicians,"In lung cancer patients experiencing the symptoms, mind-body modalities are suggested as part of a multidisciplinary approach to reduce anticipatory chemotherapy-induced nausea and vomiting.",weak
444,"Complementary therapies and integrative medicine in lung cancer: diagnosis and management of lung cancer, 3rd ed: American College of Chest Physicians evidence-based clinical practice guidelines.",American College of Chest Physicians,"In lung cancer patients experiencing the symptoms, yoga, a movement-based mind-body modality is suggested as part of a multidisciplinary approach to reduce fatigue and sleep disturbance while improving mood and QOL.",weak
445,"Complementary therapies and integrative medicine in lung cancer: diagnosis and management of lung cancer, 3rd ed: American College of Chest Physicians evidence-based clinical practice guidelines.",American College of Chest Physicians,"In lung cancer patients whose anxiety or pain is not adequately controlled by usual care, addition of massage therapy performed by trained professionals is suggested as part of a multi-modality cancer supportive care program.",weak
446,"Complementary therapies and integrative medicine in lung cancer: diagnosis and management of lung cancer, 3rd ed: American College of Chest Physicians evidence-based clinical practice guidelines.",American College of Chest Physicians,"In patients awaiting pulmonary resection for suspected lung cancer with compromised lung function, supervised exercise-based pulmonary rehabilitation is suggested to improve cardiorespiratory fitness and functional capacity.",weak
447,"Complementary therapies and integrative medicine in lung cancer: diagnosis and management of lung cancer, 3rd ed: American College of Chest Physicians evidence-based clinical practice guidelines.",American College of Chest Physicians,"In post-surgical lung cancer patients with compromised lung function, supervised exercise-based pulmonary rehabilitation is suggested to improve cardiorespiratory fitness and functional capacity.",weak
448,"Complementary therapies and integrative medicine in lung cancer: diagnosis and management of lung cancer, 3rd ed: American College of Chest Physicians evidence-based clinical practice guidelines.",American College of Chest Physicians,"In advanced (inoperable) lung cancer patients receiving palliative anticancer therapy and compromised lung function, supervised exercise-based pulmonary rehabilitation is suggested to improve cardiorespiratory fitness and functional capacity.",weak
449,"Complementary therapies and integrative medicine in lung cancer: diagnosis and management of lung cancer, 3rd ed: American College of Chest Physicians evidence-based clinical practice guidelines.",American College of Chest Physicians,"In patients having nausea and vomiting from either chemotherapy or radiation therapy, acupuncture or related techniques is suggested as an adjunct treatment option.",weak
450,"Complementary therapies and integrative medicine in lung cancer: diagnosis and management of lung cancer, 3rd ed: American College of Chest Physicians evidence-based clinical practice guidelines.",American College of Chest Physicians,"In patients with cancer related pain and peripheral neuropathy, acupuncture is suggested as an adjunct treatment in patients with inadequate control of symptoms.",weak
451,"Complementary therapies and integrative medicine in lung cancer: diagnosis and management of lung cancer, 3rd ed: American College of Chest Physicians evidence-based clinical practice guidelines.",American College of Chest Physicians,In people who might develop lung cancer a diet rich in non-starchy vegetables and fruits is suggested to reduce the risk of lung cancer.,weak
452,"Complementary therapies and integrative medicine in lung cancer: diagnosis and management of lung cancer, 3rd ed: American College of Chest Physicians evidence-based clinical practice guidelines.",American College of Chest Physicians,"In people who might develop lung cancer, limiting the consumption of a large amount of red meat and processed meat is suggested; lower meat consumption may reduce the risk of lung cancer.",weak
453,"Complementary therapies and integrative medicine in lung cancer: diagnosis and management of lung cancer, 3rd ed: American College of Chest Physicians evidence-based clinical practice guidelines.",American College of Chest Physicians,"In patients undergoing treatment of lung cancer who have experienced weight loss, the addition of high calorie and protein supplements (1.5 kcal/mL) as a nutritional adjunct is suggested to achieve weight stabilization.",weak
454,"Complementary therapies and integrative medicine in lung cancer: diagnosis and management of lung cancer, 3rd ed: American College of Chest Physicians evidence-based clinical practice guidelines.",American College of Chest Physicians,"In patients with lung cancer who have sarcopenia, oral nutritional supplementation with n-3 fatty acids is suggested in order to improve the nutritional status.",weak
455,"Treatment of tobacco use in lung cancer: diagnosis and management of lung cancer, 3rd ed: American College of Chest Physicians evidence-based clinical practice guidelines.",American College of Chest Physicians,The authors recommend that current smokers undergoing low-dose computed tomography (LDCT) screening be provided with cessation interventions that include counseling and pharmacotherapy.,strong
456,"Treatment of tobacco use in lung cancer: diagnosis and management of lung cancer, 3rd ed: American College of Chest Physicians evidence-based clinical practice guidelines.",American College of Chest Physicians,"Among current smokers with demonstrated smoking related pulmonary disease, the authors recommend providing intensive cessation interventions.",strong
457,"Treatment of tobacco use in lung cancer: diagnosis and management of lung cancer, 3rd ed: American College of Chest Physicians evidence-based clinical practice guidelines.",American College of Chest Physicians,"Among lung cancer patients undergoing surgery, the authors recommend perioperative cessation pharmacotherapy as a method for improving abstinence rates.",strong
458,"Treatment of tobacco use in lung cancer: diagnosis and management of lung cancer, 3rd ed: American College of Chest Physicians evidence-based clinical practice guidelines.",American College of Chest Physicians,"Among lung cancer patients undergoing surgery for whom pharmacotherapeutic support is either contraindicated or refused, the authors suggest cessation counseling alone during the perioperative period.",weak
459,"Treatment of tobacco use in lung cancer: diagnosis and management of lung cancer, 3rd ed: American College of Chest Physicians evidence-based clinical practice guidelines.",American College of Chest Physicians,"Among lung cancer patients undergoing surgery, the timing of cessation does not appear to increase the risk of post-operative complications; the authors suggest that cessation interventions be initiated in the pre-operative period",weak
460,"Treatment of tobacco use in lung cancer: diagnosis and management of lung cancer, 3rd ed: American College of Chest Physicians evidence-based clinical practice guidelines.",American College of Chest Physicians,"For lung cancer patients attempting cessation in conjunction with surgical interventions, the authors recommend initiating counseling and pharmacotherapy at the outset of surgical intervention.",strong
461,"Treatment of tobacco use in lung cancer: diagnosis and management of lung cancer, 3rd ed: American College of Chest Physicians evidence-based clinical practice guidelines.",American College of Chest Physicians,"Among lung cancer patients undergoing chemotherapy, the authors recommend cessation interventions that include counseling and pharmacotherapy to improve abstinence rates.",strong
462,"Treatment of tobacco use in lung cancer: diagnosis and management of lung cancer, 3rd ed: American College of Chest Physicians evidence-based clinical practice guidelines.",American College of Chest Physicians,"Among lung cancer patients with depressive symptoms, the authors suggest cessation pharmacotherapy with bupropion as a method to improve abstinence rates, depressive symptoms, and quality of life (QOL).",weak
463,"Treatment of tobacco use in lung cancer: diagnosis and management of lung cancer, 3rd ed: American College of Chest Physicians evidence-based clinical practice guidelines.",American College of Chest Physicians,"Among lung cancer patients for whom pharmacotherapeutic support is either contraindicated or refused, the authors suggest cessation counseling alone as a method to improve abstinence rates.",weak
464,"Treatment of tobacco use in lung cancer: diagnosis and management of lung cancer, 3rd ed: American College of Chest Physicians evidence-based clinical practice guidelines.",American College of Chest Physicians,"Among lung cancer patients undergoing radiotherapy, the authors recommend cessation interventions that include counseling and pharmacotherapy.",strong
465,Preexposure prophylaxis for the prevention of HIV Infection in the United States - 2014.,Centers for Disease Control and Prevention,,strong
466,An evidence-based prehospital guideline for external hemorrhage control: American College of Surgeons Committee on Trauma,American College of Surgeons,The panel recommends the use of tourniquets in the prehospital setting for the control of significant extremity hemorrhage if direct pressure is ineffective or impractical.,strong
467,An evidence-based prehospital guideline for external hemorrhage control: American College of Surgeons Committee on Trauma,American College of Surgeons,"The panel suggests using commercially produced windlass, pneumatic, or ratcheting devices that have been demonstrated to occlude arterial flow.",weak
468,An evidence-based prehospital guideline for external hemorrhage control: American College of Surgeons Committee on Trauma,American College of Surgeons,"The panel suggests against the use of narrow, elastic, or bungee-type devices.",weak
469,An evidence-based prehospital guideline for external hemorrhage control: American College of Surgeons Committee on Trauma,American College of Surgeons,The panel suggests that improvised tourniquets be applied only if no commercial device is available.,weak
470,An evidence-based prehospital guideline for external hemorrhage control: American College of Surgeons Committee on Trauma,American College of Surgeons,The panel suggests against releasing a tourniquet that has been properly applied in the prehospital setting until the patient has reached definitive care.,weak
471,An evidence-based prehospital guideline for external hemorrhage control: American College of Surgeons Committee on Trauma,American College of Surgeons,"The panel suggests the use of topical hemostatic agents, in combination with direct pressure, for the control of significant hemorrhage in the prehospital setting in anatomic areas where tourniquets cannot be applied and where sustained direct pressure alone is ineffective or impractical.",weak
472,An evidence-based prehospital guideline for external hemorrhage control: American College of Surgeons Committee on Trauma,American College of Surgeons,The panel suggests that topical hemostatic agents be delivered in a gauze format that supports wound packing.,weak
473,An evidence-based prehospital guideline for external hemorrhage control: American College of Surgeons Committee on Trauma,American College of Surgeons,Only products determined effective and safe in a standardized laboratory injury model should be used.,weak
474,Clinical practice guideline: acute otitis externa.,American Academy of Otolaryngology - Head and Neck Surgery Foundation,"Clinicians should distinguish diffuse acute otitis externa (AOE) from other causes of otalgia, otorrhea, and inflammation of the external ear canal.",moderate
475,Clinical practice guideline: acute otitis externa.,American Academy of Otolaryngology - Head and Neck Surgery Foundation,"Clinicians should assess the patient with diffuse AOE for factors that modify management (nonintact tympanic membrane, tympanostomy tube, diabetes, immunocompromised state, prior radiotherapy).",moderate
476,Clinical practice guideline: acute otitis externa.,American Academy of Otolaryngology - Head and Neck Surgery Foundation,The clinician should assess patients with AOE for pain and recommend analgesic treatment based on the severity of pain.,strong
477,Clinical practice guideline: acute otitis externa.,American Academy of Otolaryngology - Head and Neck Surgery Foundation,"Clinicians should not prescribe systemic antimicrobials as initial therapy for diffuse, uncomplicated AOE unless there is extension outside the ear canal or the presence of specific host factors that would indicate a need for systemic therapy.",strong
478,Clinical practice guideline: acute otitis externa.,American Academy of Otolaryngology - Head and Neck Surgery Foundation,"Clinicians should prescribe topical preparations for initial therapy of diffuse, uncomplicated AOE.",moderate
479,Clinical practice guideline: acute otitis externa.,American Academy of Otolaryngology - Head and Neck Surgery Foundation,"The clinician should enhance the delivery of topical drops by informing the patient how to administer topical drops and by performing aural toilet, placing a wick, or both, when the ear canal is obstructed.",moderate
480,Clinical practice guideline: acute otitis externa.,American Academy of Otolaryngology - Head and Neck Surgery Foundation,"When the patient has a known or suspected perforation of the tympanic membrane, including a tympanostomy tube, the clinician should prescribe a non-ototoxic topical preparation.",moderate
481,Clinical practice guideline: acute otitis externa.,American Academy of Otolaryngology - Head and Neck Surgery Foundation,The clinician should reassess the patient who fails to respond to the initial therapeutic option within 48 to 72 hours to confirm the diagnosis of diffuse AOE and to exclude other causes of illness.,moderate
482,Guideline for the prevention and treatment of anticipatory nausea and vomiting due to chemotherapy in pediatric cancer patients.,Pediatric Oncology Group of Ontario,The panel suggests that psychological interventions such as hypnosis or systematic desensitization may be offered to children with anticipatory CINV.,weak
483,Guideline for the prevention and treatment of anticipatory nausea and vomiting due to chemotherapy in pediatric cancer patients.,Pediatric Oncology Group of Ontario,The panel suggests that lorazepam in a dose of 0.04 to 0.08 mg/kg/dose (maximum: 2 mg/dose) once at bedtime the night before chemotherapy and once the next day prior to administration of chemotherapy may be used to prevent or treat anticipatory CINV in children.,weak
484,Practice parameters for the surgical treatment of ulcerative colitis.,American Society of Colon and Rectal Surgeons,,strong
485,Practice parameters for the surgical treatment of ulcerative colitis.,American Society of Colon and Rectal Surgeons,,strong
486,Practice parameters for the surgical treatment of ulcerative colitis.,American Society of Colon and Rectal Surgeons,,strong
487,Practice parameters for the surgical treatment of ulcerative colitis.,American Society of Colon and Rectal Surgeons,,strong
488,Practice parameters for the surgical treatment of ulcerative colitis.,American Society of Colon and Rectal Surgeons,,strong
489,Practice parameters for the surgical treatment of ulcerative colitis.,American Society of Colon and Rectal Surgeons,,strong
490,Practice parameters for the surgical treatment of ulcerative colitis.,American Society of Colon and Rectal Surgeons,,strong
491,Practice parameters for the surgical treatment of ulcerative colitis.,American Society of Colon and Rectal Surgeons,,strong
492,Practice parameters for the surgical treatment of ulcerative colitis.,American Society of Colon and Rectal Surgeons,,strong
493,Practice parameters for the surgical treatment of ulcerative colitis.,American Society of Colon and Rectal Surgeons,,strong
494,Practice parameters for the surgical treatment of ulcerative colitis.,American Society of Colon and Rectal Surgeons,,strong
495,Practice parameters for the surgical treatment of ulcerative colitis.,American Society of Colon and Rectal Surgeons,,strong
496,Practice parameters for the surgical treatment of ulcerative colitis.,American Society of Colon and Rectal Surgeons,,strong
497,Practice parameters for the surgical treatment of ulcerative colitis.,American Society of Colon and Rectal Surgeons,,strong
498,Practice parameters for the surgical treatment of ulcerative colitis.,American Society of Colon and Rectal Surgeons,,strong
499,Practice parameters for the surgical treatment of ulcerative colitis.,American Society of Colon and Rectal Surgeons,,strong
500,Practice parameters for the surgical treatment of ulcerative colitis.,American Society of Colon and Rectal Surgeons,,strong
501,Practice parameters for the surgical treatment of ulcerative colitis.,American Society of Colon and Rectal Surgeons,,weak
502,Practice parameters for the surgical treatment of ulcerative colitis.,American Society of Colon and Rectal Surgeons,,strong
503,Practice parameters for the surgical treatment of ulcerative colitis.,American Society of Colon and Rectal Surgeons,,weak
504,Practice parameters for the surgical treatment of ulcerative colitis.,American Society of Colon and Rectal Surgeons,,weak
505,Practice parameters for the surgical treatment of ulcerative colitis.,American Society of Colon and Rectal Surgeons,,strong
506,Practice parameters for the surgical treatment of ulcerative colitis.,American Society of Colon and Rectal Surgeons,,strong
507,Practice parameters for the surgical treatment of ulcerative colitis.,American Society of Colon and Rectal Surgeons,,strong
508,Evaluation and management of gallstone-related diseases in non-pregnant adults.,University of Michigan Health System,,weak
509,Evaluation and management of gallstone-related diseases in non-pregnant adults.,University of Michigan Health System,,strong
510,Screening for gestational diabetes mellitus: U.S. Preventive Services Task Force recommendation statement.,U.S. Preventive Services Task Force,The USPSTF recommends screening for gestational diabetes mellitus (GDM) in asymptomatic pregnant women after 24 weeks of gestation.,moderate
512,Guideline for primary antifungal prophylaxis for pediatric patients with cancer or hematopoietic stem cell transplant recipients.,C17 Council,"For children one month to less than 19 years of age undergoing allogeneic HSCT, administer fluconazole 6–12 mg/kg/day (maximum 400 mg/day) intravenous (IV) or oral (PO) from the start of conditioning until engraftment.",strong
513,Guideline for primary antifungal prophylaxis for pediatric patients with cancer or hematopoietic stem cell transplant recipients.,C17 Council,"For the above children where fluconazole is contraindicated, administer an echinocandin as an alternative to fluconazole.",strong
514,Guideline for primary antifungal prophylaxis for pediatric patients with cancer or hematopoietic stem cell transplant recipients.,C17 Council,"For children 13 years of age or older undergoing allogeneic HSCT with acute Grade II–IV or chronic extensive GVHD, prophylaxis with posaconazole 200 mg PO three times a day (TID) from GVHD diagnosis until resolution of acute Grade II-IV GVHD or chronic extensive GVHD is suggested.",weak
515,Guideline for primary antifungal prophylaxis for pediatric patients with cancer or hematopoietic stem cell transplant recipients.,C17 Council,"For the above children where posaconazole is contraindicated, fluconazole 6 – 12 mg/kg/day (maximum 400 mg/day) IV/PO is suggested as an alternative to posaconazole.",weak
516,Guideline for primary antifungal prophylaxis for pediatric patients with cancer or hematopoietic stem cell transplant recipients.,C17 Council,"For children one month to less than 13 years of age, fluconazole 6–12 mg/kg/day (maximum 400 mg/day) IV/PO from GVHD diagnosis until resolution of acute Grade II–IV GVHD or chronic extensive GVHD is suggested.",weak
517,Guideline for primary antifungal prophylaxis for pediatric patients with cancer or hematopoietic stem cell transplant recipients.,C17 Council,"For children one month to less than 19 years of age undergoing autologous HSCT with anticipated neutropenia for more than 7 days, administer fluconazole 6–12 mg/kg/day (maximum 400 mg/day) IV/PO from the start of conditioning until engraftment.",strong
518,Guideline for primary antifungal prophylaxis for pediatric patients with cancer or hematopoietic stem cell transplant recipients.,C17 Council,"For children one month to less than 19 years of age with AML or MDS, administer fluconazole 6–12 mg/kg/day (maximum 400 mg/day) IV/PO during chemotherapy-associated neutropenia.",strong
519,Guideline for primary antifungal prophylaxis for pediatric patients with cancer or hematopoietic stem cell transplant recipients.,C17 Council,"For children 13 years of age or older with AML or MDS, posaconazole 200 mg PO TID is suggested as an alternative to fluconazole in centers where there is a high local incidence of mold infections or if fluconazole is not available.",weak
520,Guideline for primary antifungal prophylaxis for pediatric patients with cancer or hematopoietic stem cell transplant recipients.,C17 Council,"The panel suggests that antifungal prophylaxis not be given routinely to children with malignancy and neutropenia anticipated to persist for greater than 7 days, outside of patients undergoing HSCT or those with AML/MDS.",weak
521,Optimal timing of femur fracture stabilization in polytrauma patients: a practice management guideline from the Eastern Association for the Surgery of Trauma.,Eastern Association for the Surgery of Trauma,"In trauma patients with open or closed femur fractures, the panel suggests early (<24 hours) open reduction and internal fracture fixation. This recommendation is conditional, and the strength of the evidence is low. Early stabilization of femur fractures shows a trend (statistically insignificant) toward lower risk of infection, mortality, and venous thromboembolism (VTE). Therefore, the panel concludes that the desirable effects of early femur fracture stabilization probably outweigh the undesirable effects in most patients.",weak
522,Guidelines for the identification and management of substance use and substance use disorders in pregnancy.,World Health Organization,Health-care providers should ask all pregnant women about their use of alcohol and other substances (past and present) as early as possible in the pregnancy and at every antenatal visit.,strong
523,Guidelines for the identification and management of substance use and substance use disorders in pregnancy.,World Health Organization,Health-care providers should offer a brief intervention to all pregnant women using alcohol or drugs.,strong
524,Guidelines for the identification and management of substance use and substance use disorders in pregnancy.,World Health Organization,Health-care providers managing pregnant or postpartum women with alcohol or other substance use disorders should offer comprehensive assessment and individualized care.,weak
525,Guidelines for the identification and management of substance use and substance use disorders in pregnancy.,World Health Organization,"Health-care providers should, at the earliest opportunity, advise pregnant women dependent on alcohol or drugs to cease their alcohol or drug use and offer, or refer to, detoxification services under medical supervision where necessary and applicable.",strong
526,Guidelines for the identification and management of substance use and substance use disorders in pregnancy.,World Health Organization,Pregnant women dependent on opioids should be encouraged to use opioid maintenance treatment whenever available rather than to attempt opioid detoxification.,strong
527,Guidelines for the identification and management of substance use and substance use disorders in pregnancy.,World Health Organization,"Pregnant women with benzodiazepine dependence should undergo a gradual dose reduction, using long-acting benzodiazepines.",strong
528,Guidelines for the identification and management of substance use and substance use disorders in pregnancy.,World Health Organization,Pregnant women who develop withdrawal symptoms following the cessation of alcohol consumption should be managed with the short-term use of a long-acting benzodiazepine.,strong
529,Guidelines for the identification and management of substance use and substance use disorders in pregnancy.,World Health Organization,"In withdrawal management for pregnant women with stimulant dependence, psychopharmacological medications may be useful to assist with symptoms of psychiatric disorders but are not routinely required.",strong
530,Guidelines for the identification and management of substance use and substance use disorders in pregnancy.,World Health Organization,"Pharmacotherapy is not recommended for routine treatment of dependence on amphetamine-type stimulants, cannabis, cocaine or volatile agents in pregnant patients.",weak
531,Guidelines for the identification and management of substance use and substance use disorders in pregnancy.,World Health Organization,"Given that the safety and efficacy of medications for the treatment of alcohol dependence has not been established in pregnancy, an individual risk benefit analysis should be conducted for each woman.",weak
532,Guidelines for the identification and management of substance use and substance use disorders in pregnancy.,World Health Organization,Pregnant patients with opioid dependence should be advised to continue or commence opioid maintenance therapy with either methadone or buprenorphine.,strong
533,Guidelines for the identification and management of substance use and substance use disorders in pregnancy.,World Health Organization,Skin-to-skin contact is important regardless of feeding choice and needs to be actively encouraged for a mother with a substance use disorder who is able to respond to her baby's needs.,strong
534,Guidelines for the identification and management of substance use and substance use disorders in pregnancy.,World Health Organization,Mothers who are stable on opioid maintenance treatment with either methadone or buprenorphine should be encouraged to breastfeed unless the risks clearly outweigh the benefits.,strong
535,Guidelines for the identification and management of substance use and substance use disorders in pregnancy.,World Health Organization,"Health-care facilities providing obstetric care should have a protocol in place for identifying, assessing, monitoring and intervening, using non-pharmacological and pharmacological methods, for neonates prenatally exposed to opioids.",strong
536,Guidelines for the identification and management of substance use and substance use disorders in pregnancy.,World Health Organization,An opioid should be used as initial treatment for an infant with neonatal opioid withdrawal syndrome if required.,strong
537,Guidelines for the identification and management of substance use and substance use disorders in pregnancy.,World Health Organization,"If an infant has signs of a neonatal withdrawal syndrome due to withdrawal from sedatives or alcohol or the substance the infant was exposed to is unknown, then phenobarbital may be a preferable initial treatment option.",weak
538,Guidelines for the identification and management of substance use and substance use disorders in pregnancy.,World Health Organization,All infants born to women with alcohol use disorders should be assessed for signs of fetal alcohol syndrome (FAS).,weak
539,2013 IDSA clinical practice guideline for vaccination of the immunocompromised host.,Infectious Diseases Society of America,Specialists who care for immunocompromised patients share responsibility with the primary care provider for ensuring that appropriate vaccinations are administered to immunocompromised patients.,strong
540,2013 IDSA clinical practice guideline for vaccination of the immunocompromised host.,Infectious Diseases Society of America,>Specialists who care for immunocompromised patients share responsibility with the primary care provider for recommending appropriate vaccinations for members of immunocompromised patients' household.,strong
541,2013 IDSA clinical practice guideline for vaccination of the immunocompromised host.,Infectious Diseases Society of America,Vaccines should be administered prior to planned immunosuppression if feasible.,strong
542,2013 IDSA clinical practice guideline for vaccination of the immunocompromised host.,Infectious Diseases Society of America,Inactivated vaccines should be administered ≥2 weeks prior to immunosuppression.,strong
543,2013 IDSA clinical practice guideline for vaccination of the immunocompromised host.,Infectious Diseases Society of America,"Immunocompetent individuals who live in a household with immunocompromised patients can safely receive inactivated vaccines based on the CDC–ACIP's annually updated recommended vaccination schedules for children and adults (hereafter, CDC annual schedule; or for travel.",strong
544,2013 IDSA clinical practice guideline for vaccination of the immunocompromised host.,Infectious Diseases Society of America,"Healthy immunocompetent individuals who live in a household with immunocompromised patients should receive the following live vaccines based on the CDC annual schedule: combined measles, mumps, and rubella (MMR) vaccines; rotavirus vaccine in infants aged 2–7 months; varicella vaccine (VAR); and zoster vaccine (ZOS). Also, these individuals can safely receive the following vaccines for travel: yellow fever vaccine.",strong
545,2013 IDSA clinical practice guideline for vaccination of the immunocompromised host.,Infectious Diseases Society of America,Oral polio vaccine (OPV) should not be administered to individuals who live in a household with immunocompromised patients.,strong
546,2013 IDSA clinical practice guideline for vaccination of the immunocompromised host.,Infectious Diseases Society of America,Highly immunocompromised patients should avoid handling diapers of infants who have been vaccinated with rotavirus vaccine for 4 weeks after vaccination.,strong
547,2013 IDSA clinical practice guideline for vaccination of the immunocompromised host.,Infectious Diseases Society of America,Immunocompromised patients should avoid contact with persons who develop skin lesions after receipt VAR or ZOS until the lesions clear.,strong
548,2013 IDSA clinical practice guideline for vaccination of the immunocompromised host.,Infectious Diseases Society of America,Clinicians may administer inactivated vaccines indicated for travel based on the CDC annual schedule for immunocompetent adults and children,strong
549,2013 IDSA clinical practice guideline for vaccination of the immunocompromised host.,Infectious Diseases Society of America,"With certain exceptions (e.g., yellow fever vaccine and MMR vaccine in certain HIV-infected patients [see recommendation 13 and ""Recommendations for Vaccination of HIV-infected Adults, Adolescents, and Children"" section] and in certain HSCT patient [see ""Recommendations for Vaccination of Hematopoietic Stem Cell Transplant Patients""]), live vaccines should not be given to immunocompromised persons.",strong
550,2013 IDSA clinical practice guideline for vaccination of the immunocompromised host.,Infectious Diseases Society of America,"VAR should be given to immunocompetent patients without evidence of varicella immunity (i.e., age-appropriate varicella vaccination, serologic evidence of immunity, clinician-diagnosed or -verified history of varicella or zoster, or laboratory-proven varicella or zoster; if it can be administered ≥4 weeks before initiating immunosuppressive therapy .",strong
551,2013 IDSA clinical practice guideline for vaccination of the immunocompromised host.,Infectious Diseases Society of America,"A 2-dose schedule of VAR, separated by >4 weeks for patients aged ≥13 years and by ≥3 months for patients aged 1–12 years, is recommended if there is sufficient time prior to initiating immunosuppressive therapy.",strong
552,2013 IDSA clinical practice guideline for vaccination of the immunocompromised host.,Infectious Diseases Society of America,"VAR should not be administered to highly immunocompromised patients. However, certain categories of patients (e.g., patients with HIV infection without severe immunosuppression or with a primary immune deficiency disorder without defective T-cell–mediated immunity, such as primary complement component deficiency disorder or chronic granulomatous disease [CGD]) should receive VAR, adhering to a 2-dose schedule separated by a 3-month interval.",strong
553,2013 IDSA clinical practice guideline for vaccination of the immunocompromised host.,Infectious Diseases Society of America,"VAR can be considered for patients without evidence of varicella immunity (defined in recommendation 16) who are receiving long-term, low-level immunosuppression.",weak
554,2013 IDSA clinical practice guideline for vaccination of the immunocompromised host.,Infectious Diseases Society of America,"VAR should be administered to eligible immunocompromised patients as the single antigen product, not VAR combined with MMR vaccine.",strong
555,2013 IDSA clinical practice guideline for vaccination of the immunocompromised host.,Infectious Diseases Society of America,ZOS should be given to patients aged ≥60 years if it can be administered ≥4 weeks before beginning highly immunosuppressive therapy.,strong
556,2013 IDSA clinical practice guideline for vaccination of the immunocompromised host.,Infectious Diseases Society of America,"ZOS should be considered for varicella-positive patients (i.e., persons with a history of varicella or zoster infection or who are varicella–zoster virus [VZV] seropositive with no previous doses of VAR) aged 50–59 years if it can be administered ≥4 weeks before beginning immunosuppressive therapy.",weak
557,2013 IDSA clinical practice guideline for vaccination of the immunocompromised host.,Infectious Diseases Society of America,ZOS should be administered to patients aged ≥60 years who are receiving therapy considered to induce a low level of immunosuppression.,strong
558,2013 IDSA clinical practice guideline for vaccination of the immunocompromised host.,Infectious Diseases Society of America,ZOS should not be administered to highly immunocompromised patients.,strong
559,2013 IDSA clinical practice guideline for vaccination of the immunocompromised host.,Infectious Diseases Society of America,"Annual vaccination with IIV is recommended for immunocompromised patients aged ≥6 months except for patients who are very unlikely to respond (although unlikely to be harmed by IIV), such as those receiving intensive chemotherapy or those who have received anti–B-cell antibodies within 6 months.",strong
560,2013 IDSA clinical practice guideline for vaccination of the immunocompromised host.,Infectious Diseases Society of America,LAIV should not be administered to immunocompromised persons.,weak
561,2013 IDSA clinical practice guideline for vaccination of the immunocompromised host.,Infectious Diseases Society of America,Patients with primary complement deficiencies should receive all routine vaccines based on the CDC annual schedule; none are contraindicated.,strong
562,2013 IDSA clinical practice guideline for vaccination of the immunocompromised host.,Infectious Diseases Society of America,"Patients aged ≥2 years with an early classic pathway, alternate pathway, or severe MBL deficiency should receive PPSV23 ≥8 weeks after PCV13, and a second dose of PPSV23 should be given 5 years later.",strong
563,2013 IDSA clinical practice guideline for vaccination of the immunocompromised host.,Infectious Diseases Society of America,Patients with a primary complement component deficiency should be revaccinated with MCV4 (or MPSV4 for those aged >55 years who have not received MCV4) every 5 years.,strong
564,2013 IDSA clinical practice guideline for vaccination of the immunocompromised host.,Infectious Diseases Society of America,Patients aged ≥6 years with phagocytic cell deficiencies other than CGD (unless patient with CGD is receiving immunosuppressive medication) should receive PCV13 as in recommendations 27b and 27c.,strong
565,2013 IDSA clinical practice guideline for vaccination of the immunocompromised host.,Infectious Diseases Society of America,"Patients aged ≥2 years with phagocytic cell deficiencies other than CGD (unless patient with CGD is receiving immunosuppressive medication) should receive PPSV23 ≥8 weeks after receipt of PCV13, and a second dose of PPSV23 should be given 5 years later.",weak
566,2013 IDSA clinical practice guideline for vaccination of the immunocompromised host.,Infectious Diseases Society of America,"Live bacterial vaccines, such as bacillus Calmette–Guérin (BCG) or oral typhoid vaccine, should not be administered to patients with a phagocytic cell defect.",strong
567,2013 IDSA clinical practice guideline for vaccination of the immunocompromised host.,Infectious Diseases Society of America,Live viral vaccines should be administered to patients with CGD and to those with congenital or cyclical neutropenia.,weak
568,2013 IDSA clinical practice guideline for vaccination of the immunocompromised host.,Infectious Diseases Society of America,"Live viral vaccines should not be administered to patients with leukocyte adhesion deficiency, defects of cytotoxic granule release such as Chediak–Higashi syndrome (see question XIII, recommendation 50) or any other undefined phagocytic cell defect.",strong
569,2013 IDSA clinical practice guideline for vaccination of the immunocompromised host.,Infectious Diseases Society of America,Patients with innate immune defects that result in defects of cytokine generation/response or cellular activation should receive all inactivated vaccines based on the CDC annual schedule.,strong
570,2013 IDSA clinical practice guideline for vaccination of the immunocompromised host.,Infectious Diseases Society of America,"For patients with innate immune defects that result in defects of cytokine generation/response or cellular activation, PCV13 should be administered as in recommendations 27a–c.",strong
571,2013 IDSA clinical practice guideline for vaccination of the immunocompromised host.,Infectious Diseases Society of America,The advice of a specialist should be sought regarding individual conditions concerning use of live vaccines in patients with innate immune defects that result in defects of cytokine generation/response or cellular activation/inflammation generation.,strong
572,2013 IDSA clinical practice guideline for vaccination of the immunocompromised host.,Infectious Diseases Society of America,Live bacterial vaccines should not be administered to patients with defects of the interferon-gamma/interleukin-12 (IFN-γ/IL-12) pathways.,strong
573,2013 IDSA clinical practice guideline for vaccination of the immunocompromised host.,Infectious Diseases Society of America,Live viral vaccines should not be administered to patients with defects of IFN (alpha or gamma) production.,strong
574,2013 IDSA clinical practice guideline for vaccination of the immunocompromised host.,Infectious Diseases Society of America,"Patients with immunoglobulin (Ig)A deficiency or specific polysaccharide antibody deficiency (SPAD) should receive all routine vaccinations based on the CDC annual schedule, provided that other components of their immune systems are normal.",strong
575,2013 IDSA clinical practice guideline for vaccination of the immunocompromised host.,Infectious Diseases Society of America,Monitoring of vaccine responses can be useful for assessing the degree of immunodeficiency of patients with minor antibody deficiencies and level of protection.,weak
576,2013 IDSA clinical practice guideline for vaccination of the immunocompromised host.,Infectious Diseases Society of America,OPV should not be administered to IgA-deficient patients.,strong
577,2013 IDSA clinical practice guideline for vaccination of the immunocompromised host.,Infectious Diseases Society of America,Inactivated vaccines other than IIV are not routinely administered to patients with major antibody deficiencies during immunoglobulin therapy.,strong
578,2013 IDSA clinical practice guideline for vaccination of the immunocompromised host.,Infectious Diseases Society of America,"For patients with suspected major antibody deficiencies, all inactivated vaccines can be administered as part of immune response assessment prior to immunoglobulin therapy.",strong
579,2013 IDSA clinical practice guideline for vaccination of the immunocompromised host.,Infectious Diseases Society of America,IIV can be administered to patients with major antibody deficiencies and some residual antibody production.,weak
580,2013 IDSA clinical practice guideline for vaccination of the immunocompromised host.,Infectious Diseases Society of America,Live OPV should not be administered to patients with major antibody deficiencies.,strong
581,2013 IDSA clinical practice guideline for vaccination of the immunocompromised host.,Infectious Diseases Society of America,Live vaccines (other than OPV) should not be administered to patients with major antibody deficiencies.,weak
582,2013 IDSA clinical practice guideline for vaccination of the immunocompromised host.,Infectious Diseases Society of America,"For patients with suspected combined immunodeficiencies, all inactivated vaccines can be administered as part of the immune response assessment prior to commencement of immunoglobulin therapy.",strong
583,2013 IDSA clinical practice guideline for vaccination of the immunocompromised host.,Infectious Diseases Society of America,"For patients with combined immunodeficiencies who are receiving immunoglobulin therapy, inactivated vaccines should not be routinely administered.",strong
584,2013 IDSA clinical practice guideline for vaccination of the immunocompromised host.,Infectious Diseases Society of America,"For patients with combined immunodeficiencies and residual antibody production potential, IIV can be administered.",weak
585,2013 IDSA clinical practice guideline for vaccination of the immunocompromised host.,Infectious Diseases Society of America,"Children with partial DiGeorge syndrome (pDGS) should undergo immune system assessment with evaluation of lymphocyte subsets and mitogen responsiveness in order to determine whether they should be given live viral vaccines. Those with ≥500 CD3 T cells/mm 3 , ≥200 CD8 T cells/mm 3 , and normal mitogen response should receive MMR vaccine and VAR.",weak
586,2013 IDSA clinical practice guideline for vaccination of the immunocompromised host.,Infectious Diseases Society of America,"Patients with SCID, DGS with a CD3 T-cell lymphocyte count <500 cells/mm 3 , other combined immunodeficiencies with similar CD3 T-cell lymphocyte counts, Wiskott–Aldrich syndrome, or X-linked lymphoproliferative disease and familial disorders that predispose them to hemophagocytic lymphohistiocytosis should avoid all live vaccines.",strong
587,2013 IDSA clinical practice guideline for vaccination of the immunocompromised host.,Infectious Diseases Society of America,"HIV-infected patients should be vaccinated according to the CDC annual schedule for the following inactivated vaccines: IIV; PCV13 in patients aged <2 years; H. influenzae type b conjugate (Hib) vaccine; diphtheria toxoid, tetanus toxoid, acellular pertussis (DTaP) vaccine; tetanus toxoid, reduced diphtheria toxoid, and reduced acellular pertussis (Tdap) vaccine; tetanus toxoid, reduced diphtheria toxoid (Td) vaccine; hepatitis B (HepB) vaccine; hepatitis A (HepA) vaccine; inactivated poliovirus (IPV) vaccine; and quadrivalent human papillomavirus (HPV4) vaccine in females and males aged 11–26 years with additions noted below.",strong
588,2013 IDSA clinical practice guideline for vaccination of the immunocompromised host.,Infectious Diseases Society of America,PCV13 should be administered to HIV-infected patients aged ≥2 years as in recommendations 27a–c.,strong
589,2013 IDSA clinical practice guideline for vaccination of the immunocompromised host.,Infectious Diseases Society of America,"HepB vaccine containing 20 μg of HepB surface antigen (HBsAg) combined with HepA vaccine (HepA–HepB; Twinrix), 3-dose series, can be used for primary vaccination of HIV-infected patients aged ≥12 years.",strong
590,2013 IDSA clinical practice guideline for vaccination of the immunocompromised host.,Infectious Diseases Society of America,Internationally adopted HIV-infected children who have received doses of OPV should receive a total of 4 doses of a combination of OPV and IPV vaccine.,strong
591,2013 IDSA clinical practice guideline for vaccination of the immunocompromised host.,Infectious Diseases Society of America,HIV-exposed or -infected infants should receive rotavirus vaccine according to the schedule for uninfected infants.,strong
592,2013 IDSA clinical practice guideline for vaccination of the immunocompromised host.,Infectious Diseases Society of America,HIV-infected patients should not receive LAIV.,weak
593,2013 IDSA clinical practice guideline for vaccination of the immunocompromised host.,Infectious Diseases Society of America,HIV-infected children with a CD4 T-cell percentage <15 or patients aged ≥14 years with a CD4 T-cell lymphocyte count <200 cells/mm 3 should not receive MMR vaccine.,strong
594,2013 IDSA clinical practice guideline for vaccination of the immunocompromised host.,Infectious Diseases Society of America,HIV-infected patients should not receive quadrivalent MMR-varicella (MMRV) vaccine.,strong
595,2013 IDSA clinical practice guideline for vaccination of the immunocompromised host.,Infectious Diseases Society of America,"Patients aged ≥6 months with hematological malignancies or solid tumor malignancies except those receiving anti–B-cell antibodies or intensive chemotherapy, such as for induction or consolidation chemotherapy for acute leukemia, should receive IIV annually.",strong
596,2013 IDSA clinical practice guideline for vaccination of the immunocompromised host.,Infectious Diseases Society of America,Live viral vaccines should not be administered during chemotherapy.,strong
597,2013 IDSA clinical practice guideline for vaccination of the immunocompromised host.,Infectious Diseases Society of America,"Prior to HSCT, candidates should receive vaccines indicated for immunocompetent persons based on age, vaccination history, and exposure history according to the CDC annual schedule if they are not already immunosuppressed and when the interval to start of the conditioning regimen is ≥4 weeks for live vaccines and ≥2 weeks for inactivated vaccines.",strong
598,2013 IDSA clinical practice guideline for vaccination of the immunocompromised host.,Infectious Diseases Society of America,Nonimmune HSCT candidates aged ≥12 months should receive VAR (as a 2-dose regimen if there is sufficient time) if they are not immunosuppressed and when the interval to start the conditioning regimen is ≥4 weeks.,strong
599,2013 IDSA clinical practice guideline for vaccination of the immunocompromised host.,Infectious Diseases Society of America,"Three doses of Hib vaccine should be administered 6–12 months after HSCT ( strong, moderate ).",strong
600,2013 IDSA clinical practice guideline for vaccination of the immunocompromised host.,Infectious Diseases Society of America,"Two doses of MCV4 should be administered 6–12 months after HSCT to persons aged 11–18 years, with a booster dose given at age 16–18 years for those who received the initial post-HSCT dose of vaccine at age 11–15 years.",strong
601,2013 IDSA clinical practice guideline for vaccination of the immunocompromised host.,Infectious Diseases Society of America,Three doses of IPV vaccine should be administered 6–12 months after HSCT.,strong
602,2013 IDSA clinical practice guideline for vaccination of the immunocompromised host.,Infectious Diseases Society of America,Consider administration of 3 doses of HPV vaccine 6–12 months after HSCT for female patients aged 11–26 years and HPV4 vaccine for males aged 11–26 years.,weak
603,2013 IDSA clinical practice guideline for vaccination of the immunocompromised host.,Infectious Diseases Society of America,Do not administer live vaccines to HSCT patients with active GVHD or ongoing immunosuppression.,strong
604,2013 IDSA clinical practice guideline for vaccination of the immunocompromised host.,Infectious Diseases Society of America,A 2-dose series of MMR vaccine should be administered to measles-seronegative adolescents and adults and to measles-seronegative children 24 months after HSCT in patients with neither chronic GVHD nor ongoing immunosuppression and 8–11 months (or earlier if there is a measles outbreak) after the last dose of immune globulin intravenous (IGIV).,strong
605,2013 IDSA clinical practice guideline for vaccination of the immunocompromised host.,Infectious Diseases Society of America,A 2-dose series of VAR should be administered 24 months after HSCT to varicella seronegative patients with neither GVHD nor ongoing immunosuppression and 8–11 months after the last dose of IGIV.,strong
606,2013 IDSA clinical practice guideline for vaccination of the immunocompromised host.,Infectious Diseases Society of America,"Adults and children with chronic or end-stage kidney, liver, heart, or lung disease, including solid organ transplant (SOT) candidates, should receive all age-, exposure history-, and immune status-appropriate vaccines based on the CDC annual schedule for immunocompetent persons.",strong
607,2013 IDSA clinical practice guideline for vaccination of the immunocompromised host.,Infectious Diseases Society of America,"Adult SOT candidates; adults with end-stage kidney disease; and pediatric patients who are SOT candidates; are aged <6 years and have end-stage kidney, heart, or lung disease; or are aged 6–18 years and have end-stage kidney disease should receive PCV13 as in recommendations 27a-c.",strong
608,2013 IDSA clinical practice guideline for vaccination of the immunocompromised host.,Infectious Diseases Society of America,Combined HepA–HepB vaccine can be used for SOT candidates aged ≥12 years of age in whom both vaccines are indicated.,strong
609,2013 IDSA clinical practice guideline for vaccination of the immunocompromised host.,Infectious Diseases Society of America,The HPV vaccine series should be administered to SOT candidates aged 11–26 years.,strong
610,2013 IDSA clinical practice guideline for vaccination of the immunocompromised host.,Infectious Diseases Society of America,"Standard age-appropriate inactivated vaccine series should be administered 2 to 6 months after SOT based on the CDC annual schedule, including IIV.",strong
611,2013 IDSA clinical practice guideline for vaccination of the immunocompromised host.,Infectious Diseases Society of America,"PCV13 should be administered 2 to 6 months after SOT if not administered before SOT, with the timing based on the patient's degree of immunosuppression, as described in recommendations 27a–c.",strong
612,2013 IDSA clinical practice guideline for vaccination of the immunocompromised host.,Infectious Diseases Society of America,"For SOT patients aged ≥2 years, 1 dose of PPSV23 should be administered 2 to 6 months after SOT, with the timing based on the patient's degree of immunosuppression, and ≥8 weeks after indicated doses of PCV13, if not given within 5 years and if the patient has received no more than 1 previous lifetime dose.",strong
613,2013 IDSA clinical practice guideline for vaccination of the immunocompromised host.,Infectious Diseases Society of America,HepB vaccine should be considered for chronic HepB-infected recipients 2 to 6 months after liver transplant in an attempt to eliminate the lifelong requirement for HepB immune globulin (HBIG).,weak
614,2013 IDSA clinical practice guideline for vaccination of the immunocompromised host.,Infectious Diseases Society of America,Vaccination should not be withheld because of concern about transplant organ rejection.,strong
615,2013 IDSA clinical practice guideline for vaccination of the immunocompromised host.,Infectious Diseases Society of America,"Inactivated vaccines, including IIV, should be administered to patients with chronic inflammatory illness treated or about to be treated with immunosuppressive agents as for immunocompetent persons based on the CDC annual schedule.",strong
616,2013 IDSA clinical practice guideline for vaccination of the immunocompromised host.,Infectious Diseases Society of America,PCV13 should be administered to adults and children with a chronic inflammatory illness that is being treated with immunosuppression as described in the standard schedule for children and in recommendations 27a–c.,strong
617,2013 IDSA clinical practice guideline for vaccination of the immunocompromised host.,Infectious Diseases Society of America,VAR should be administered to patients with chronic inflammatory diseases without evidence of varicella immunity (defined in recommendation 15) ≥4 weeks prior to initiation of immunosuppression if treatment initiation can be safely delayed.,strong
618,2013 IDSA clinical practice guideline for vaccination of the immunocompromised host.,Infectious Diseases Society of America,"VAR should be considered for patients without evidence of varicella immunity (defined in recommendation 15) being treated for chronic inflammatory diseases with long-term, low-level immunosuppression.",weak
619,2013 IDSA clinical practice guideline for vaccination of the immunocompromised host.,Infectious Diseases Society of America,"Other recommended vaccines, including IIV and HepB vaccine, should not be withheld because of concerns about exacerbation of chronic immune-mediated or inflammatory illness.",strong
620,2013 IDSA clinical practice guideline for vaccination of the immunocompromised host.,Infectious Diseases Society of America,PCV13 should be administered to asplenic patients and patients with sickle cell diseases aged ≥2 years based on the CDC annual schedule for children and as in recommendations 27a–c.,strong
621,2013 IDSA clinical practice guideline for vaccination of the immunocompromised host.,Infectious Diseases Society of America,"PPSV23 should be administered to asplenic patients and patients with a sickle cell disease aged ≥2 years with an interval of ≥8 weeks after PCV13, and a second dose of PPSV23 should be administered 5 years later.",strong
622,2013 IDSA clinical practice guideline for vaccination of the immunocompromised host.,Infectious Diseases Society of America,One dose of Hib vaccine should be administered to unvaccinated persons aged ≥5 years who are asplenic or have a sickle cell disease.,weak
623,2013 IDSA clinical practice guideline for vaccination of the immunocompromised host.,Infectious Diseases Society of America,"Adults and children with profound deafness scheduled to receive a cochlear implant, congenital dysplasias of the inner ear, or persistent cerebrospinal fluid (CSF) communication with the oropharynx or nasopharynx should receive all vaccines recommended routinely for immunocompetent persons based on the CDC annual schedule. No vaccine is contraindicated.",strong
624,2013 IDSA clinical practice guideline for vaccination of the immunocompromised host.,Infectious Diseases Society of America,"Patients with a cochlear implant, profound deafness and scheduled to receive a cochlear implant, or persistent communications between the CSF and oropharynx or nasopharynx should receive PCV13 as described in the standard schedule for children and recommendations 27a–c.",strong
625,2013 IDSA clinical practice guideline for vaccination of the immunocompromised host.,Infectious Diseases Society of America,"Patients aged ≥24 months with a cochlear implant, profound deafness and scheduled to receive a cochlear implant, or persistent communications between the CSF and oropharynx or nasopharynx should receive PPSV23, preferably ≥8 weeks after receipt of PCV13.",strong
626,2013 IDSA clinical practice guideline for vaccination of the immunocompromised host.,Infectious Diseases Society of America,"PCV13 and PPSV23 should be administered ≥2 weeks prior to cochlear implant surgery, if feasible.",strong
627,Guidelines on the use of multicolour flow cytometry in the diagnosis of haematological neoplasms.,British Committee for Standards in Haematology,In-house evaluation of multicolour flow cytometry (MFC) cytometer prior to purchasing.,strong
628,Guidelines on the use of multicolour flow cytometry in the diagnosis of haematological neoplasms.,British Committee for Standards in Haematology,Choose lasers with known good stability and filters suitable for use with available reagents.,strong
629,Guidelines on the use of multicolour flow cytometry in the diagnosis of haematological neoplasms.,British Committee for Standards in Haematology,Photomultiplier tube (PMT) voltages should be optimized and set to maximize signal-noise ratio and to allow for measuring all antigen expression within the cytometer's linear range.,strong
630,Guidelines on the use of multicolour flow cytometry in the diagnosis of haematological neoplasms.,British Committee for Standards in Haematology,Changes in window extension time must include a check of light scatter threshold settings.,strong
631,Guidelines on the use of multicolour flow cytometry in the diagnosis of haematological neoplasms.,British Committee for Standards in Haematology,"It is preferable to have one, single cytometer configuration for all clinical work.",weak
632,Guidelines on the use of multicolour flow cytometry in the diagnosis of haematological neoplasms.,British Committee for Standards in Haematology,"It is strongly advised to achieve a stable cytometer performance through applying the following procedures: Daily system performance quality control (QC) that is document controlled. Tracking PMT voltages to achieve standard mean fluorescence intensities (MFIs), correcting for daily drift and laser changes. This should preferably be done using specialized software.",strong
633,Guidelines on the use of multicolour flow cytometry in the diagnosis of haematological neoplasms.,British Committee for Standards in Haematology,Acquire light scatter parameters to allow for coincidence monitoring.,strong
634,Guidelines on the use of multicolour flow cytometry in the diagnosis of haematological neoplasms.,British Committee for Standards in Haematology,Use logarithmic forward scatter (FSC) and side scatter (SSC) for analysis of red cells and platelets.,strong
635,Guidelines on the use of multicolour flow cytometry in the diagnosis of haematological neoplasms.,British Committee for Standards in Haematology,"Use software to set compensation and, if required, the median fluorescence method to investigate if compensation is correct.",strong
636,Guidelines on the use of multicolour flow cytometry in the diagnosis of haematological neoplasms.,British Committee for Standards in Haematology,"Ensure compensation matrices are appropriately applied to the correct experiments, and kept up-to-date with arrival of new lots; this process should be document controlled.",strong
637,Guidelines on the use of multicolour flow cytometry in the diagnosis of haematological neoplasms.,British Committee for Standards in Haematology,The type of sample investigated should be taken into account.,strong
638,Guidelines on the use of multicolour flow cytometry in the diagnosis of haematological neoplasms.,British Committee for Standards in Haematology,"All analysts and interpreters to have a very good knowledge of expression patterns, including FMOs, for all multicolour combinations used.",strong
639,Guidelines on the use of multicolour flow cytometry in the diagnosis of haematological neoplasms.,British Committee for Standards in Haematology,Avoid reagents not suitable for use in cocktails.,strong
640,Guidelines on the use of multicolour flow cytometry in the diagnosis of haematological neoplasms.,British Committee for Standards in Haematology,"Record the lot number of each individual antibody, date, and name of the person preparing the cocktail (see Figure 4 in the original guideline document).",strong
641,Guidelines on the use of multicolour flow cytometry in the diagnosis of haematological neoplasms.,British Committee for Standards in Haematology,Use fresh vials every time; ideally made of dark glass or polypropylene.,strong
642,Guidelines on the use of multicolour flow cytometry in the diagnosis of haematological neoplasms.,British Committee for Standards in Haematology,Aliquot antibodies using the same pipette to avoid volume errors.,strong
643,Guidelines on the use of multicolour flow cytometry in the diagnosis of haematological neoplasms.,British Committee for Standards in Haematology,"Use the same relative reagent volumes as if using the reagents individually. The correct volume of cocktail to be used in an individual test will be the sum of that required for each antibody if it was being used singularly e.g., 8 x 10 µl.",strong
644,Guidelines on the use of multicolour flow cytometry in the diagnosis of haematological neoplasms.,British Committee for Standards in Haematology,Keep a complete audit trail for each cocktail used for any patient.,strong
645,Guidelines on the use of multicolour flow cytometry in the diagnosis of haematological neoplasms.,British Committee for Standards in Haematology,Sample age and quality must be assessed prior to analysis.,strong
646,Guidelines on the use of multicolour flow cytometry in the diagnosis of haematological neoplasms.,British Committee for Standards in Haematology,"Assessment of morphology should be done in immediate conjunction with flow analysis, to assist the selection of a diagnostic pathway and to assess sample quality.",weak
647,Guidelines on the use of multicolour flow cytometry in the diagnosis of haematological neoplasms.,British Committee for Standards in Haematology,Ethylenediaminetetraacetic acid (EDTA) is recommended as a universal anticoagulant as it also permits morphological assessment.,strong
648,Guidelines on the use of multicolour flow cytometry in the diagnosis of haematological neoplasms.,British Committee for Standards in Haematology,Use live/dead stain on tissue sample preparations.,weak
649,Guidelines on the use of multicolour flow cytometry in the diagnosis of haematological neoplasms.,British Committee for Standards in Haematology,"Sample storage: Cerebrospinal fluid: Culture media or Transfix for transport media; storage at +4°C, for maximum 24–48 h, or 72 h for Transfix. Note that morphological evaluation is not possible if Transfix is used. If transport media is not used: immediate analysis. Other fluids: Storage at +4°C, for maximum 24 h. Use of transport media has not been validated and may be difficult to introduce into clinical practice. Tissue preparations from fresh specimens: Tissue culture media for transport and +4°C storage for maximum 24–48 h. Where transport media is not used, store in saline or similar at +4°C and analyse within 24 h. PB/BM: Lymphoproliferative disease investigations: General, at room temperature for up to 48 h; however, for basic B-cell clonality screen – storage at +4°C for up to 72 h. Mono-myeloid investigations, including validation of normal patterns: should be kept at a similar temperature and analysed within 48 h. High-grade lymphomas: Immediate analysis is recommended.",strong
650,Guidelines on the use of multicolour flow cytometry in the diagnosis of haematological neoplasms.,British Committee for Standards in Haematology,Immunoglobulin stain requires pre-wash and/or prelyse.,strong
651,Guidelines on the use of multicolour flow cytometry in the diagnosis of haematological neoplasms.,British Committee for Standards in Haematology,"Wash after labelling and lysis is recommended to reduce non-specific fluorescence. For paroxysmal nocturnal haemoglobiuria red blood cell analysis, two washes are recommended.",strong
652,Guidelines on the use of multicolour flow cytometry in the diagnosis of haematological neoplasms.,British Committee for Standards in Haematology,"Indications for use of controls: Suspected artefactual results: FMO test. No internal control present: FMO test, isotype control. Intracellular labelling, to monitor the effects of sample preparation on autofluorescence and non-specific binding: Isotype control, unlabelled processed sample, and/or FMO. Monitor autofluorescence: acquire unlabelled processed sample.",strong
653,Guidelines on the use of multicolour flow cytometry in the diagnosis of haematological neoplasms.,British Committee for Standards in Haematology,Isotype or isoclonic controls should not be used for reporting percentage positive cells.,strong
654,Guidelines on the use of multicolour flow cytometry in the diagnosis of haematological neoplasms.,British Committee for Standards in Haematology,"All data files should have clear, sample-specific labelling and identification that prevents mix-up possibilities during data analysis, particularly where data migration to other software is used.",strong
655,Guidelines on the use of multicolour flow cytometry in the diagnosis of haematological neoplasms.,British Committee for Standards in Haematology,"An appropriate number of total events must be acquired, particularly for high sensitivity investigations (0.01% and below).",strong
656,Guidelines on the use of multicolour flow cytometry in the diagnosis of haematological neoplasms.,British Committee for Standards in Haematology,Fluidics and coincidence should be monitored during acquisition.,strong
657,Guidelines on the use of multicolour flow cytometry in the diagnosis of haematological neoplasms.,British Committee for Standards in Haematology,Document control should include compensation matrices used.,strong
658,Guidelines on the use of multicolour flow cytometry in the diagnosis of haematological neoplasms.,British Committee for Standards in Haematology,"Gating strategy should take light scatter, CD45 and relevant lineage antigens into account.",strong
659,Guidelines on the use of multicolour flow cytometry in the diagnosis of haematological neoplasms.,British Committee for Standards in Haematology,Logicle view should be used wherever possible.,strong
660,Guidelines on the use of multicolour flow cytometry in the diagnosis of haematological neoplasms.,British Committee for Standards in Haematology,"Consider doublet exclusion for populations that contain aggregates and some dividing cells, and for high resolution/minimal residual disease (MRD) analysis.",strong
661,Guidelines on the use of multicolour flow cytometry in the diagnosis of haematological neoplasms.,British Committee for Standards in Haematology,"Any reported abnormal populations, particularly high resolution and MRD results, should be ""vetted"" by back-gating in all light scatter and fluorescence channels.",strong
662,Guidelines on the use of multicolour flow cytometry in the diagnosis of haematological neoplasms.,British Committee for Standards in Haematology,"Sample information : Referral centre's specimen number, date taken, date received, date processed, age and overall quality of sample at time of analysis. For BM samples this should include whether it is aparticulate, haemodilute or partially clotted (see 'Limitations and disclaimers' below). The type of sample and tests requested should be clearly identified. Relevant details from a full blood count may be included where this would be helpful; for example, either within the flow report for lymphocytosis queries, or as part of the integral report for acute leukaemia or myelodysplastic syndrome (MDS).",strong
663,Guidelines on the use of multicolour flow cytometry in the diagnosis of haematological neoplasms.,British Committee for Standards in Haematology,"Patient's demographic identification : Patient's surname, forename, date of birth, gender, hospital number and National Health Service number.",strong
664,Guidelines on the use of multicolour flow cytometry in the diagnosis of haematological neoplasms.,British Committee for Standards in Haematology,"Information from the referring institution : Name, address, telephone and fax numbers of the referring doctor. Referring centre should also provide a freshly made film for PB and BM specimens and relevant clinical details. The final report should mention if this was not the case.",strong
665,Guidelines on the use of multicolour flow cytometry in the diagnosis of haematological neoplasms.,British Committee for Standards in Haematology,Clearly defined roles and levels of responsibilities for all staff are essential and training should be tailor-made to suit staff at the level of their responsibility.,strong
666,Guidelines on the use of multicolour flow cytometry in the diagnosis of haematological neoplasms.,British Committee for Standards in Haematology,Review and record individual competencies on an annual basis.,weak
667,Guidelines on the use of multicolour flow cytometry in the diagnosis of haematological neoplasms.,British Committee for Standards in Haematology,Senior staff new to MFC should train in an experienced MFC laboratory and attend external courses.,strong
668,Guidelines on the use of multicolour flow cytometry in the diagnosis of haematological neoplasms.,British Committee for Standards in Haematology,Exposure to 100 new clinical cases/annum is a minimum for all staff who interpret MFC data and reports results.,strong
669,Guidelines on the use of multicolour flow cytometry in the diagnosis of haematological neoplasms.,British Committee for Standards in Haematology,"Panel validation procedures: Records of validation process for MFC panels used, and any changes made to them. If published evidence is used, this should be accessible.",strong
670,Clinical policy: critical issues in the evaluation and management of adult patients with suspected acute nontraumatic thoracic aortic dissection.,American College of Emergency Physicians,,weak
671,Clinical policy: critical issues in the evaluation and management of adult patients with suspected acute nontraumatic thoracic aortic dissection.,American College of Emergency Physicians,,weak
672,Clinical policy: critical issues in the evaluation and management of adult patients with suspected acute nontraumatic thoracic aortic dissection.,American College of Emergency Physicians,,moderate
673,Clinical policy: critical issues in the evaluation and management of adult patients with suspected acute nontraumatic thoracic aortic dissection.,American College of Emergency Physicians,,moderate
674,Clinical policy: critical issues in the evaluation and management of adult patients with suspected acute nontraumatic thoracic aortic dissection.,American College of Emergency Physicians,,consensus
675,Clinical policy: critical issues in the evaluation and management of adult patients with suspected acute nontraumatic thoracic aortic dissection.,American College of Emergency Physicians,,weak
677,Medications for risk reduction of primary breast cancer in women: U.S. Preventive Services Task Force recommendation statement.,U.S. Preventive Services Task Force,"The USPSTF recommends that clinicians engage in shared, informed decision making with women who are at increased risk for breast cancer about medications to reduce their risk. For women who are at increased risk for breast cancer and at low risk for adverse medication effects, clinicians should offer to prescribe risk-reducing medications, such as tamoxifen or raloxifene.",moderate
678,British HIV Association guidelines for the treatment of HIV-1-positive adults with antiretroviral therapy 2012.,British HIV Association,,strong
679,British HIV Association guidelines for the treatment of HIV-1-positive adults with antiretroviral therapy 2012.,British HIV Association,,strong
680,"Guidelines for the screening, care and treatment of persons with hepatitis C infection.",World Health Organization,It is recommended that HCV serology testing be offered to individuals who are part of a population with high HCV seroprevalence or who have a history of HCV risk exposure/behaviour.,strong
681,"Guidelines for the screening, care and treatment of persons with hepatitis C infection.",World Health Organization,"It is suggested that nucleic acid testing for the detection of HCV ribonucleic acid (RNA) be performed directly following a positive HCV serological test to establish the diagnosis of chronic HCV infection, in addition to nucleic acid testing for HCV RNA as part of the assessment for starting treatment for HCV infection.",weak
682,"Guidelines for the screening, care and treatment of persons with hepatitis C infection.",World Health Organization,An alcohol intake assessment is recommended for all persons with HCV infection followed by the offer of a behavioural alcohol reduction intervention for persons with moderate-to-high alcohol intake.,strong
683,"Guidelines for the screening, care and treatment of persons with hepatitis C infection.",World Health Organization,"In resource-limited settings, it is suggested that aminotransferase/platelet ratio index (APRI) or FIB4 (see Figure 6.1 in the original guideline document) be used for the assessment of hepatic fibrosis rather than other non-invasive tests (see Table 6.3 in the original guideline document) that require more resources such as elastography or Fibrotest.",weak
684,"Guidelines for the screening, care and treatment of persons with hepatitis C infection.",World Health Organization,"All adults and children with chronic HCV infection, including people who inject drugs, should be assessed for antiviral treatment.",strong
685,"Guidelines for the screening, care and treatment of persons with hepatitis C infection.",World Health Organization,PEG-IFN in combination with RBV is recommended for the treatment of chronic HCV infection rather than standard non-pegylated interferon with RBV.,strong
686,"Guidelines for the screening, care and treatment of persons with hepatitis C infection.",World Health Organization,"Treatment with telaprevir or boceprevir, given in combination with PEG-IFN/RBV, is suggested for genotype 1 chronic hepatitis C infection rather than PEG-IFN/RBV alone.",weak
687,"Guidelines for the screening, care and treatment of persons with hepatitis C infection.",World Health Organization,"Sofosbuvir, given in combination with RBV with or without PEG-IFN (depending on the HCV genotype), is recommended in genotypes 1, 2, 3 and 4 HCV infection rather than PEG-IFN/RBV alone (or no treatment for persons who cannot tolerate interferon).",strong
688,"Guidelines for the screening, care and treatment of persons with hepatitis C infection.",World Health Organization,"Simeprevir, given in combination with PEG-IFN/RBV, is recommended for persons with HCV genotype 1b infection and for persons with HCV genotype 1a infection without the Q80K polymorphism rather than PEG-IFN/RBV alone.",strong
689,WHO position paper on mammography screening.,World Health Organization,"In well-resourced settings, the World Health Organization (WHO) recommends organized, population-based mammography screening programmes for women aged 50 to 69 years if the conditions for implementing an organized programme specified in this guide are met by the health-care system, and if shared decision-making strategies are implemented so that women's decisions are consistent with their values and preferences.",strong
690,WHO position paper on mammography screening.,World Health Organization,WHO suggests a screening interval of two years.,weak
691,WHO position paper on mammography screening.,World Health Organization,"In limited resource settings with relatively strong health systems, WHO suggests considering an organized, population-based mammography screening programme for women aged 50 to 69 years only if the conditions for implementing an organized programme specified in this guide are met by the health-care system, and if shared decision-making strategies are implemented so that women's decisions are consistent with their values and preferences.",weak
692,WHO position paper on mammography screening.,World Health Organization,WHO suggests a screening interval of two years.,weak
693,WHO position paper on mammography screening.,World Health Organization,"In well-resourced settings, WHO suggests an organized, population-based screening programme for women aged 40 to 49 years only if such programme is conducted in the context of rigorous research, and monitoring and evaluation, if the conditions for implementing an organized programme specified in this guide are met by the health-care system, and if shared decision-making strategies are implemented so that women's decisions are consistent with their values and preferences.",weak
694,WHO position paper on mammography screening.,World Health Organization,"In limited resource settings with weak or relatively strong health systems, WHO recommends against the implementation of population-based screening programmes for women aged 40 to 49 years.",strong
695,WHO position paper on mammography screening.,World Health Organization,"In well-resourced settings, WHO suggests an organized, population-based screening programme for women aged 70 to 75 years only if the programme is conducted in the context of rigorous research, the conditions for implementing an organized programme specified in this guide are met by the health-care system, and if shared decision-making strategies are implemented so that women's decisions are consistent with their values and preferences.",weak
696,WHO position paper on mammography screening.,World Health Organization,"In limited resource settings with weak or relatively strong health systems, WHO recommends against the implementation of population-based screening programmes for women aged 70 to 75 years.",strong
697,The role of postoperative radiation therapy for endometrial cancer: an ASTRO evidence-based guideline.,American Society for Radiation Oncology,,strong
698,The role of postoperative radiation therapy for endometrial cancer: an ASTRO evidence-based guideline.,American Society for Radiation Oncology,,strong
699,The role of postoperative radiation therapy for endometrial cancer: an ASTRO evidence-based guideline.,American Society for Radiation Oncology,,strong
700,The role of postoperative radiation therapy for endometrial cancer: an ASTRO evidence-based guideline.,American Society for Radiation Oncology,,strong
701,The role of postoperative radiation therapy for endometrial cancer: an ASTRO evidence-based guideline.,American Society for Radiation Oncology,,strong
702,The role of postoperative radiation therapy for endometrial cancer: an ASTRO evidence-based guideline.,American Society for Radiation Oncology,,strong
703,The role of postoperative radiation therapy for endometrial cancer: an ASTRO evidence-based guideline.,American Society for Radiation Oncology,,strong
704,The role of postoperative radiation therapy for endometrial cancer: an ASTRO evidence-based guideline.,American Society for Radiation Oncology,,weak
705,The role of postoperative radiation therapy for endometrial cancer: an ASTRO evidence-based guideline.,American Society for Radiation Oncology,,weak
706,The role of postoperative radiation therapy for endometrial cancer: an ASTRO evidence-based guideline.,American Society for Radiation Oncology,,strong
707,The role of postoperative radiation therapy for endometrial cancer: an ASTRO evidence-based guideline.,American Society for Radiation Oncology,,weak
708,Screening for lung cancer: U.S. Preventive Services Task Force recommendation statement.,U.S. Preventive Services Task Force,The USPSTF recommends annual screening for lung cancer with low-dose computed tomography (LDCT) in adults aged 55 to 80 years who have a 30 pack-year smoking history and currently smoke or have quit within the past 15 years. Screening should be discontinued once a person has not smoked for 15 years or develops a health problem that substantially limits life expectancy or the ability or willingness to have curative lung surgery.,moderate
709,American Academy of Orthopaedic Surgeons clinical practice guideline on management of anterior cruciate ligament injuries.,American Academy of Orthopaedic Surgeons (AAOS),"Strong evidence supports that the practitioner should obtain a relevant history and perform a musculoskeletal exam of the lower extremities, because these are effective diagnostic tools for ACL injury.",strong
710,American Academy of Orthopaedic Surgeons clinical practice guideline on management of anterior cruciate ligament injuries.,American Academy of Orthopaedic Surgeons (AAOS),"In the absence of reliable evidence, it is the opinion of the work group that in the initial evaluation of a person with a knee injury and associated symptoms (giving way, pain, locking, catching) and signs (effusion, inability to bear weight, bone tenderness, loss of motion, and/or pathological laxity) that the practitioner obtain anteroposterior (AP) and lateral knee x-rays to identify fractures or dislocations requiring emergent care.",consensus
711,American Academy of Orthopaedic Surgeons clinical practice guideline on management of anterior cruciate ligament injuries.,American Academy of Orthopaedic Surgeons (AAOS),"Strong evidence supports that the MRI can provide confirmation of ACL injury and assist in identifying concomitant knee pathology such as other ligament, meniscal, or articular cartilage injury.",strong
712,American Academy of Orthopaedic Surgeons clinical practice guideline on management of anterior cruciate ligament injuries.,American Academy of Orthopaedic Surgeons (AAOS),"There is limited evidence in skeletally immature patients with torn ACLs, but it supports that the practitioner might perform surgical reconstruction because it reduces activity related disability and recurrent instability which may lead to additional injury.",weak
713,American Academy of Orthopaedic Surgeons clinical practice guideline on management of anterior cruciate ligament injuries.,American Academy of Orthopaedic Surgeons (AAOS),Moderate evidence supports surgical reconstruction in active young adult (18-35) patients with an ACL tear.,moderate
714,American Academy of Orthopaedic Surgeons clinical practice guideline on management of anterior cruciate ligament injuries.,American Academy of Orthopaedic Surgeons (AAOS),"There is limited evidence in patients with combined ACL tears and reparable meniscus tears, but it supports that the practitioner might repair these meniscus tears when combined with ACL reconstruction because it improves patient outcomes.",weak
715,American Academy of Orthopaedic Surgeons clinical practice guideline on management of anterior cruciate ligament injuries.,American Academy of Orthopaedic Surgeons (AAOS),"There is limited evidence comparing non-operative treatment to ACL reconstruction in patients with recurrent instability, but it supports that the practitioner might perform ACL reconstruction because this procedure reduces pathologic laxity.",weak
716,American Academy of Orthopaedic Surgeons clinical practice guideline on management of anterior cruciate ligament injuries.,American Academy of Orthopaedic Surgeons (AAOS),There is limited evidence to support non-surgical management for less active patients with less laxity.,weak
717,American Academy of Orthopaedic Surgeons clinical practice guideline on management of anterior cruciate ligament injuries.,American Academy of Orthopaedic Surgeons (AAOS),"When ACL reconstruction is indicated, moderate evidence supports reconstruction within five months of injury to protect the articular cartilage and menisci.",moderate
718,American Academy of Orthopaedic Surgeons clinical practice guideline on management of anterior cruciate ligament injuries.,American Academy of Orthopaedic Surgeons (AAOS),There is limited evidence in patients with acute ACL tear and MCL tear to support that the practitioner might perform reconstruction of the ACL and non-operative treatment of the MCL tear.,weak
719,American Academy of Orthopaedic Surgeons clinical practice guideline on management of anterior cruciate ligament injuries.,American Academy of Orthopaedic Surgeons (AAOS),"In the absence of reliable evidence, it is the opinion of the work group that patients with an ACL tear and a locked knee secondary to a displaced meniscal tear have prompt treatment to unlock the knee in order to avoid a fixed flexion contracture.",consensus
720,American Academy of Orthopaedic Surgeons clinical practice guideline on management of anterior cruciate ligament injuries.,American Academy of Orthopaedic Surgeons (AAOS),"Strong evidence supports that in patients undergoing intra-articular ACL reconstruction the practitioner should use either single bundle or double bundle technique, because the measured outcomes are similar.",strong
721,American Academy of Orthopaedic Surgeons clinical practice guideline on management of anterior cruciate ligament injuries.,American Academy of Orthopaedic Surgeons (AAOS),"Strong evidence supports that in patients undergoing intra-articular ACL reconstruction using autograft tissue the practitioner should use bone-patellar tendon-bone or hamstring-tendon grafts, because the measured outcomes are similar.",strong
722,American Academy of Orthopaedic Surgeons clinical practice guideline on management of anterior cruciate ligament injuries.,American Academy of Orthopaedic Surgeons (AAOS),"Strong evidence supports that in patients undergoing ACL reconstructions, the practitioner should use either autograft or appropriately processed allograft tissue, because the measured outcomes are similar, although these results may not be generalizable to all allografts or all patients, such as young patients or highly active patients.",strong
723,American Academy of Orthopaedic Surgeons clinical practice guideline on management of anterior cruciate ligament injuries.,American Academy of Orthopaedic Surgeons (AAOS),"Moderate evidence supports that in patients undergoing intra-articular ACL reconstruction the practitioner could use either a tibial independent approach or transtibial approach for the femoral tunnel, because the measured outcomes are similar.",moderate
724,American Academy of Orthopaedic Surgeons clinical practice guideline on management of anterior cruciate ligament injuries.,American Academy of Orthopaedic Surgeons (AAOS),"Moderate evidence does not support the routine use of functional knee bracing after isolated ACL reconstruction, because there is no demonstrated efficacy.",moderate
725,American Academy of Orthopaedic Surgeons clinical practice guideline on management of anterior cruciate ligament injuries.,American Academy of Orthopaedic Surgeons (AAOS),"Limited evidence supports that the practitioner might not prescribe prophylactic knee braces to prevent ACL injury, because they do not reduce the risk for ACL injury.",weak
726,American Academy of Orthopaedic Surgeons clinical practice guideline on management of anterior cruciate ligament injuries.,American Academy of Orthopaedic Surgeons (AAOS),Moderate strength evidence from pooled analyses with a small effect size (Number Needed to Treat=109) supports that neuromuscular training programs could reduce ACL injuries.,moderate
727,American Academy of Orthopaedic Surgeons clinical practice guideline on management of anterior cruciate ligament injuries.,American Academy of Orthopaedic Surgeons (AAOS),"For those undergoing post-operative rehabilitation after ACL reconstruction, moderate evidence supports early, accelerated, and non-accelerated protocols because they have similar outcomes.",moderate
728,American Academy of Orthopaedic Surgeons clinical practice guideline on management of anterior cruciate ligament injuries.,American Academy of Orthopaedic Surgeons (AAOS),"Limited strength evidence does not support waiting a specific time from surgery/ injury, or achieving a specific functional goal prior to return to sports participation after ACL injury or reconstruction.",weak
729,American Academy of Orthopaedic Surgeons clinical practice guideline on detection and nonoperative management of pediatric developmental dysplasia of the hip in infants up to six months of age.,American Academy of Orthopaedic Surgeons (AAOS),Moderate evidence supports not performing universal ultrasound screening of newborn infants.,moderate
730,American Academy of Orthopaedic Surgeons clinical practice guideline on detection and nonoperative management of pediatric developmental dysplasia of the hip in infants up to six months of age.,American Academy of Orthopaedic Surgeons (AAOS),"Moderate evidence supports performing an imaging study before 6 months of age in infants with one or more of the following risk factors: breech presentation, family history, or history of clinical instability.",moderate
731,American Academy of Orthopaedic Surgeons clinical practice guideline on detection and nonoperative management of pediatric developmental dysplasia of the hip in infants up to six months of age.,American Academy of Orthopaedic Surgeons (AAOS),Limited evidence supports that the practitioner might obtain an ultrasound in infants less than 6 weeks of age with a positive instability examination to guide the decision to initiate brace treatment.,weak
732,American Academy of Orthopaedic Surgeons clinical practice guideline on detection and nonoperative management of pediatric developmental dysplasia of the hip in infants up to six months of age.,American Academy of Orthopaedic Surgeons (AAOS),Limited evidence supports the use of an anteroposterior (AP) pelvis radiograph instead of an ultrasound to assess DDH in infants beginning at 4 months of age.,weak
733,American Academy of Orthopaedic Surgeons clinical practice guideline on detection and nonoperative management of pediatric developmental dysplasia of the hip in infants up to six months of age.,American Academy of Orthopaedic Surgeons (AAOS),Limited evidence supports that a practitioner re-examine infants previously screened as having a normal hip examination on subsequent visits prior to 6 months of age.,weak
734,American Academy of Orthopaedic Surgeons clinical practice guideline on detection and nonoperative management of pediatric developmental dysplasia of the hip in infants up to six months of age.,American Academy of Orthopaedic Surgeons (AAOS),Limited evidence supports observation without a brace for infants with a clinically stable hip with morphologic ultrasound imaging abnormalities.,weak
735,American Academy of Orthopaedic Surgeons clinical practice guideline on detection and nonoperative management of pediatric developmental dysplasia of the hip in infants up to six months of age.,American Academy of Orthopaedic Surgeons (AAOS),Limited evidence supports either immediate or delayed (2-9 weeks) brace treatment for hips with a positive instability exam.,weak
736,American Academy of Orthopaedic Surgeons clinical practice guideline on detection and nonoperative management of pediatric developmental dysplasia of the hip in infants up to six months of age.,American Academy of Orthopaedic Surgeons (AAOS),"Limited evidence supports use of the von Rosen splint over Pavlik, Craig, or Frejka splints for initial treatment of an unstable hip.",weak
737,American Academy of Orthopaedic Surgeons clinical practice guideline on detection and nonoperative management of pediatric developmental dysplasia of the hip in infants up to six months of age.,American Academy of Orthopaedic Surgeons (AAOS),Limited evidence supports that the practitioner perform serial physical examinations and periodic imaging assessments (ultrasound or radiograph based on age) during management for unstable infant hips.,weak
738,The role of endoscopy in the evaluation and management of dysphagia.,American Society for Gastrointestinal Endoscopy,The Practice Committee recommends endoscopic dilation for patients with dysphagia secondary to benign intrinsic strictures of the esophagus.,strong
739,The role of endoscopy in the evaluation and management of dysphagia.,American Society for Gastrointestinal Endoscopy,"The Practice Committee recommends wire-guided dilation, preferably under fluoroscopic guidance, or through-the-scope (TTS) balloon dilation for complex esophageal strictures.",strong
740,The role of endoscopy in the evaluation and management of dysphagia.,American Society for Gastrointestinal Endoscopy,The Practice Committee recommends antisecretory treatment in conjunction with dilation to reduce the recurrence rate of peptic strictures.,strong
741,The role of endoscopy in the evaluation and management of dysphagia.,American Society for Gastrointestinal Endoscopy,The Practice Committee recommends that dilation for adult patients with eosinophilic esophagitis (EoE) be reserved for those who have a dominant esophageal stricture or ring and those who remain symptomatic despite medical therapy.,strong
742,The role of endoscopy in the evaluation and management of dysphagia.,American Society for Gastrointestinal Endoscopy,The Practice Committee suggests adjunctive treatment with corticosteroid injection into recurrent or refractory benign esophageal peptic strictures.,weak
743,The role of endoscopy in the evaluation and management of dysphagia.,American Society for Gastrointestinal Endoscopy,The Practice Committee suggests that esophageal stent placement be reserved for refractory esophageal strictures that do not respond to sequential dilation and/or steroid injection.,weak
744,The role of endoscopy in the evaluation and management of dysphagia.,American Society for Gastrointestinal Endoscopy,"The Practice Committee recommends that both endoscopic and surgical treatment options for achalasia be discussed with the patient. In patients who opt for endoscopic management and are good surgical candidates, the Practice Committee recommends pneumatic dilation with large-caliber balloon dilators for the endoscopic treatment of achalasia.",strong
745,The role of endoscopy in the evaluation and management of dysphagia.,American Society for Gastrointestinal Endoscopy,The Practice Committee recommends botulinum toxin injection for endoscopic treatment of achalasia in patients who are poor candidates for surgery or pneumatic dilation.,strong
746,Pharmacologic therapy for pulmonary arterial hypertension in adults: CHEST guideline and expert panel report.,American College of Chest Physicians,"1. The panel suggests that the severity of a pulmonary arterial hypertension (PAH) patient's disease be evaluated in a systematic and consistent manner, using a combination of World Health Organization (WHO) functional class (FC), exercise capacity, echocardiographic, laboratory and hemodynamic variables in order to inform therapeutic decisions.",consensus
747,Pharmacologic therapy for pulmonary arterial hypertension in adults: CHEST guideline and expert panel report.,American College of Chest Physicians,"2. The panel suggests that, whenever possible, all PAH patients be evaluated promptly at a center with expertise in the diagnosis of PAH, ideally prior to the initiation of therapy.",consensus
748,Pharmacologic therapy for pulmonary arterial hypertension in adults: CHEST guideline and expert panel report.,American College of Chest Physicians,3. The panel suggests collaborative and closely coordinated care of PAH patients involving the expertise of both local physicians and those with expertise in PAH care.,consensus
749,Pharmacologic therapy for pulmonary arterial hypertension in adults: CHEST guideline and expert panel report.,American College of Chest Physicians,"4. For treatment naive PAH patients with WHO FC I symptoms, the panel suggests continued monitoring for the development of symptoms that would signal disease progression and warrant the initiation of pharmacotherapy.",consensus
750,Pharmacologic therapy for pulmonary arterial hypertension in adults: CHEST guideline and expert panel report.,American College of Chest Physicians,"5. The panel suggests that patients at risk for the development of PAH (e.g., patients with systemic sclerosis or the presence of a known mutation placing the patient at risk for PAH) be monitored for the development of symptoms of PAH.",consensus
751,Pharmacologic therapy for pulmonary arterial hypertension in adults: CHEST guideline and expert panel report.,American College of Chest Physicians,"The panel suggests also that contributing causes of PH (e.g., sleep apnea and systemic hypertension) in patients with PAH be treated aggressively.",consensus
752,Pharmacologic therapy for pulmonary arterial hypertension in adults: CHEST guideline and expert panel report.,American College of Chest Physicians,"7. The panel suggests that patients with PAH, in the absence of contraindications, should undergo acute vasoreactivity testing using a short-acting agent at a center with experience in the performance and interpretation of vasoreactivity testing.",consensus
753,Pharmacologic therapy for pulmonary arterial hypertension in adults: CHEST guideline and expert panel report.,American College of Chest Physicians,"8. The panel suggests that patients with PAH who, in the absence of right-heart failure or contraindications to CCB therapy, demonstrate acute vasoreactivity according to consensus definition, should be considered candidates for a trial of therapy with an oral CCB blocker.",consensus
754,Pharmacologic therapy for pulmonary arterial hypertension in adults: CHEST guideline and expert panel report.,American College of Chest Physicians,9. The panel suggests that CCBs should not be used empirically to treat PAH in the absence of demonstrated acute vasoreactivity.,consensus
755,Pharmacologic therapy for pulmonary arterial hypertension in adults: CHEST guideline and expert panel report.,American College of Chest Physicians,10. The panel recommends ambrisentan to improve 6-min walk distance (6MWD).,strong
756,Pharmacologic therapy for pulmonary arterial hypertension in adults: CHEST guideline and expert panel report.,American College of Chest Physicians,13. The panel suggests macitentan to delay the time to clinical worsening.,consensus
757,Pharmacologic therapy for pulmonary arterial hypertension in adults: CHEST guideline and expert panel report.,American College of Chest Physicians,14. The panel recommends sildenafil to improve 6MWD.,strong
758,Pharmacologic therapy for pulmonary arterial hypertension in adults: CHEST guideline and expert panel report.,American College of Chest Physicians,15. The panel suggests tadalafil to improve 6MWD.,consensus
759,Pharmacologic therapy for pulmonary arterial hypertension in adults: CHEST guideline and expert panel report.,American College of Chest Physicians,20. The panel suggests also that parenteral or inhaled prostanoids not be chosen as initial therapy for treatment naive PAH patients with WHO FC II symptoms or as second line agents for PAH patients with WHO FC II symptoms who have not met their treatment goals.,consensus
760,Pharmacologic therapy for pulmonary arterial hypertension in adults: CHEST guideline and expert panel report.,American College of Chest Physicians,21. The panel recommends the use of bosentan to improve 6MWD.,strong
761,Pharmacologic therapy for pulmonary arterial hypertension in adults: CHEST guideline and expert panel report.,American College of Chest Physicians,"22-23. The panel suggests the use of bosentan to decrease hospitalizations related to PAH in the short-term, and to improve cardiopulmonary hemodynamics.",weak
762,Pharmacologic therapy for pulmonary arterial hypertension in adults: CHEST guideline and expert panel report.,American College of Chest Physicians,24. The panel recommends the use of ambrisentan to improve 6MWD.,strong
763,Pharmacologic therapy for pulmonary arterial hypertension in adults: CHEST guideline and expert panel report.,American College of Chest Physicians,41. The panel suggests continuous IV treprostinil to improve 6MWD.,consensus
764,Pharmacologic therapy for pulmonary arterial hypertension in adults: CHEST guideline and expert panel report.,American College of Chest Physicians,"49. In patients with PAH who remain symptomatic on stable and appropriate doses of an endothelin receptor antagonist (ETRA) or a PDE5 inhibitor, the panel suggests the addition of inhaled treprostinil to improve 6MWD.",weak
765,Pharmacologic therapy for pulmonary arterial hypertension in adults: CHEST guideline and expert panel report.,American College of Chest Physicians,55. The panel suggests continuous IV treprostinil to improve 6MWD.,consensus
766,Pharmacologic therapy for pulmonary arterial hypertension in adults: CHEST guideline and expert panel report.,American College of Chest Physicians,62. The panel suggests inhaled treprostinil (in combination only) to improve 6MWD.,consensus
767,Pharmacologic therapy for pulmonary arterial hypertension in adults: CHEST guideline and expert panel report.,American College of Chest Physicians,"63. In PAH patients initiating therapy with IV epoprostenol, the panel suggests against the routine simultaneous initiation of bosentan.",consensus
768,Pharmacologic therapy for pulmonary arterial hypertension in adults: CHEST guideline and expert panel report.,American College of Chest Physicians,"64. In patients with PAH who remain symptomatic on stable doses of an ETRA or a PDE5 inhibitor, the panel suggests the addition of inhaled iloprost to improve 6MWD.",consensus
769,Pharmacologic therapy for pulmonary arterial hypertension in adults: CHEST guideline and expert panel report.,American College of Chest Physicians,"65. In patients with PAH who remain symptomatic on stable doses of an ETRA or a PDE5 inhibitor, the panel recommends the addition of inhaled treprostinil to improve 6MWD.",strong
770,Pharmacologic therapy for pulmonary arterial hypertension in adults: CHEST guideline and expert panel report.,American College of Chest Physicians,"66. In PAH patients who remain symptomatic on stable doses of established IV epoprostenol, the panel suggests the addition of sildenafil or up titration of epoprostenol to improve 6MWD.",consensus
771,Pharmacologic therapy for pulmonary arterial hypertension in adults: CHEST guideline and expert panel report.,American College of Chest Physicians,"74. For WHO FC III or IV PAH patients with unacceptable or deteriorating clinical status despite established PAH-specific therapy with two classes of PAH pharmacotherapy, the panel suggests addition of a third class of PAH therapy.",consensus
772,Pharmacologic therapy for pulmonary arterial hypertension in adults: CHEST guideline and expert panel report.,American College of Chest Physicians,"75. In patients with PAH, the panel suggests that pregnancy be avoided.",consensus
773,Pharmacologic therapy for pulmonary arterial hypertension in adults: CHEST guideline and expert panel report.,American College of Chest Physicians,"76. When pregnancy does occur, the panel suggests care at a pulmonary hypertension center, using a multidisciplinary approach including the pulmonary hypertension, the high-risk obstetrical and cardiovascular anesthesiology services.",consensus
774,Pharmacologic therapy for pulmonary arterial hypertension in adults: CHEST guideline and expert panel report.,American College of Chest Physicians,"77. In patients with PAH, the panel suggests that exposure to high altitude be avoided, and that supplemental oxygen be used as needed during altitude exposure or air travel to maintain oxygen saturations greater than 91%.",consensus
775,Pharmacologic therapy for pulmonary arterial hypertension in adults: CHEST guideline and expert panel report.,American College of Chest Physicians,"78. In patients with PAH, the panel suggests maintaining current immunization against influenza and pneumococcal pneumonia.",consensus
776,Pharmacologic therapy for pulmonary arterial hypertension in adults: CHEST guideline and expert panel report.,American College of Chest Physicians,"79. In patients with PAH, the panel suggests avoiding nonessential surgery, and when surgery is necessary the panel suggests care at a pulmonary hypertension center, using a multidisciplinary approach including the pulmonary hypertension team, the surgical service, and cardiovascular anesthesiology with careful monitoring and management of clinical status, oxygenation and hemodynamics postoperatively.",consensus
777,Screening for abdominal aortic aneurysm: U.S. Preventive Services Task Force recommendation statement.,U.S. Preventive Services Task Force,The USPSTF recommends 1-time screening for abdominal aortic aneurysm (AAA) with ultrasonography in men aged 65 to 75 years who have ever smoked.,moderate
778,Screening for abdominal aortic aneurysm: U.S. Preventive Services Task Force recommendation statement.,U.S. Preventive Services Task Force,"The USPSTF recommends that clinicians selectively offer screening for AAA in men aged 65 to 75 years who have never smoked rather than routinely screening all men in this group. Evidence indicates that the net benefit of screening all men aged 65 to 75 years who have never smoked is small. In determining whether this service is appropriate in individual cases, patients and clinicians should consider the balance of benefits and harms on the basis of evidence relevant to the patient's medical history, family history, other risk factors, and personal values.",weak
780,Screening for abdominal aortic aneurysm: U.S. Preventive Services Task Force recommendation statement.,U.S. Preventive Services Task Force,The USPSTF recommends against routine screening for AAA in women who have never smoked.,moderate
781,Evidence-based guidelines for the chiropractic treatment of adults with neck pain.,Canadian Chiropractic Association; Canadian Federation of Chiropractic Regulatory and Educational Accrediting Boards (Federation),"Spinal manipulative therapy is recommended for the treatment of acute neck pain for both short- and long-term benefit (pain and the number of days to recover) when used in combination with other treatment modalities (advice, exercise, and mobilization).",moderate
782,Evidence-based guidelines for the chiropractic treatment of adults with neck pain.,Canadian Chiropractic Association; Canadian Federation of Chiropractic Regulatory and Educational Accrediting Boards (Federation),"Spinal manipulative therapy is recommended in the treatment of chronic neck pain for short- and long-term benefit (pain, disability.",weak
783,Evidence-based guidelines for the chiropractic treatment of adults with neck pain.,Canadian Chiropractic Association; Canadian Federation of Chiropractic Regulatory and Educational Accrediting Boards (Federation),"Spinal manipulative therapy is recommended in the treatment of chronic neck pain as part of a multimodal approach (including advice, upper thoracic high velocity low amplitude thrust, low-level laser therapy, soft tissue therapy, mobilizations, pulsed short wave diathermy, exercise, massage, and stretching) for both short- and long-term benefit (pain, disability, cervical range of motion [cROM]).",strong
784,Evidence-based guidelines for the chiropractic treatment of adults with neck pain.,Canadian Chiropractic Association; Canadian Federation of Chiropractic Regulatory and Educational Accrediting Boards (Federation),"Mobilization is recommended for the treatment of acute neck pain for short-term (up to 12 weeks) and long-term benefit (days to recovery, pain) in combination with advice and exercise.",moderate
785,Evidence-based guidelines for the chiropractic treatment of adults with neck pain.,Canadian Chiropractic Association; Canadian Federation of Chiropractic Regulatory and Educational Accrediting Boards (Federation),"Mobilization is recommended for the treatment of chronic neck pain for short-term (immediate) benefit (pain, cROM).",moderate
786,Evidence-based guidelines for the chiropractic treatment of adults with neck pain.,Canadian Chiropractic Association; Canadian Federation of Chiropractic Regulatory and Educational Accrediting Boards (Federation),"Manual therapy is recommended in the treatment of chronic neck pain for the short- and long-term benefit (pain, disability, cROM, strength) in combination with advice, stretching, and exercise.",strong
787,Evidence-based guidelines for the chiropractic treatment of adults with neck pain.,Canadian Chiropractic Association; Canadian Federation of Chiropractic Regulatory and Educational Accrediting Boards (Federation),Home exercise with advice or training is recommended in the treatment of acute neck pain for both long- and short-term benefits (neck pain).,weak
788,Evidence-based guidelines for the chiropractic treatment of adults with neck pain.,Canadian Chiropractic Association; Canadian Federation of Chiropractic Regulatory and Educational Accrediting Boards (Federation),Regular home stretching (3–5 times per week) with advice/training is recommended in the treatment of chronic neck pain for long- and short-term benefits in reducing pain and analgesic intake.,strong
789,Evidence-based guidelines for the chiropractic treatment of adults with neck pain.,Canadian Chiropractic Association; Canadian Federation of Chiropractic Regulatory and Educational Accrediting Boards (Federation),"Exercise (including stretching, isometric, stabilization, and strengthening) is recommended for short- and long-term benefits (pain, disability, muscle strength, quality of life [QoL], cROM) as part of a multimodal approach to the treatment of chronic neck pain when combined with infrared radiation, massage, or other physical therapies.",strong
790,Evidence-based guidelines for the chiropractic treatment of adults with neck pain.,Canadian Chiropractic Association; Canadian Federation of Chiropractic Regulatory and Educational Accrediting Boards (Federation),"Massage is recommended for the treatment of chronic neck pains for short-term (up to 1 month) benefit (pain, disability, and cROM) when provided in combination with self-care, stretching, and/or exercise.",moderate
792,Screening for asymptomatic carotid artery stenosis: U.S. Preventive Services Task Force recommendation statement.,U.S. Preventive Services Task Force,The USPSTF recommends against screening for asymptomatic carotid artery stenosis (CAS) in the general adult population. ( D recommendation ),moderate
793,(1) American Society of Clinical Oncology clinical practice guideline: update on adjuvant endocrine therapy for women with hormone receptor–positive breast cancer. (2) Adjuvant endocrine therapy for women with hormone receptor–positive breast cancer: American Society of Clinical Oncology clinical practice guideline focused update.,American Society of Clinical Oncology,Recommendation IIA. Tamoxifen for a duration of 10 years.,strong
794,(1) American Society of Clinical Oncology clinical practice guideline: update on adjuvant endocrine therapy for women with hormone receptor–positive breast cancer. (2) Adjuvant endocrine therapy for women with hormone receptor–positive breast cancer: American Society of Clinical Oncology clinical practice guideline focused update.,American Society of Clinical Oncology,Recommendation IIB. An AI for a duration of 5 years. There are insufficient data currently to recommend an AI for a duration of greater than 5 years.,strong
795,(1) American Society of Clinical Oncology clinical practice guideline: update on adjuvant endocrine therapy for women with hormone receptor–positive breast cancer. (2) Adjuvant endocrine therapy for women with hormone receptor–positive breast cancer: American Society of Clinical Oncology clinical practice guideline focused update.,American Society of Clinical Oncology,"Recommendation IIC. Tamoxifen for an initial duration of 5 years, then switching to an AI for up to 5 years, for a total duration of up to 10 years of adjuvant endocrine therapy.",strong
796,(1) American Society of Clinical Oncology clinical practice guideline: update on adjuvant endocrine therapy for women with hormone receptor–positive breast cancer. (2) Adjuvant endocrine therapy for women with hormone receptor–positive breast cancer: American Society of Clinical Oncology clinical practice guideline focused update.,American Society of Clinical Oncology,"Recommendation IID. Tamoxifen for a duration of 2 to 3 years and switching to an AI for up to 5 years, for a total duration of up to 7 to 8 years of adjuvant endocrine therapy.",strong
797,(1) American Society of Clinical Oncology clinical practice guideline: update on adjuvant endocrine therapy for women with hormone receptor–positive breast cancer. (2) Adjuvant endocrine therapy for women with hormone receptor–positive breast cancer: American Society of Clinical Oncology clinical practice guideline focused update.,American Society of Clinical Oncology,"Recommendation IIIA. If women have received an AI but discontinued treatment at less than 5 years, they may be offered tamoxifen for a total of 5 years.",weak
798,(1) American Society of Clinical Oncology clinical practice guideline: update on adjuvant endocrine therapy for women with hormone receptor–positive breast cancer. (2) Adjuvant endocrine therapy for women with hormone receptor–positive breast cancer: American Society of Clinical Oncology clinical practice guideline focused update.,American Society of Clinical Oncology,"Recommendation IIIB. If women have received tamoxifen for 2 to 3 years, they should be offered the option of switching to an AI for up to 5 years, for a total duration of up to 7 to 8 years of adjuvant endocrine therapy.",strong
799,(1) American Society of Clinical Oncology clinical practice guideline: update on adjuvant endocrine therapy for women with hormone receptor–positive breast cancer. (2) Adjuvant endocrine therapy for women with hormone receptor–positive breast cancer: American Society of Clinical Oncology clinical practice guideline focused update.,American Society of Clinical Oncology,"Recommendation IVA. If women are postmenopausal, they should be offered continued tamoxifen for a total duration of 10 years or the option of switching to up to 5 years of an AI, for a total duration of up to 10 years of adjuvant endocrine therapy.",strong
800,(1) American Society of Clinical Oncology clinical practice guideline: update on adjuvant endocrine therapy for women with hormone receptor–positive breast cancer. (2) Adjuvant endocrine therapy for women with hormone receptor–positive breast cancer: American Society of Clinical Oncology clinical practice guideline focused update.,American Society of Clinical Oncology,"Recommendation IVB. If women are pre- or perimenopausal, or menopausal status cannot be ascertained, they should be offered 5 additional years of tamoxifen, for a total of 10 years of adjuvant endocrine therapy.",strong
802,Systemic therapy in men with metastatic castration-resistant prostate cancer: American Society of Clinical Oncology and Cancer Care Ontario clinical practice guideline.,American Society of Clinical Oncology; Cancer Care Ontario,Continuous androgen deprivation (pharmaceutical or surgical) should be continued indefinitely regardless of additional therapies.,moderate
803,Systemic therapy in men with metastatic castration-resistant prostate cancer: American Society of Clinical Oncology and Cancer Care Ontario clinical practice guideline.,American Society of Clinical Oncology; Cancer Care Ontario,"Palliative care should be offered to all patients, particularly to those exhibiting symptoms or QOL decrements, regardless of treatment type.",strong
804,Community management of opioid overdose.,World Health Organization,People likely to witness an opioid overdose should have access to naloxone and be instructed in its administration to enable them to use it for the emergency management of suspected opioid overdose.,strong
805,Community management of opioid overdose.,World Health Organization,"Naloxone is effective when delivered by intravenous (IV), intramuscular (IM), subcutaneous (SC) and intranasal routes of administration. Persons using naloxone should select a route of administration based on the formulation available, their skills in administration, the setting and local context.",weak
806,Community management of opioid overdose.,World Health Organization,"In suspected opioid overdose, first responders should focus on airway management, assisting ventilation and administering naloxone.",strong
807,Community management of opioid overdose.,World Health Organization,"After successful resuscitation following the administration of naloxone, the affected person should have their level of consciousness and breathing closely observed until they have fully recovered.",strong
808,Behavioral counseling interventions to prevent sexually transmitted infections: U.S. Preventive Services Task Force recommendation statement.,U.S. Preventive Services Task Force,"The USPSTF recommends intensive behavioral counseling for all sexually active adolescents and for adults who are at increased risk for sexually transmitted infections (STIs). See the ""Clinical Considerations"" section below for a description of high-risk populations.",moderate
809,American Academy of Orthopaedic Surgeons clinical practice guideline on management of hip fractures in the elderly.,American Academy of Orthopaedic Surgeons (AAOS),Moderate evidence supports magnetic resonance imaging (MRI) as the advanced imaging of choice for diagnosis of presumed hip fracture not apparent on initial radiographs.,moderate
810,American Academy of Orthopaedic Surgeons clinical practice guideline on management of hip fractures in the elderly.,American Academy of Orthopaedic Surgeons (AAOS),Strong evidence supports regional analgesia to improve preoperative pain control in patients with hip fracture.,strong
811,American Academy of Orthopaedic Surgeons clinical practice guideline on management of hip fractures in the elderly.,American Academy of Orthopaedic Surgeons (AAOS),Moderate evidence does not support routine use of preoperative traction for patients with a hip fracture.,moderate
812,American Academy of Orthopaedic Surgeons clinical practice guideline on management of hip fractures in the elderly.,American Academy of Orthopaedic Surgeons (AAOS),Moderate evidence supports that hip fracture surgery within 48 hours of admission is associated with better outcomes.,moderate
813,American Academy of Orthopaedic Surgeons clinical practice guideline on management of hip fractures in the elderly.,American Academy of Orthopaedic Surgeons (AAOS),Limited evidence supports not delaying hip fracture surgery for patients on aspirin and/or clopidogrel.,weak
814,American Academy of Orthopaedic Surgeons clinical practice guideline on management of hip fractures in the elderly.,American Academy of Orthopaedic Surgeons (AAOS),Strong evidence supports similar outcomes for general or spinal anesthesia for patients undergoing hip fracture surgery.,strong
815,American Academy of Orthopaedic Surgeons clinical practice guideline on management of hip fractures in the elderly.,American Academy of Orthopaedic Surgeons (AAOS),Moderate evidence supports operative fixation for patients with stable (non-displaced) femoral neck fractures.,moderate
816,American Academy of Orthopaedic Surgeons clinical practice guideline on management of hip fractures in the elderly.,American Academy of Orthopaedic Surgeons (AAOS),Strong evidence supports arthroplasty for patients with unstable (displaced) femoral neck fractures.,strong
817,American Academy of Orthopaedic Surgeons clinical practice guideline on management of hip fractures in the elderly.,American Academy of Orthopaedic Surgeons (AAOS),Moderate evidence supports that the outcomes of unipolar and bipolar hemiarthroplasty for unstable (displaced) femoral neck fractures are similar.,moderate
818,American Academy of Orthopaedic Surgeons clinical practice guideline on management of hip fractures in the elderly.,American Academy of Orthopaedic Surgeons (AAOS),Moderate evidence supports a benefit to total hip arthroplasty in properly selected patients with unstable (displaced) femoral neck fractures.,moderate
819,American Academy of Orthopaedic Surgeons clinical practice guideline on management of hip fractures in the elderly.,American Academy of Orthopaedic Surgeons (AAOS),Moderate evidence supports the preferential use of cemented femoral stems in patients undergoing arthroplasty for femoral neck fractures.,moderate
820,American Academy of Orthopaedic Surgeons clinical practice guideline on management of hip fractures in the elderly.,American Academy of Orthopaedic Surgeons (AAOS),Moderate evidence supports higher dislocation rates with a posterior approach in the treatment of displaced femoral neck fractures with hip arthroplasty.,moderate
821,American Academy of Orthopaedic Surgeons clinical practice guideline on management of hip fractures in the elderly.,American Academy of Orthopaedic Surgeons (AAOS),Moderate evidence supports the use of either a sliding hip screw or a cephalomedullary device in patients with stable intertrochanteric fractures.,moderate
822,American Academy of Orthopaedic Surgeons clinical practice guideline on management of hip fractures in the elderly.,American Academy of Orthopaedic Surgeons (AAOS),Strong evidence supports using a cephalomedullary device for the treatment of patients with subtrochanteric or reverse obliquity fractures.,strong
823,American Academy of Orthopaedic Surgeons clinical practice guideline on management of hip fractures in the elderly.,American Academy of Orthopaedic Surgeons (AAOS),Moderate evidence supports using a cephalomedullary device for the treatment of patients with unstable intertrochanteric fractures.,moderate
824,American Academy of Orthopaedic Surgeons clinical practice guideline on management of hip fractures in the elderly.,American Academy of Orthopaedic Surgeons (AAOS),Moderate evidence supports use of VTE prophylaxis in hip fracture patients.,moderate
825,American Academy of Orthopaedic Surgeons clinical practice guideline on management of hip fractures in the elderly.,American Academy of Orthopaedic Surgeons (AAOS),Strong evidence supports a blood transfusion threshold of no higher than 8 g/dl in asymptomatic postoperative hip fracture patients.,strong
826,American Academy of Orthopaedic Surgeons clinical practice guideline on management of hip fractures in the elderly.,American Academy of Orthopaedic Surgeons (AAOS),"Moderate evidence supports that supervised occupational and physical therapy across the continuum of care, including home, improves functional outcomes and fall prevention.",moderate
827,American Academy of Orthopaedic Surgeons clinical practice guideline on management of hip fractures in the elderly.,American Academy of Orthopaedic Surgeons (AAOS),Moderate evidence supports that postoperative nutritional supplementation reduces mortality and improves nutritional status in hip fracture patients.,moderate
828,American Academy of Orthopaedic Surgeons clinical practice guideline on management of hip fractures in the elderly.,American Academy of Orthopaedic Surgeons (AAOS),Strong evidence supports use of an interdisciplinary care program in those patients with mild to moderate dementia who have sustained a hip fracture to improve functional outcomes.,strong
829,American Academy of Orthopaedic Surgeons clinical practice guideline on management of hip fractures in the elderly.,American Academy of Orthopaedic Surgeons (AAOS),Strong evidence supports multimodal pain management after hip fracture surgery.,strong
830,American Academy of Orthopaedic Surgeons clinical practice guideline on management of hip fractures in the elderly.,American Academy of Orthopaedic Surgeons (AAOS),Moderate evidence supports use of supplemental vitamin D and calcium in patients following hip fracture surgery.,moderate
831,American Academy of Orthopaedic Surgeons clinical practice guideline on management of hip fractures in the elderly.,American Academy of Orthopaedic Surgeons (AAOS),Limited evidence supports preoperative assessment of serum levels of albumin and creatinine for risk assessment of hip fracture patients.,weak
832,American Academy of Orthopaedic Surgeons clinical practice guideline on management of hip fractures in the elderly.,American Academy of Orthopaedic Surgeons (AAOS),Moderate evidence supports that patients be evaluated and treated for osteoporosis after sustaining a hip fracture.,moderate
833,Prevention of dental caries in children from birth through age 5 years: U.S. Preventive Services Task Force recommendation statement.,U.S. Preventive Services Task Force,The USPSTF recommends that primary care clinicians prescribe oral fluoride supplementation starting at age 6 months for children whose water supply is deficient in fluoride.,moderate
834,Prevention of dental caries in children from birth through age 5 years: U.S. Preventive Services Task Force recommendation statement.,U.S. Preventive Services Task Force,The USPSTF recommends that primary care clinicians apply fluoride varnish to the primary teeth of all infants and children starting at the age of primary tooth eruption.,moderate
836,Screening for chlamydia and gonorrhea: U.S. Preventive Services Task Force recommendation statement.,U.S. Preventive Services Task Force,The USPSTF recommends screening for chlamydia in sexually active females aged 24 years or younger and in older women who are at increased risk for infection.,moderate
837,Screening for chlamydia and gonorrhea: U.S. Preventive Services Task Force recommendation statement.,U.S. Preventive Services Task Force,The USPSTF recommends screening for gonorrhea in sexually active females aged 24 years or younger and in older women who are at increased risk for infection.,moderate
839,Low-dose aspirin use for the prevention of morbidity and mortality from preeclampsia: U.S. Preventive Services Task Force recommendation statement.,U.S. Preventive Services Task Force,The USPSTF recommends the use of low-dose aspirin (81 mg/d) as preventive medication after 12 weeks of gestation in women who are at high risk for preeclampsia.,moderate
841,"Treatment of the hypertensive disorders of pregnancy. In: Diagnosis, evaluation, and management of the hypertensive disorders of pregnancy: executive summary.",Society of Obstetricians and Gynaecologists of Canada,,weak
842,"Treatment of the hypertensive disorders of pregnancy. In: Diagnosis, evaluation, and management of the hypertensive disorders of pregnancy: executive summary.",Society of Obstetricians and Gynaecologists of Canada,,weak
843,"Risk assessment, genetic counseling, and genetic testing for BRCA-related cancer in women: U.S. Preventive Services Task Force recommendation statement.",U.S. Preventive Services Task Force,"The USPSTF recommends that primary care providers screen women who have family members with breast, ovarian, tubal, or peritoneal cancer with 1 of several screening tools designed to identify a family history that may be associated with an increased risk for potentially harmful mutations in breast cancer susceptibility genes ( BRCA1 or BRCA2 ). Women with positive screening results should receive genetic counseling and, if indicated after counseling, BRCA testing.",moderate
844,"Risk assessment, genetic counseling, and genetic testing for BRCA-related cancer in women: U.S. Preventive Services Task Force recommendation statement.",U.S. Preventive Services Task Force,The USPSTF recommends against routine genetic counseling or BRCA testing for women whose family history is not associated with an increased risk for potentially harmful mutations in the BRCA1 or BRCA2 genes.,moderate
845,Screening pelvic examination in adult women: a clinical practice guideline from the American College of Physicians.,American College of Physicians,"The American College of Physicians recommends against performing screening pelvic examination in asymptomatic, nonpregnant, adult women.",strong
846,Special populations. In: Prevention and treatment of pressure ulcers: clinical practice guideline.,European Pressure Ulcer Advisory Panel; National Pressure Ulcer Advisory Panel; Pan Pacific Pressure Injury Alliance,2.1. Access adequate assistance to fully inspect all skin surfaces and folds.,strong
847,Special populations. In: Prevention and treatment of pressure ulcers: clinical practice guideline.,European Pressure Ulcer Advisory Panel; National Pressure Ulcer Advisory Panel; Pan Pacific Pressure Injury Alliance,2.2. Differentiate intertriginous dermatitis from Category/Stage I and II pressure ulcers.,weak
848,Special populations. In: Prevention and treatment of pressure ulcers: clinical practice guideline.,European Pressure Ulcer Advisory Panel; National Pressure Ulcer Advisory Panel; Pan Pacific Pressure Injury Alliance,1.1. Use beds that adequately support the weight of the individual.,weak
849,Special populations. In: Prevention and treatment of pressure ulcers: clinical practice guideline.,European Pressure Ulcer Advisory Panel; National Pressure Ulcer Advisory Panel; Pan Pacific Pressure Injury Alliance,1.2. Check routinely for 'bottoming out' of the support surface.,weak
850,Special populations. In: Prevention and treatment of pressure ulcers: clinical practice guideline.,European Pressure Ulcer Advisory Panel; National Pressure Ulcer Advisory Panel; Pan Pacific Pressure Injury Alliance,1.3. Ensure that the bed surface area is sufficiently wide to allow turning of the individual without contact with the side rails of the bed.,weak
851,Special populations. In: Prevention and treatment of pressure ulcers: clinical practice guideline.,European Pressure Ulcer Advisory Panel; National Pressure Ulcer Advisory Panel; Pan Pacific Pressure Injury Alliance,1.1. Use a pressure redistribution cushion designed for the bariatric individual on seated surfaces.,weak
852,Special populations. In: Prevention and treatment of pressure ulcers: clinical practice guideline.,European Pressure Ulcer Advisory Panel; National Pressure Ulcer Advisory Panel; Pan Pacific Pressure Injury Alliance,"1.2 Check routinely for ""bottoming out"" of the cushion.",weak
853,Special populations. In: Prevention and treatment of pressure ulcers: clinical practice guideline.,European Pressure Ulcer Advisory Panel; National Pressure Ulcer Advisory Panel; Pan Pacific Pressure Injury Alliance,1.1. Revise the repositioning schedule in response to assessment of the individual's tolerance to repositioning.,strong
854,Special populations. In: Prevention and treatment of pressure ulcers: clinical practice guideline.,European Pressure Ulcer Advisory Panel; National Pressure Ulcer Advisory Panel; Pan Pacific Pressure Injury Alliance,1.1. Incorporate the individual's cognitive ability into the selection of a pain assessment tool.,strong
855,Special populations. In: Prevention and treatment of pressure ulcers: clinical practice guideline.,European Pressure Ulcer Advisory Panel; National Pressure Ulcer Advisory Panel; Pan Pacific Pressure Injury Alliance,3.1. Engage the family or legal guardian when establishing goals of care and validate their understanding of these goals.,weak
856,Special populations. In: Prevention and treatment of pressure ulcers: clinical practice guideline.,European Pressure Ulcer Advisory Panel; National Pressure Ulcer Advisory Panel; Pan Pacific Pressure Injury Alliance,"3.1. Use additional support surfaces (e.g., facial pads) to offload pressure points on the face and body while in the prone position.",strong
857,Special populations. In: Prevention and treatment of pressure ulcers: clinical practice guideline.,European Pressure Ulcer Advisory Panel; National Pressure Ulcer Advisory Panel; Pan Pacific Pressure Injury Alliance,3.2. Do not position the individual directly on a medical device unless it cannot be avoided.,strong
858,Special populations. In: Prevention and treatment of pressure ulcers: clinical practice guideline.,European Pressure Ulcer Advisory Panel; National Pressure Ulcer Advisory Panel; Pan Pacific Pressure Injury Alliance,4.1. Use heel suspension devices that elevate and offload the heel completely in such a way as to distribute the weight of the leg along the calf without placing pressure on the Achilles tendon.,strong
859,Special populations. In: Prevention and treatment of pressure ulcers: clinical practice guideline.,European Pressure Ulcer Advisory Panel; National Pressure Ulcer Advisory Panel; Pan Pacific Pressure Injury Alliance,6.1. Place the individual on a high specification reactive or alternating pressure support surface both prior to and after surgery.,weak
860,Special populations. In: Prevention and treatment of pressure ulcers: clinical practice guideline.,European Pressure Ulcer Advisory Panel; National Pressure Ulcer Advisory Panel; Pan Pacific Pressure Injury Alliance,6.2. Document the individual's position and the anatomical areas under increased interface pressure during surgery.,strong
861,Special populations. In: Prevention and treatment of pressure ulcers: clinical practice guideline.,European Pressure Ulcer Advisory Panel; National Pressure Ulcer Advisory Panel; Pan Pacific Pressure Injury Alliance,6.3. Position the individual in a different posture preoperatively and postoperatively than the posture adopted during surgery.,weak
862,Special populations. In: Prevention and treatment of pressure ulcers: clinical practice guideline.,European Pressure Ulcer Advisory Panel; National Pressure Ulcer Advisory Panel; Pan Pacific Pressure Injury Alliance,1.1. Pre-medicate the individual 20 to 30 minutes prior to a scheduled position change for individuals who experience significant pain on movement.,weak
863,Special populations. In: Prevention and treatment of pressure ulcers: clinical practice guideline.,European Pressure Ulcer Advisory Panel; National Pressure Ulcer Advisory Panel; Pan Pacific Pressure Injury Alliance,"1.2. Consider the individual's choices in turning, including whether she/he has a position of comfort, after explaining the rationale for turning.",strong
864,Special populations. In: Prevention and treatment of pressure ulcers: clinical practice guideline.,European Pressure Ulcer Advisory Panel; National Pressure Ulcer Advisory Panel; Pan Pacific Pressure Injury Alliance,1.3. Consider changing the support surface to improve pressure redistribution and comfort.,strong
865,Special populations. In: Prevention and treatment of pressure ulcers: clinical practice guideline.,European Pressure Ulcer Advisory Panel; National Pressure Ulcer Advisory Panel; Pan Pacific Pressure Injury Alliance,"1.4. Strive to reposition an individual receiving palliative care at least every 4 hours on a pressure redistributing mattress such as viscoelastic foam, or every 2 hours on a regular mattress.",weak
866,Special populations. In: Prevention and treatment of pressure ulcers: clinical practice guideline.,European Pressure Ulcer Advisory Panel; National Pressure Ulcer Advisory Panel; Pan Pacific Pressure Injury Alliance,"1.5. Document turning and repositioning, as well as the factors influencing these decisions (e.g., individual wishes or medical needs).",strong
867,Special populations. In: Prevention and treatment of pressure ulcers: clinical practice guideline.,European Pressure Ulcer Advisory Panel; National Pressure Ulcer Advisory Panel; Pan Pacific Pressure Injury Alliance,1.1. Assess the impact of the pressure ulcer on quality of life for the individual and his/her significant others.,weak
868,Special populations. In: Prevention and treatment of pressure ulcers: clinical practice guideline.,European Pressure Ulcer Advisory Panel; National Pressure Ulcer Advisory Panel; Pan Pacific Pressure Injury Alliance,"1.2. Set a goal to enhance quality of life, even if the pressure ulcer cannot be healed or treatment does not lead to closure/healing.",weak
869,Special populations. In: Prevention and treatment of pressure ulcers: clinical practice guideline.,European Pressure Ulcer Advisory Panel; National Pressure Ulcer Advisory Panel; Pan Pacific Pressure Injury Alliance,1.3. Assess the individual initially and at any change in their condition to re-evaluate the plan of care.,strong
870,Special populations. In: Prevention and treatment of pressure ulcers: clinical practice guideline.,European Pressure Ulcer Advisory Panel; National Pressure Ulcer Advisory Panel; Pan Pacific Pressure Injury Alliance,"2.1. Monitor the pressure ulcer in order to continue to meet the goals of comfort and reduction in wound pain, addressing wound symptoms that impact quality of life such as malodor and exudate.",strong
871,Special populations. In: Prevention and treatment of pressure ulcers: clinical practice guideline.,European Pressure Ulcer Advisory Panel; National Pressure Ulcer Advisory Panel; Pan Pacific Pressure Injury Alliance,"3.1. Manage malodor through regular wound cleansing; assessment and management of infection; and debridement of devitalized tissue, with consideration to the individual's wishes and goals of care.",strong
872,Special populations. In: Prevention and treatment of pressure ulcers: clinical practice guideline.,European Pressure Ulcer Advisory Panel; National Pressure Ulcer Advisory Panel; Pan Pacific Pressure Injury Alliance,3.2. Consider use of topical metronidazole to effectively control pressure ulcer odor associated with anaerobic bacteria and protozoal infections.,weak
873,Special populations. In: Prevention and treatment of pressure ulcers: clinical practice guideline.,European Pressure Ulcer Advisory Panel; National Pressure Ulcer Advisory Panel; Pan Pacific Pressure Injury Alliance,3.3. Consider use of charcoal or activated charcoal dressings to help control odor.,weak
874,Special populations. In: Prevention and treatment of pressure ulcers: clinical practice guideline.,European Pressure Ulcer Advisory Panel; National Pressure Ulcer Advisory Panel; Pan Pacific Pressure Injury Alliance,"3.4. Consider use of external odor absorbers or odor maskers for the room (e.g., activated charcoal, kitty litter, vinegar, vanilla, coffee beans, burning candle, and potpourri).",weak
875,Special populations. In: Prevention and treatment of pressure ulcers: clinical practice guideline.,European Pressure Ulcer Advisory Panel; National Pressure Ulcer Advisory Panel; Pan Pacific Pressure Injury Alliance,1.1. Consider children with medical devices to be at risk for pressure ulcers.,strong
876,Special populations. In: Prevention and treatment of pressure ulcers: clinical practice guideline.,European Pressure Ulcer Advisory Panel; National Pressure Ulcer Advisory Panel; Pan Pacific Pressure Injury Alliance,2.1. Assess the skin on occiput for neonate and pediatric individuals.,strong
877,Special populations. In: Prevention and treatment of pressure ulcers: clinical practice guideline.,European Pressure Ulcer Advisory Panel; National Pressure Ulcer Advisory Panel; Pan Pacific Pressure Injury Alliance,2.2. Inspect the skin under and around medical devices at least twice daily for the signs of pressure related injury on the surrounding tissue.,strong
878,Special populations. In: Prevention and treatment of pressure ulcers: clinical practice guideline.,European Pressure Ulcer Advisory Panel; National Pressure Ulcer Advisory Panel; Pan Pacific Pressure Injury Alliance,"1.1. Regularly reassess the nutritional requirements of critically ill neonates and children who have, or are at risk of, a pressure ulcer.",strong
879,Special populations. In: Prevention and treatment of pressure ulcers: clinical practice guideline.,European Pressure Ulcer Advisory Panel; National Pressure Ulcer Advisory Panel; Pan Pacific Pressure Injury Alliance,1.1. Select a high specification support surface for premature infants and younger children to prevent occipital pressure ulcers.,weak
880,Special populations. In: Prevention and treatment of pressure ulcers: clinical practice guideline.,European Pressure Ulcer Advisory Panel; National Pressure Ulcer Advisory Panel; Pan Pacific Pressure Injury Alliance,1.1. Refer individuals to a seating professional for evaluation.,weak
881,Special populations. In: Prevention and treatment of pressure ulcers: clinical practice guideline.,European Pressure Ulcer Advisory Panel; National Pressure Ulcer Advisory Panel; Pan Pacific Pressure Injury Alliance,"1.1. Provide adequate seat tilt to prevent sliding forward in the wheelchair/chair, and adjust footrests and armrests to maintain proper posture and pressure redistribution.",strong
882,Special populations. In: Prevention and treatment of pressure ulcers: clinical practice guideline.,European Pressure Ulcer Advisory Panel; National Pressure Ulcer Advisory Panel; Pan Pacific Pressure Injury Alliance,1.2. Avoid the use of elevating leg rests if the individual has inadequate hamstring length.,weak
883,Special populations. In: Prevention and treatment of pressure ulcers: clinical practice guideline.,European Pressure Ulcer Advisory Panel; National Pressure Ulcer Advisory Panel; Pan Pacific Pressure Injury Alliance,2.1. Tilt the wheelchair before reclining.,weak
884,Special populations. In: Prevention and treatment of pressure ulcers: clinical practice guideline.,European Pressure Ulcer Advisory Panel; National Pressure Ulcer Advisory Panel; Pan Pacific Pressure Injury Alliance,3.1. Provide appropriate assistive devices to promote bed and seated mobility.,strong
885,Special populations. In: Prevention and treatment of pressure ulcers: clinical practice guideline.,European Pressure Ulcer Advisory Panel; National Pressure Ulcer Advisory Panel; Pan Pacific Pressure Injury Alliance,"4.1. Teach individuals to do ""pressure relief lifts"" or other pressure relieving maneuvers as appropriate.",weak
886,Special populations. In: Prevention and treatment of pressure ulcers: clinical practice guideline.,European Pressure Ulcer Advisory Panel; National Pressure Ulcer Advisory Panel; Pan Pacific Pressure Injury Alliance,4.2. Identify effective pressure relief methods and educate individuals in performance of methods consistent with the ability of the individual.,weak
887,Special populations. In: Prevention and treatment of pressure ulcers: clinical practice guideline.,European Pressure Ulcer Advisory Panel; National Pressure Ulcer Advisory Panel; Pan Pacific Pressure Injury Alliance,1.1. Consider periods of bed rest to promote ischial and sacral ulcer healing.,weak
888,Special populations. In: Prevention and treatment of pressure ulcers: clinical practice guideline.,European Pressure Ulcer Advisory Panel; National Pressure Ulcer Advisory Panel; Pan Pacific Pressure Injury Alliance,1.2. Develop a schedule for progressive sitting according to the individual's tolerance and pressure ulcer response in conjunction with a seating professional.,weak
889,VA/DoD clinical practice guideline for the management of chronic multisymptom illness.,Department of Defense; Department of Veterans Affairs; Veterans Health Administration,The guideline panel recommends that all patients receive a thorough evaluation of symptoms based on clinical judgment.,strong
890,VA/DoD clinical practice guideline for the management of chronic multisymptom illness.,Department of Defense; Department of Veterans Affairs; Veterans Health Administration,This guideline panel recommends against the use of any test for which there may be limited additional benefit to confirm the diagnosis of CMI. Testing for rare exposures or biologic effects should only be done in the presence of supportive history or physical findings.,strong
891,VA/DoD clinical practice guideline for the management of chronic multisymptom illness.,Department of Defense; Department of Veterans Affairs; Veterans Health Administration,This guideline panel suggests discussing risk factors using principles of health risk communication within a therapeutic patient-provider alliance for those patients who wish to further understand factors that could contribute to their condition.,weak
892,VA/DoD clinical practice guideline for the management of chronic multisymptom illness.,Department of Defense; Department of Veterans Affairs; Veterans Health Administration,"The guideline panel recommends using a collaborative, team-based approach, including a behavioral health specialist, for the primary care management of patients with CMI.",strong
893,VA/DoD clinical practice guideline for the management of chronic multisymptom illness.,Department of Defense; Department of Veterans Affairs; Veterans Health Administration,The guideline panel recommends that the healthcare team use shared decision making principles to develop a comprehensive and personalized treatment plan in the care and management of patients with CMI.,strong
894,VA/DoD clinical practice guideline for the management of chronic multisymptom illness.,Department of Defense; Department of Veterans Affairs; Veterans Health Administration,"The guideline panel suggests that all providers involved in the care of patients with CMI enhance their knowledge of the following critical domains: Communication skills (e.g., active listening, risk communication/perception) Empathy skills Working with interdisciplinary teams The biopsychosocial model Risk factors for CMI and analogous conditions Military cultural competency Deployment related exposures",weak
895,VA/DoD clinical practice guideline for the management of chronic multisymptom illness.,Department of Defense; Department of Veterans Affairs; Veterans Health Administration,The guideline panel suggests incorporating appropriate elements of physical activity as part of a comprehensive and integrated treatment plan for patients with CMI.,strong
896,VA/DoD clinical practice guideline for the management of chronic multisymptom illness.,Department of Defense; Department of Veterans Affairs; Veterans Health Administration,"The guideline panel recommends offering cognitive behavioral therapy, delivered by trained professionals, for patients with CMI.",strong
897,VA/DoD clinical practice guideline for the management of chronic multisymptom illness.,Department of Defense; Department of Veterans Affairs; Veterans Health Administration,"The guideline panel recommends considering mindfulness-based therapy, reattribution, behavioral medical intervention, and/or brief psychodynamic interpersonal psychotherapy, delivered by trained professionals, for patients with CMI.",weak
898,VA/DoD clinical practice guideline for the management of chronic multisymptom illness.,Department of Defense; Department of Veterans Affairs; Veterans Health Administration,"The guideline panel recommends considering complementary and integrated medicine interventions as a component of personalized, proactive patient-driven care in the management of patients with CMI.",weak
899,VA/DoD clinical practice guideline for the management of chronic multisymptom illness.,Department of Defense; Department of Veterans Affairs; Veterans Health Administration,"The guideline panel suggests considering a trial of selective serotonin reuptake inhibitor (SSRI), serotonin–norepinephrine reuptake inhibitor (SNRI), or mirtazapine for the treatment of clinical symptoms of CMI.",weak
900,VA/DoD clinical practice guideline for the management of chronic multisymptom illness.,Department of Defense; Department of Veterans Affairs; Veterans Health Administration,The guideline panel suggests against the use of doxycycline for the treatment of patients with clinical symptoms of CMI.,weak
901,VA/DoD clinical practice guideline for the management of chronic multisymptom illness.,Department of Defense; Department of Veterans Affairs; Veterans Health Administration,The guideline panel recommends against the long-term use of opioid medications for the management of patients with CMI.,strong
902,VA/DoD clinical practice guideline for the management of chronic multisymptom illness.,Department of Defense; Department of Veterans Affairs; Veterans Health Administration,The guideline panel suggests considering acupuncture as part of the management of patients with pain-predominant symptoms of CMI.,weak
903,VA/DoD clinical practice guideline for the management of chronic multisymptom illness.,Department of Defense; Department of Veterans Affairs; Veterans Health Administration,"The guideline panel suggests considering non-steroidal anti-inflammatory drugs (NSAID) for treating certain peripheral pain symptoms associated with CMI, though they do not necessarily lead to global beneficial effect.",weak
904,VA/DoD clinical practice guideline for the management of chronic multisymptom illness.,Department of Defense; Department of Veterans Affairs; Veterans Health Administration,The guideline panel suggests considering tramadol for treating certain pain symptoms associated with CMI that fail to respond to other nonopioid analgesic medications or non-pharmacologic approaches.,weak
905,VA/DoD clinical practice guideline for the management of chronic multisymptom illness.,Department of Defense; Department of Veterans Affairs; Veterans Health Administration,The guideline panel suggests a trial of SNRI for the treatment of patients with clinical symptoms of pain-predominant CMI.,weak
906,VA/DoD clinical practice guideline for the management of chronic multisymptom illness.,Department of Defense; Department of Veterans Affairs; Veterans Health Administration,"The guideline panel suggests considering a trial of tricyclic antidepressants (TCA), SSRI, or pregabalin (PGB) for the treatment of patients with clinical symptoms of pain-predominant CMI.",weak
907,VA/DoD clinical practice guideline for the management of chronic multisymptom illness.,Department of Defense; Department of Veterans Affairs; Veterans Health Administration,The guideline panel recommends considering acupuncture as part of the management of patients with fatigue-predominant symptoms of CMI.,weak
908,VA/DoD clinical practice guideline for the management of chronic multisymptom illness.,Department of Defense; Department of Veterans Affairs; Veterans Health Administration,The guideline panel suggests considering a trial of SNRI or TCA for patients with clinical symptoms of fatigue predominant CMI.,weak
909,VA/DoD clinical practice guideline for the management of chronic multisymptom illness.,Department of Defense; Department of Veterans Affairs; Veterans Health Administration,The guideline panel suggests against the use of pharmacologic agents for sleep disturbances in CMI.,weak
910,VA/DoD clinical practice guideline for the management of chronic multisymptom illness.,Department of Defense; Department of Veterans Affairs; Veterans Health Administration,The guideline panel suggests against the use of stimulants for the treatment of fatigue-predominant CMI.,weak
911,VA/DoD clinical practice guideline for the management of chronic multisymptom illness.,Department of Defense; Department of Veterans Affairs; Veterans Health Administration,The guideline panel recommends against the empiric use of antivirals or antibiotics for the treatment of fatigue-predominant CMI.,strong
912,VA/DoD clinical practice guideline for the management of chronic multisymptom illness.,Department of Defense; Department of Veterans Affairs; Veterans Health Administration,The guideline panel recommends against the use of corticosteroids for the treatment of fatigue-predominant CMI.,strong
913,VA/DoD clinical practice guideline for the management of chronic multisymptom illness.,Department of Defense; Department of Veterans Affairs; Veterans Health Administration,The guideline panel recommends against the use of immunotherapy for the treatment of the symptoms of fatigue predominant CMI.,strong
914,VA/DoD clinical practice guideline for the management of chronic multisymptom illness.,Department of Defense; Department of Veterans Affairs; Veterans Health Administration,"The guideline panel suggests treating patients with CMI and predominantly gastrointestinal symptoms, in accordance with recognized evidence-based care for irritable bowel syndrome (IBS).",weak
915,VA/DoD clinical practice guideline for the management of chronic multisymptom illness.,Department of Defense; Department of Veterans Affairs; Veterans Health Administration,The guideline panel recommends considering minimal contact psychological therapies for treatment of gastrointestinal-predominant CMI.,weak
916,VA/DoD clinical practice guideline for the management of chronic multisymptom illness.,Department of Defense; Department of Veterans Affairs; Veterans Health Administration,The guideline panel suggests against the use of acupuncture for treatment of patients with gastrointestinal-predominant symptoms of CMI.,weak
917,American Gastroenterological Association Institute guideline on the prevention and treatment of hepatitis B virus reactivation during immunosuppressive drug therapy.,American Gastroenterological Association Institute,The American Gastroenterological Association (AGA) recommends antiviral prophylaxis over no prophylaxis for patients at high risk undergoing immunosuppressive drug therapy.,strong
918,American Gastroenterological Association Institute guideline on the prevention and treatment of hepatitis B virus reactivation during immunosuppressive drug therapy.,American Gastroenterological Association Institute,The AGA suggests antiviral prophylaxis over monitoring for patients at moderate risk undergoing immunosuppressive drug therapy.,weak
919,American Gastroenterological Association Institute guideline on the prevention and treatment of hepatitis B virus reactivation during immunosuppressive drug therapy.,American Gastroenterological Association Institute,The AGA suggests against routinely using antiviral prophylaxis in patients undergoing immunosuppressive drug therapy who are at low risk for hepatitis B virus reactivation (HBVr).,weak
920,American Gastroenterological Association Institute guideline on the prevention and treatment of hepatitis B virus reactivation during immunosuppressive drug therapy.,American Gastroenterological Association Institute,The AGA suggests against using anti-HBs status to guide antiviral prophylaxis for all risk groups.,weak
921,American Gastroenterological Association Institute guideline on the prevention and treatment of hepatitis B virus reactivation during immunosuppressive drug therapy.,American Gastroenterological Association Institute,The AGA suggests use of antiviral drugs with a high barrier to resistance over lamivudine for prophylaxis in patients undergoing immunosuppressive drug therapy. ( Weak recommendation; Moderate-quality evidence ),weak
922,American Gastroenterological Association Institute guideline on the prevention and treatment of hepatitis B virus reactivation during immunosuppressive drug therapy.,American Gastroenterological Association Institute,The AGA recommends antiviral drugs with a high barrier to resistance over lamivudine for established HBVr in patients undergoing immunosuppressive drug therapy.,strong
923,American Gastroenterological Association Institute guideline on the prevention and treatment of hepatitis B virus reactivation during immunosuppressive drug therapy.,American Gastroenterological Association Institute,"The AGA recommends screening for HBV (HBsAg and anti-HBc, followed by a sensitive HBV DNA test if positive) in patients at moderate or high risk who will undergo immunosuppressive drug therapy.",strong
924,American Gastroenterological Association Institute guideline on the prevention and treatment of hepatitis B virus reactivation during immunosuppressive drug therapy.,American Gastroenterological Association Institute,The AGA suggests against routinely screening for HBV in patients who will undergo immunosuppressive drug therapy and are at low risk.,weak
925,Evidence-based guideline: assessment and management of psychiatric disorders in individuals with MS. Report of the Guideline Development Subcommittee of the American Academy of Neurology.,American Academy of Neurology,,weak
926,Evidence-based guideline: assessment and management of psychiatric disorders in individuals with MS. Report of the Guideline Development Subcommittee of the American Academy of Neurology.,American Academy of Neurology,,weak
927,Evidence-based guideline: assessment and management of psychiatric disorders in individuals with MS. Report of the Guideline Development Subcommittee of the American Academy of Neurology.,American Academy of Neurology,,weak
929,Evidence-based guideline: assessment and management of psychiatric disorders in individuals with MS. Report of the Guideline Development Subcommittee of the American Academy of Neurology.,American Academy of Neurology,,weak
931,Evidence-based guideline: assessment and management of psychiatric disorders in individuals with MS. Report of the Guideline Development Subcommittee of the American Academy of Neurology.,American Academy of Neurology,,weak
932,A.S.P.E.N. clinical guidelines: support of pediatric patients with intestinal failure at risk of parenteral nutrition–associated liver disease.,American Society for Parenteral and Enteral Nutrition,A suggestion is made to use ethanol lock to prevent catheter-related bloodstream infections (CLABSI) and to reduce catheter replacements in children at risk of PNALD.,weak
933,A.S.P.E.N. clinical guidelines: support of pediatric patients with intestinal failure at risk of parenteral nutrition–associated liver disease.,American Society for Parenteral and Enteral Nutrition,"Since the only intravenous (IV) fat emulsion available for use in the United States is soy-based fat emulsions (SOE), a suggestion is made to reduce the dose of SOE to ≤1 g/kg/d to treat cholestasis in children with PNALD. The quality of evidence supporting this recommendation is very low. Most studies are small observational studies. The desirable effect of reduction of liver indices has to be considered in light of the unknown effects of poor growth and development when lipids are restricted.",weak
937,A.S.P.E.N. clinical guidelines: support of pediatric patients with intestinal failure at risk of parenteral nutrition–associated liver disease.,American Society for Parenteral and Enteral Nutrition,"A suggestion is made to use UDCA for the treatment of elevated liver enzymes in children with PNALD. The evidence is of very low quality and confounded with the presence of enteral feeding in conjunction with treatment with UDCA. In addition, the patients studied tend to be premature infants with an intact intestinal tract; therefore, the efficacy of UDCA may not be generalizable to patients with established intestinal failure. In the included studies, no harm from this treatment was reported. The desirable effect of the reduction of liver indices has to be weighed against the unknown efficacy of the treatment and the fact that in most cases, the study participants did not have primary intestinal pathology.",weak
938,A.S.P.E.N. clinical guidelines: support of pediatric patients with intestinal failure at risk of parenteral nutrition–associated liver disease.,American Society for Parenteral and Enteral Nutrition,"A suggestion is made to refer patients with PN-dependent intestinal failure to multidisciplinary intestinal rehabilitation programs. The evidence on this topic is of very low quality, but the improvement in survival is compelling, and the risk to the child of treatment with multidisciplinary practice is not increased.",weak
939,Practice parameters for the treatment of sigmoid diverticulitis.,American Society of Colon and Rectal Surgeons,"The initial evaluation of a patient with suspected acute diverticulitis should include a problem-specific history and physical examination; a complete blood count, urinalysis, and abdominal radiographs in selected clinical scenarios.",strong
940,Practice parameters for the treatment of sigmoid diverticulitis.,American Society of Colon and Rectal Surgeons,Computed tomography (CT) scan of the abdomen and pelvis is the most appropriate imaging modality in the assessment of suspected diverticulitis.,strong
941,Practice parameters for the treatment of sigmoid diverticulitis.,American Society of Colon and Rectal Surgeons,Ultrasound and magnetic resonance imaging (MRI) can be useful alternatives in the initial evaluation of a patient with suspected acute diverticulitis.,strong
942,Practice parameters for the treatment of sigmoid diverticulitis.,American Society of Colon and Rectal Surgeons,Nonoperative treatment typically includes oral or intravenous antibiotics and diet modification.,strong
943,Practice parameters for the treatment of sigmoid diverticulitis.,American Society of Colon and Rectal Surgeons,Image-guided percutaneous drainage is usually the most appropriate treatment for stable patients with large diverticular abscesses.,strong
944,Practice parameters for the treatment of sigmoid diverticulitis.,American Society of Colon and Rectal Surgeons,"After resolution of an episode of acute diverticulitis, the colon should typically be endoscopically evaluated to confirm the diagnosis, if this is a first episode or recent colonoscopy has not been performed.",strong
945,Practice parameters for the treatment of sigmoid diverticulitis.,American Society of Colon and Rectal Surgeons,The decision to recommend elective sigmoid colectomy after recovery from uncomplicated acute diverticulitis should be individualized.,strong
946,Practice parameters for the treatment of sigmoid diverticulitis.,American Society of Colon and Rectal Surgeons,Elective colectomy should typically be considered after the patient recovers from an episode of complicated diverticulitis.,strong
947,Practice parameters for the treatment of sigmoid diverticulitis.,American Society of Colon and Rectal Surgeons,Routine elective resection based on young age (<50 years) is no longer recommended.,strong
948,Practice parameters for the treatment of sigmoid diverticulitis.,American Society of Colon and Rectal Surgeons,Urgent sigmoid colectomy is required for patients with diffuse peritonitis or for those in whom nonoperative management of acute diverticulitis fails.,strong
949,Practice parameters for the treatment of sigmoid diverticulitis.,American Society of Colon and Rectal Surgeons,"Following resection, the decision to restore bowel continuity must incorporate patient factors, intraoperative factors, and surgeon preference.",strong
950,Practice parameters for the treatment of sigmoid diverticulitis.,American Society of Colon and Rectal Surgeons,"In patients with purulent or feculent peritonitis, operative therapy without resection is generally not an appropriate alternative to colectomy.",strong
951,Practice parameters for the treatment of sigmoid diverticulitis.,American Society of Colon and Rectal Surgeons,The extent of elective resection should include the entire sigmoid colon with margins of healthy colon and rectum.,strong
952,Practice parameters for the treatment of sigmoid diverticulitis.,American Society of Colon and Rectal Surgeons,"When expertise is available, the laparoscopic approach to elective colectomy for diverticulitis is preferred.",strong
953,Practice parameters for the treatment of sigmoid diverticulitis.,American Society of Colon and Rectal Surgeons,A leak test of the colorectal anastomosis should be performed during surgery for sigmoid diverticulitis.,strong
954,Practice parameters for the treatment of sigmoid diverticulitis.,American Society of Colon and Rectal Surgeons,Ureteral stents are used at the discretion of the surgeon.,weak
955,Practice parameters for the treatment of sigmoid diverticulitis.,American Society of Colon and Rectal Surgeons,"Oral mechanical bowel preparation is not required; however, the use of oral antibiotics may decrease surgical site infections after elective colon resection.",strong
956,Practice parameters for the treatment of sigmoid diverticulitis.,American Society of Colon and Rectal Surgeons,Elective colectomy for diverticulitis may be performed by sparing the superior hemorrhoidal artery or according to cancer surgery principles.,strong
957,"International ERS/ATS guidelines on definition, evaluation and treatment of severe asthma.",American Thoracic Society; European Respiratory Society,"In children and adults with severe asthma without specific indications for chest HRCT based on history, symptoms and/or results of prior investigations the Guideline Committee suggests that a chest HRCT only be done when the presentation is atypical .",weak
958,"International ERS/ATS guidelines on definition, evaluation and treatment of severe asthma.",American Thoracic Society; European Respiratory Society,"In adults with severe asthma, the Guideline Committee suggests treatment guided by clinical criteria and sputum eosinophil counts performed in centres experienced in using this technique rather than by clinical criteria alone.",weak
959,"International ERS/ATS guidelines on definition, evaluation and treatment of severe asthma.",American Thoracic Society; European Respiratory Society,"In children with severe asthma, the Guideline Committee suggests treatment guided by clinical criteria alone rather than by clinical criteria and sputum eosinophil counts.",weak
960,"International ERS/ATS guidelines on definition, evaluation and treatment of severe asthma.",American Thoracic Society; European Respiratory Society,The Guideline Committee suggests that clinicians do not use Fe NO to guide therapy in adults or children with severe asthma.,weak
961,"International ERS/ATS guidelines on definition, evaluation and treatment of severe asthma.",American Thoracic Society; European Respiratory Society,In patients with severe allergic asthma the Guideline Committee suggests a therapeutic trial of omalizumab both in adults and in children.,weak
962,"International ERS/ATS guidelines on definition, evaluation and treatment of severe asthma.",American Thoracic Society; European Respiratory Society,The Guideline Committee suggests that clinicians do not use methotrexate in adults or children with severe asthma.,weak
963,"International ERS/ATS guidelines on definition, evaluation and treatment of severe asthma.",American Thoracic Society; European Respiratory Society,The Guideline Committee suggests that clinicians do not use macrolide antibiotics in adults and children with severe asthma for the treatment of asthma.,weak
964,"International ERS/ATS guidelines on definition, evaluation and treatment of severe asthma.",American Thoracic Society; European Respiratory Society,The Guideline Committee suggests antifungal agents in adults with severe asthma and recurrent exacerbations of allergic bronchopulmonary aspergillosis (ABPA).,weak
965,"International ERS/ATS guidelines on definition, evaluation and treatment of severe asthma.",American Thoracic Society; European Respiratory Society,"The Guideline Committee suggests that clinicians do not use antifungal agents for the treatment of asthma in adults and children with severe asthma without ABPA irrespective of sensitisation to fungi (i.e., positive skin prick test or fungus-specific IgE in serum).",weak
966,"International ERS/ATS guidelines on definition, evaluation and treatment of severe asthma.",American Thoracic Society; European Respiratory Society,The Guideline Committee recommends that bronchial thermoplasty is performed in adults with severe asthma only in the context of an Institutional Review Board-approved independent systematic registry or a clinical study.,strong
967,Screening for hepatitis B virus infection in nonpregnant adolescents and adults: U.S. Preventive Services Task Force recommendation statement.,U.S. Preventive Services Task Force,The USPSTF recommends screening for hepatitis B virus (HBV) infection in persons at high risk for infection.,moderate
968,Recommendations for prevention of weight gain and use of behavioural and pharmacological interventions to manage overweight and obesity in adults in primary care.,Canadian Task Force on Preventive Health Care,"The Task Force recommends measuring height, weight and calculating BMI* at appropriate † primary care visits.",strong
969,Recommendations for prevention of weight gain and use of behavioural and pharmacological interventions to manage overweight and obesity in adults in primary care.,Canadian Task Force on Preventive Health Care,"The Task Force recommends that practitioners not offer formal, structured interventions ‡ aimed at preventing weight gain in normal-weight adults. § Adults who are overweight or obese may be candidates for weight-loss treatment.",weak
970,Recommendations for prevention of weight gain and use of behavioural and pharmacological interventions to manage overweight and obesity in adults in primary care.,Canadian Task Force on Preventive Health Care,"For adults who are obese (BMI 30–39.9) and are at high risk of diabetes, ¶ the Task Force recommends that practitioners offer or refer to structured behavioural interventions ‡ aimed at weight loss.",strong
971,Recommendations for prevention of weight gain and use of behavioural and pharmacological interventions to manage overweight and obesity in adults in primary care.,Canadian Task Force on Preventive Health Care,"For adults who are overweight or obese, the Task Force recommends that practitioners offer or refer to structured behavioural interventions ‡ aimed at weight loss.",weak
972,Recommendations for prevention of weight gain and use of behavioural and pharmacological interventions to manage overweight and obesity in adults in primary care.,Canadian Task Force on Preventive Health Care,"For adults who are overweight or obese, the Task Force recommends that practitioners not routinely offer pharmacologic interventions (orlistat or metformin) aimed at weight loss.**",weak
973,Treatment of pressure ulcers. In: Prevention and treatment of pressure ulcers: clinical practice guideline.,European Pressure Ulcer Advisory Panel; National Pressure Ulcer Advisory Panel; Pan Pacific Pressure Injury Alliance,2.1 Expect some signs of pressure ulcer healing in most individuals within 2 weeks.,weak
974,Treatment of pressure ulcers. In: Prevention and treatment of pressure ulcers: clinical practice guideline.,European Pressure Ulcer Advisory Panel; National Pressure Ulcer Advisory Panel; Pan Pacific Pressure Injury Alliance,2.2 Adjust expectations for healing in the presence of multiple factors that impair wound healing.,weak
975,Treatment of pressure ulcers. In: Prevention and treatment of pressure ulcers: clinical practice guideline.,European Pressure Ulcer Advisory Panel; National Pressure Ulcer Advisory Panel; Pan Pacific Pressure Injury Alliance,1.1. Document the results of all wound assessments.,strong
976,Treatment of pressure ulcers. In: Prevention and treatment of pressure ulcers: clinical practice guideline.,European Pressure Ulcer Advisory Panel; National Pressure Ulcer Advisory Panel; Pan Pacific Pressure Injury Alliance,2.1 Address signs of deterioration immediately.,strong
977,Treatment of pressure ulcers. In: Prevention and treatment of pressure ulcers: clinical practice guideline.,European Pressure Ulcer Advisory Panel; National Pressure Ulcer Advisory Panel; Pan Pacific Pressure Injury Alliance,9.1. Reevaluate the pressure ulcer assessment plan if the pressure ulcer does not show signs of healing within two weeks.,strong
978,Treatment of pressure ulcers. In: Prevention and treatment of pressure ulcers: clinical practice guideline.,European Pressure Ulcer Advisory Panel; National Pressure Ulcer Advisory Panel; Pan Pacific Pressure Injury Alliance,2.1. Incorporate the individual's cognitive ability into the selection of a pain assessment tool.,strong
979,Treatment of pressure ulcers. In: Prevention and treatment of pressure ulcers: clinical practice guideline.,European Pressure Ulcer Advisory Panel; National Pressure Ulcer Advisory Panel; Pan Pacific Pressure Injury Alliance,3.2 Use the CRIES (Crying; Requires O 2 for Saturation >95%; Increasing vital signs; Expression; Sleepless) Scale for neonates up to 6 months.,weak
980,Treatment of pressure ulcers. In: Prevention and treatment of pressure ulcers: clinical practice guideline.,European Pressure Ulcer Advisory Panel; National Pressure Ulcer Advisory Panel; Pan Pacific Pressure Injury Alliance,4.1. Incorporate the individual's body language and nonverbal cues into the assessment of pain.,strong
981,Treatment of pressure ulcers. In: Prevention and treatment of pressure ulcers: clinical practice guideline.,European Pressure Ulcer Advisory Panel; National Pressure Ulcer Advisory Panel; Pan Pacific Pressure Injury Alliance,4.2. Incorporate the words used by the individual to express pressure ulcer pain character into the assessment of pain.,weak
982,Treatment of pressure ulcers. In: Prevention and treatment of pressure ulcers: clinical practice guideline.,European Pressure Ulcer Advisory Panel; National Pressure Ulcer Advisory Panel; Pan Pacific Pressure Injury Alliance,4.3. Evaluate factors that increase pain frequency and/or intensity when conducting an assessment of pain.,strong
983,Treatment of pressure ulcers. In: Prevention and treatment of pressure ulcers: clinical practice guideline.,European Pressure Ulcer Advisory Panel; National Pressure Ulcer Advisory Panel; Pan Pacific Pressure Injury Alliance,4.4. Evaluate the duration of the pressure ulcer and associated pain when conducting an assessment of pain.,weak
984,Treatment of pressure ulcers. In: Prevention and treatment of pressure ulcers: clinical practice guideline.,European Pressure Ulcer Advisory Panel; National Pressure Ulcer Advisory Panel; Pan Pacific Pressure Injury Alliance,"1.1 Cleanse most pressure ulcers with potable water (i.e., water suitable for drinking) or normal saline.",weak
985,Treatment of pressure ulcers. In: Prevention and treatment of pressure ulcers: clinical practice guideline.,European Pressure Ulcer Advisory Panel; National Pressure Ulcer Advisory Panel; Pan Pacific Pressure Injury Alliance,"1.2 Consider using an aseptic technique when the individual, the wound or the wound healing environment is compromised.",weak
986,Treatment of pressure ulcers. In: Prevention and treatment of pressure ulcers: clinical practice guideline.,European Pressure Ulcer Advisory Panel; National Pressure Ulcer Advisory Panel; Pan Pacific Pressure Injury Alliance,"1.3 Consider using cleansing solutions with surfactants and/or antimicrobials to clean pressure ulcers with debris, confirmed infection, suspected infection, or suspected high levels of bacterial colonization. (See the ""Assessment and Treatment of Infection and Biofilms"" section in the original guideline document for information on appropriate selection of topical antiseptics and cytotoxic profiles of different topical preparations.)",weak
987,Treatment of pressure ulcers. In: Prevention and treatment of pressure ulcers: clinical practice guideline.,European Pressure Ulcer Advisory Panel; National Pressure Ulcer Advisory Panel; Pan Pacific Pressure Injury Alliance,1.4. Cleanse pressure ulcers with sinus tracts/tunneling/undermining with caution.,weak
988,Treatment of pressure ulcers. In: Prevention and treatment of pressure ulcers: clinical practice guideline.,European Pressure Ulcer Advisory Panel; National Pressure Ulcer Advisory Panel; Pan Pacific Pressure Injury Alliance,2.1 Contain and properly dispose of used irrigation solution to reduce cross-contamination.,strong
989,Treatment of pressure ulcers. In: Prevention and treatment of pressure ulcers: clinical practice guideline.,European Pressure Ulcer Advisory Panel; National Pressure Ulcer Advisory Panel; Pan Pacific Pressure Injury Alliance,"12.1 Assess stable, hard, dry eschar at each wound dressing change and as clinically indicated.",strong
990,Treatment of pressure ulcers. In: Prevention and treatment of pressure ulcers: clinical practice guideline.,European Pressure Ulcer Advisory Panel; National Pressure Ulcer Advisory Panel; Pan Pacific Pressure Injury Alliance,12.2 Consult a medical practitioner/vascular surgeon urgently in the presence of symptoms.,weak
991,Treatment of pressure ulcers. In: Prevention and treatment of pressure ulcers: clinical practice guideline.,European Pressure Ulcer Advisory Panel; National Pressure Ulcer Advisory Panel; Pan Pacific Pressure Injury Alliance,"12.3 Debride the pressure ulcer urgently in the presence of the above symptoms (i.e., erythema, tenderness, edema, purulence, fluctuance, crepitus, and/or malodor).",weak
992,Treatment of pressure ulcers. In: Prevention and treatment of pressure ulcers: clinical practice guideline.,European Pressure Ulcer Advisory Panel; National Pressure Ulcer Advisory Panel; Pan Pacific Pressure Injury Alliance,Follow local infection-control policies to prevent self-contamination and cross-contamination in individuals with pressure ulcers.,weak
993,Treatment of pressure ulcers. In: Prevention and treatment of pressure ulcers: clinical practice guideline.,European Pressure Ulcer Advisory Panel; National Pressure Ulcer Advisory Panel; Pan Pacific Pressure Injury Alliance,3.1. Evaluate the risk of surgery for the individual.,strong
994,Treatment of pressure ulcers. In: Prevention and treatment of pressure ulcers: clinical practice guideline.,European Pressure Ulcer Advisory Panel; National Pressure Ulcer Advisory Panel; Pan Pacific Pressure Injury Alliance,5.1 Evaluate and promote the individual's ability to adhere to a postoperative management plan.,strong
995,Treatment of pressure ulcers. In: Prevention and treatment of pressure ulcers: clinical practice guideline.,European Pressure Ulcer Advisory Panel; National Pressure Ulcer Advisory Panel; Pan Pacific Pressure Injury Alliance,5.2. Evaluate and optimize physical factors that may impair surgical wound healing.,strong
996,Treatment of pressure ulcers. In: Prevention and treatment of pressure ulcers: clinical practice guideline.,European Pressure Ulcer Advisory Panel; National Pressure Ulcer Advisory Panel; Pan Pacific Pressure Injury Alliance,5.3. Procure and maintain equipment for the prevention and treatment of pressure ulcers.,strong
997,Treatment of pressure ulcers. In: Prevention and treatment of pressure ulcers: clinical practice guideline.,European Pressure Ulcer Advisory Panel; National Pressure Ulcer Advisory Panel; Pan Pacific Pressure Injury Alliance,5.4. Evaluate and optimize psychosocial factors that often impair surgical wound healing.,weak
998,Treatment of pressure ulcers. In: Prevention and treatment of pressure ulcers: clinical practice guideline.,European Pressure Ulcer Advisory Panel; National Pressure Ulcer Advisory Panel; Pan Pacific Pressure Injury Alliance,6.1. Resect infected bone prior to or during surgical closure unless bone involvement is too extensive.,weak
999,Treatment of pressure ulcers. In: Prevention and treatment of pressure ulcers: clinical practice guideline.,European Pressure Ulcer Advisory Panel; National Pressure Ulcer Advisory Panel; Pan Pacific Pressure Injury Alliance,1.1. Avoid transferring the post-surgical individual onto a non-high specification support surface unless clinically indicated.,weak
1000,Treatment of pressure ulcers. In: Prevention and treatment of pressure ulcers: clinical practice guideline.,European Pressure Ulcer Advisory Panel; National Pressure Ulcer Advisory Panel; Pan Pacific Pressure Injury Alliance,2.1. Assess the associated benefits and risks before elevating the head of the bed.,strong
1001,Treatment of pressure ulcers. In: Prevention and treatment of pressure ulcers: clinical practice guideline.,European Pressure Ulcer Advisory Panel; National Pressure Ulcer Advisory Panel; Pan Pacific Pressure Injury Alliance,2.2. Reposition the individual using proper manual handling technique and equipment.,strong
1002,Treatment of pressure ulcers. In: Prevention and treatment of pressure ulcers: clinical practice guideline.,European Pressure Ulcer Advisory Panel; National Pressure Ulcer Advisory Panel; Pan Pacific Pressure Injury Alliance,2.3. Dress the individual in appropriate clothing to prevent injury to the flap when using slide boards.,weak
1003,Treatment of pressure ulcers. In: Prevention and treatment of pressure ulcers: clinical practice guideline.,European Pressure Ulcer Advisory Panel; National Pressure Ulcer Advisory Panel; Pan Pacific Pressure Injury Alliance,6.1. Position the individual on a pressure redistributing support surface when sitting out of bed.,strong
1004,Prevention of pressure ulcers. In: Prevention and treatment of pressure ulcers: clinical practice guideline.,European Pressure Ulcer strongdvisory Panel; National Pressure Ulcer strongdvisory Panel; Pan Pacific Pressure Injury stronglliance,1.1 Consider bedfast and/or chairfast individuals to be at risk of pressure ulcer development.,weak
1005,Prevention of pressure ulcers. In: Prevention and treatment of pressure ulcers: clinical practice guideline.,European Pressure Ulcer strongdvisory Panel; National Pressure Ulcer strongdvisory Panel; Pan Pacific Pressure Injury stronglliance,1.2. Consider the impact of mobility limitations on pressure ulcer risk.,strong
1006,Prevention of pressure ulcers. In: Prevention and treatment of pressure ulcers: clinical practice guideline.,European Pressure Ulcer strongdvisory Panel; National Pressure Ulcer strongdvisory Panel; Pan Pacific Pressure Injury stronglliance,1.3. Complete a comprehensive risk assessment for bedfast and/or chairfast individuals to guide preventive interventions.,strong
1007,Prevention of pressure ulcers. In: Prevention and treatment of pressure ulcers: clinical practice guideline.,European Pressure Ulcer strongdvisory Panel; National Pressure Ulcer strongdvisory Panel; Pan Pacific Pressure Injury stronglliance,1.4. Consider individuals with a Category/Stage I pressure ulcer to be at risk of progression or new Category/Stage II and greater pressure ulcers.,weak
1008,Prevention of pressure ulcers. In: Prevention and treatment of pressure ulcers: clinical practice guideline.,European Pressure Ulcer strongdvisory Panel; National Pressure Ulcer strongdvisory Panel; Pan Pacific Pressure Injury stronglliance,1.5. Consider individuals with an existing pressure ulcer (any Category/Stage) to be at risk of additional pressure ulcers.,strong
1009,Prevention of pressure ulcers. In: Prevention and treatment of pressure ulcers: clinical practice guideline.,European Pressure Ulcer strongdvisory Panel; National Pressure Ulcer strongdvisory Panel; Pan Pacific Pressure Injury stronglliance,1.6. Consider the general status of skin on pressure ulcer risk.,weak
1010,Prevention of pressure ulcers. In: Prevention and treatment of pressure ulcers: clinical practice guideline.,European Pressure Ulcer strongdvisory Panel; National Pressure Ulcer strongdvisory Panel; Pan Pacific Pressure Injury stronglliance,1.1 Increase the frequency of skin assessments in response to any deterioration in overall condition.,weak
1011,Prevention of pressure ulcers. In: Prevention and treatment of pressure ulcers: clinical practice guideline.,European Pressure Ulcer strongdvisory Panel; National Pressure Ulcer strongdvisory Panel; Pan Pacific Pressure Injury stronglliance,1.2 Document the findings of all comprehensive skin assessments.,strong
1012,Prevention of pressure ulcers. In: Prevention and treatment of pressure ulcers: clinical practice guideline.,European Pressure Ulcer strongdvisory Panel; National Pressure Ulcer strongdvisory Panel; Pan Pacific Pressure Injury stronglliance,2.1 Differentiate the cause and extent of erythema.,strong
1013,Prevention of pressure ulcers. In: Prevention and treatment of pressure ulcers: clinical practice guideline.,European Pressure Ulcer strongdvisory Panel; National Pressure Ulcer strongdvisory Panel; Pan Pacific Pressure Injury stronglliance,2.2 Use the finger or the disc method to assess whether skin is blanchable or non-blanchable.,weak
1014,Prevention of pressure ulcers. In: Prevention and treatment of pressure ulcers: clinical practice guideline.,European Pressure Ulcer strongdvisory Panel; National Pressure Ulcer strongdvisory Panel; Pan Pacific Pressure Injury stronglliance,3.1. When conducting a skin assessment in an individual with darkly pigmented skin prioritize assessment of:,weak
1015,Prevention of pressure ulcers. In: Prevention and treatment of pressure ulcers: clinical practice guideline.,European Pressure Ulcer strongdvisory Panel; National Pressure Ulcer strongdvisory Panel; Pan Pacific Pressure Injury stronglliance,3.2 strongssess localized pain as part of every skin assessment.,strong
1016,Prevention of pressure ulcers. In: Prevention and treatment of pressure ulcers: clinical practice guideline.,European Pressure Ulcer strongdvisory Panel; National Pressure Ulcer strongdvisory Panel; Pan Pacific Pressure Injury stronglliance,4.1. Conduct more frequent (greater than twice daily) skin assessments at the skin-device interface in individuals vulnerable to fluid shifts and/or exhibiting signs of localized/generalized edema.,strong
1017,Prevention of pressure ulcers. In: Prevention and treatment of pressure ulcers: clinical practice guideline.,European Pressure Ulcer strongdvisory Panel; National Pressure Ulcer strongdvisory Panel; Pan Pacific Pressure Injury stronglliance,2.1 Use a pH balanced skin cleanser.,strong
1018,Prevention of pressure ulcers. In: Prevention and treatment of pressure ulcers: clinical practice guideline.,European Pressure Ulcer strongdvisory Panel; National Pressure Ulcer strongdvisory Panel; Pan Pacific Pressure Injury stronglliance,4.1 Cleanse the skin promptly following episodes of incontinence,strong
1019,Prevention of pressure ulcers. In: Prevention and treatment of pressure ulcers: clinical practice guideline.,European Pressure Ulcer strongdvisory Panel; National Pressure Ulcer strongdvisory Panel; Pan Pacific Pressure Injury stronglliance,6.1 Do not use dimethyl sulfoxide (DMSO) cream for the prevention of pressure ulcers.,weak
1020,Prevention of pressure ulcers. In: Prevention and treatment of pressure ulcers: clinical practice guideline.,European Pressure Ulcer strongdvisory Panel; National Pressure Ulcer strongdvisory Panel; Pan Pacific Pressure Injury stronglliance,1.1. Consider the need for moisture and temperature control when selecting a support surface cover.,weak
1021,VA/DoD clinical practice guideline for the diagnosis and management of hypertension in the primary care setting.,Department of Defense; Department of Veterans Affairs; Veterans Health Administration,"The Work Group recommends that screening adults for elevated blood pressure occur periodically, preferably annually. ( Modified from 2004 VA/DoD Hypertension [HTN] Clinical Practice Guideline [CPG] without an updated systematic review of the evidence. )",strong
1022,VA/DoD clinical practice guideline for the diagnosis and management of hypertension in the primary care setting.,Department of Defense; Department of Veterans Affairs; Veterans Health Administration,The Work Group suggests that screening occur at the time of routine preventive care or routine health assessment. ( Modified from 2004 VA/DoD HTN CPG without an updated systematic review of the evidence. ),weak
1023,VA/DoD clinical practice guideline for the diagnosis and management of hypertension in the primary care setting.,Department of Defense; Department of Veterans Affairs; Veterans Health Administration,The Work Group recommends the diagnosis of hypertension be determined based on at least two blood pressure readings on two separate patient visits. ( Modified from 2004 VA/DoD HTN CPG without an updated systematic review of the evidence. ),strong
1024,VA/DoD clinical practice guideline for the diagnosis and management of hypertension in the primary care setting.,Department of Defense; Department of Veterans Affairs; Veterans Health Administration,The Work Group recommends that blood pressure be measured with a technique recommended for the measurement of blood pressure in adults using a properly calibrated and validated sphygmomanometer. ( Modified from 2004 VA/DoD HTN CPG without an updated systematic review of the evidence. ),strong
1025,VA/DoD clinical practice guideline for the diagnosis and management of hypertension in the primary care setting.,Department of Defense; Department of Veterans Affairs; Veterans Health Administration,"For patients whose diagnosis of hypertension remains uncertain, the Work Group recommends offering home blood pressure monitoring to confirm diagnosis prior to beginning pharmacologic treatment. (Two to three times a day for seven consecutive days, disregard the first day and take the average of measurements.)",strong
1026,VA/DoD clinical practice guideline for the diagnosis and management of hypertension in the primary care setting.,Department of Defense; Department of Veterans Affairs; Veterans Health Administration,"For patients whose diagnosis of hypertension remains uncertain, the Work Group suggests offering 24 hour ambulatory blood pressure monitoring as an alternative to home blood pressure monitoring to confirm diagnosis prior to beginning pharmacologic treatment.",weak
1027,VA/DoD clinical practice guideline for the diagnosis and management of hypertension in the primary care setting.,Department of Defense; Department of Veterans Affairs; Veterans Health Administration,"The Work Group suggests offering a multi-modal approach to adherence interventions, which could include telemonitoring, multi-disciplinary group medical appointments, (e.g., shared medical appointments), case management (by pharmacists, nurses, social workers), patient and provider education, behavioral therapy, etc.",weak
1028,VA/DoD clinical practice guideline for the diagnosis and management of hypertension in the primary care setting.,Department of Defense; Department of Veterans Affairs; Veterans Health Administration,The Work Group recommends offering lifestyle modification interventions for patients with prehypertension or hypertension based on patient indications and preferences as well as assessment of available local resources. ( Modified from 2004 VA/DoD HTN CPG. ),strong
1029,VA/DoD clinical practice guideline for the diagnosis and management of hypertension in the primary care setting.,Department of Defense; Department of Veterans Affairs; Veterans Health Administration,The Work Group recommends discussing healthy weight range and advising overweight or obese hypertensive patients to reduce their body mass index to below 25. ( Modified from 2004 VA/DoD HTN CPG. ),strong
1030,VA/DoD clinical practice guideline for the diagnosis and management of hypertension in the primary care setting.,Department of Defense; Department of Veterans Affairs; Veterans Health Administration,"If a normal body mass index (<25) cannot be achieved, the Work Group suggests advising patients that a weight reduction of at least 10 pounds can achieve a decrease in blood pressure.",weak
1031,VA/DoD clinical practice guideline for the diagnosis and management of hypertension in the primary care setting.,Department of Defense; Department of Veterans Affairs; Veterans Health Administration,"The Work Group recommends a target for aerobic exercise of 30 to 45 minutes per session, at least four times per week. ( Modified from 2004 VA/DoD HTN CPG. )",strong
1032,VA/DoD clinical practice guideline for the diagnosis and management of hypertension in the primary care setting.,Department of Defense; Department of Veterans Affairs; Veterans Health Administration,"The Work Group suggests the use of a self-monitoring device (e.g., pedometer, mobile apps, etc.) to increase adherence to physical activity.",weak
1033,VA/DoD clinical practice guideline for the diagnosis and management of hypertension in the primary care setting.,Department of Defense; Department of Veterans Affairs; Veterans Health Administration,"For patients interested in complementary and alternative medicine, the Work Group suggests considering mind-body therapies such as transcendental meditation or yoga.",weak
1034,VA/DoD clinical practice guideline for the diagnosis and management of hypertension in the primary care setting.,Department of Defense; Department of Veterans Affairs; Veterans Health Administration,The Work Group suggests not offering Tai Chi for the treatment of hypertension as there is a moderate body of evidence that shows this intervention does not reduce blood pressure.,weak
1035,VA/DoD clinical practice guideline for the diagnosis and management of hypertension in the primary care setting.,Department of Defense; Department of Veterans Affairs; Veterans Health Administration,The Work Group recommends a dietitian-led Dietary Approaches to Stop Hypertension (DASH) Diet for the treatment and/or prevention of hypertension for patients with hypertension and/or interested patients with prehypertension and other cardiovascular risk factors. ( Modified from 2004 VA/DoD HTN CPG. ),strong
1036,VA/DoD clinical practice guideline for the diagnosis and management of hypertension in the primary care setting.,Department of Defense; Department of Veterans Affairs; Veterans Health Administration,"In patients with additional cardiovascular risk factors, such as dyslipidemia, the Work Group suggests considering a dietitian-led Mediterranean Diet as an alternative to the DASH Diet.",weak
1037,VA/DoD clinical practice guideline for the diagnosis and management of hypertension in the primary care setting.,Department of Defense; Department of Veterans Affairs; Veterans Health Administration,The Work Group recommends against the use of soy protein supplements for the treatment of hypertension.,strong
1038,VA/DoD clinical practice guideline for the diagnosis and management of hypertension in the primary care setting.,Department of Defense; Department of Veterans Affairs; Veterans Health Administration,"In patients with hypertension or prehypertension, the Work Group recommends that sodium intake be limited to no more than 2300 mg/day (100 mmol/day), with referral to a dietitian or other support as appropriate. (Modified from 2004 VA/DoD HTN CPG. )",strong
1039,VA/DoD clinical practice guideline for the diagnosis and management of hypertension in the primary care setting.,Department of Defense; Department of Veterans Affairs; Veterans Health Administration,"The Work Group recommends advising hypertensive and prehypertensive patients to limit alcohol intake to no more than 1 oz per day for men or 0.5 oz of alcohol per day for women. (This is approximately 2 drinks/day in men and 1 drink/day in women, where a drink is 1.5 oz 80-proof liquor, 12 oz beer, or 5 oz wine [all 14 g]). ( Modified from 2004 VA/DoD HTN CPG. )",strong
1040,VA/DoD clinical practice guideline for the diagnosis and management of hypertension in the primary care setting.,Department of Defense; Department of Veterans Affairs; Veterans Health Administration,The Work Group recommends offering pharmacologic treatment for hypertensive patients 60 years and older with a systolic blood pressure ≥160 mmHg.,strong
1041,VA/DoD clinical practice guideline for the diagnosis and management of hypertension in the primary care setting.,Department of Defense; Department of Veterans Affairs; Veterans Health Administration,The Work Group suggests considering pharmacologic treatment using a shared decision-making model for hypertensive patients 60 years and older with systolic blood pressure <160 mmHg.,weak
1042,VA/DoD clinical practice guideline for the diagnosis and management of hypertension in the primary care setting.,Department of Defense; Department of Veterans Affairs; Veterans Health Administration,"The Work Group suggests offering pharmacologic treatment to patients with a history of cerebrovascular disease (stroke, transient ischemic attack, or asymptomatic carotid artery disease) and a systolic blood pressure ≥140 mmHg.",weak
1043,VA/DoD clinical practice guideline for the diagnosis and management of hypertension in the primary care setting.,Department of Defense; Department of Veterans Affairs; Veterans Health Administration,"The Work Group suggests pharmacologic treatment for hypertensive patients younger than 60 with a systolic blood pressure ≥160 mmHg, regardless of diastolic blood pressure.",weak
1044,VA/DoD clinical practice guideline for the diagnosis and management of hypertension in the primary care setting.,Department of Defense; Department of Veterans Affairs; Veterans Health Administration,The Work Group recommends offering pharmacologic treatment for patients 30 years and older with a diastolic blood pressure ≥90 mmHg.,strong
1045,VA/DoD clinical practice guideline for the diagnosis and management of hypertension in the primary care setting.,Department of Defense; Department of Veterans Affairs; Veterans Health Administration,The Work Group suggests offering pharmacologic treatment for patients age 18 to 29 with a diastolic blood pressure ≥90 mmHg.,weak
1046,VA/DoD clinical practice guideline for the diagnosis and management of hypertension in the primary care setting.,Department of Defense; Department of Veterans Affairs; Veterans Health Administration,"For patients 60 years and over, the Work Group recommends treating to a systolic blood pressure goal of <150 mmHg.",strong
1047,VA/DoD clinical practice guideline for the diagnosis and management of hypertension in the primary care setting.,Department of Defense; Department of Veterans Affairs; Veterans Health Administration,"For patients below 60 years of age, the Work Group suggests treating to a systolic blood pressure goal of <150 mmHg.",weak
1048,VA/DoD clinical practice guideline for the diagnosis and management of hypertension in the primary care setting.,Department of Defense; Department of Veterans Affairs; Veterans Health Administration,The Work Group recommends treating to a diastolic blood pressure goal <90 mmHg in patients 30 years and older.,strong
1049,VA/DoD clinical practice guideline for the diagnosis and management of hypertension in the primary care setting.,Department of Defense; Department of Veterans Affairs; Veterans Health Administration,The Work Group suggests treating to a diastolic blood pressure goal <90 mmHg in patients age 18 to 29.,weak
1050,VA/DoD clinical practice guideline for the diagnosis and management of hypertension in the primary care setting.,Department of Defense; Department of Veterans Affairs; Veterans Health Administration,"For patients with diabetes (all age groups), the Work Group recommends treating to a systolic blood pressure goal of <150 mmHg.",strong
1051,VA/DoD clinical practice guideline for the diagnosis and management of hypertension in the primary care setting.,Department of Defense; Department of Veterans Affairs; Veterans Health Administration,"For patients with diabetes (all age groups) who tolerate antihypertensive drugs, the Work Group suggests treating to a systolic blood pressure goal of <140 mmHg.",weak
1052,VA/DoD clinical practice guideline for the diagnosis and management of hypertension in the primary care setting.,Department of Defense; Department of Veterans Affairs; Veterans Health Administration,"For patients with diabetes, the Work Group recommends treating to a diastolic blood pressure goal <85 mmHg.",strong
1053,VA/DoD clinical practice guideline for the diagnosis and management of hypertension in the primary care setting.,Department of Defense; Department of Veterans Affairs; Veterans Health Administration,"The Work Group suggests that patients be seen within one month of initiation of lifestyle or pharmacological therapy to determine adequacy of hypertension control, degree of patient adherence, and presence of adverse effects. ( Modified from 2004 VA/DoD HTN CPG without an updated systematic review of the evidence. )",weak
1054,VA/DoD clinical practice guideline for the diagnosis and management of hypertension in the primary care setting.,Department of Defense; Department of Veterans Affairs; Veterans Health Administration,"Once the patient's blood pressure is controlled, the Work Group suggests follow-up at least annually, or more frequently as indicated, depending on patient preference. (Modified from 2004 VA/DoD HTN CPG without an updated systematic review of the evidence .)",weak
1055,VA/DoD clinical practice guideline for the diagnosis and management of hypertension in the primary care setting.,Department of Defense; Department of Veterans Affairs; Veterans Health Administration,"The Work Group suggests taking into consideration the patient's baseline blood pressure and presence of comorbidities, when deciding on either monotherapy or combination therapy (two drugs) when initiating drug therapy. ( Modified from 2004 VA/DoD HTN CPG without an updated systematic review of the evidence.",weak
1056,VA/DoD clinical practice guideline for the diagnosis and management of hypertension in the primary care setting.,Department of Defense; Department of Veterans Affairs; Veterans Health Administration,The Work Group suggests initiating combination therapy for patients with a baseline systolic blood pressure of >20 mmHg or diastolic blood pressure of >10 mmHg above the patient's goal. ( Modified from 2004 VA/DoD HTN CPG without an updated systematic review of the evidence. ),weak
1057,VA/DoD clinical practice guideline for the diagnosis and management of hypertension in the primary care setting.,Department of Defense; Department of Veterans Affairs; Veterans Health Administration,The Work Group recommends the use of thiazide-type diuretics for the treatment of hypertension.,strong
1058,VA/DoD clinical practice guideline for the diagnosis and management of hypertension in the primary care setting.,Department of Defense; Department of Veterans Affairs; Veterans Health Administration,The Work Group suggests the use of thiazide-type diuretics at recommended treatment doses as first-line therapy for drug treatment of hypertension either as monotherapy or in combination with other agents. ( Modified from 2004 VA/DoD HTN CPG. ),weak
1059,VA/DoD clinical practice guideline for the diagnosis and management of hypertension in the primary care setting.,Department of Defense; Department of Veterans Affairs; Veterans Health Administration,"To initiate treatment of hypertension with a thiazide-type diuretic, the Work Group suggests the use of chlorthalidone or indapamide over hydrochlorothiazide.",weak
1060,VA/DoD clinical practice guideline for the diagnosis and management of hypertension in the primary care setting.,Department of Defense; Department of Veterans Affairs; Veterans Health Administration,The Work Group does not suggest switching from hydrochlorothiazide to chlorthalidone or indapamide if the patient is adequately controlled on and tolerating hydrochlorothiazide.,weak
1061,VA/DoD clinical practice guideline for the diagnosis and management of hypertension in the primary care setting.,Department of Defense; Department of Veterans Affairs; Veterans Health Administration,The Work Group suggests considering a switch from hydrochlorothiazide to chlorthalidone for patients whose hypertension is inadequately controlled on 50 mg/day of hydrochlorothiazide.,weak
1062,VA/DoD clinical practice guideline for the diagnosis and management of hypertension in the primary care setting.,Department of Defense; Department of Veterans Affairs; Veterans Health Administration,"The Work Group recommends a dosage of 12.5-25 mg/day of chlorthalidone, 25-50 mg/day of hydrochlorothiazide, or a dosage of 2.5 mg/day immediate-release or 1.5-2.5 mg/day sustained-release (not currently available in the US) of indapamide.",strong
1063,VA/DoD clinical practice guideline for the diagnosis and management of hypertension in the primary care setting.,Department of Defense; Department of Veterans Affairs; Veterans Health Administration,"The Work Group recommends using the following as alternative therapies for patients who cannot tolerate thiazide-type diuretics, as supplementary therapies for patients who do not reach their hypertensive goals, or for those starting on combination therapy: Angiotensin-converting-enzyme inhibitors (ACEIs) or angiotensin II receptor blockers (ARBs) (but not together) Long-acting dihydropyridine calcium channel blockers (CCBs) ( Modified from 2004 VA/DoD HTN CPG. )",strong
1064,VA/DoD clinical practice guideline for the diagnosis and management of hypertension in the primary care setting.,Department of Defense; Department of Veterans Affairs; Veterans Health Administration,"The Work Group recommends against the use of more than one of the following three drug classes together in the same patient: ACEIs, ARBs, or direct renin inhibitors.",strong
1065,VA/DoD clinical practice guideline for the diagnosis and management of hypertension in the primary care setting.,Department of Defense; Department of Veterans Affairs; Veterans Health Administration,"The Work Group recommends additional therapy in refractory hypertension (for those who do not tolerate or are not adequately controlled with triple therapy [i.e., thiazide-type diuretics, ACEI or ARB, and CCBs] described in Recommendation 43) or as supplementary therapy in some clinical indications. Drug classes for consideration can include (not in priority order): Aldosterone/mineralocorticoid receptor antagonists (e.g., spironolactone, eplerenone) Other potassium-sparing diuretic (i.e., amiloride) Alpha-adrenergic blockers Beta-adrenergic blockers Non-dihydropyridine CCBs Combined alpha-beta adrenergic blockers Peripherally acting antiadrenergic agents (reserpine, pending availability) Direct acting vasodilators (e.g., hydralazine, minoxidil) Centrally acting antiadrenergic drugs (e.g., clonidine, methyldopa)",strong
1066,VA/DoD clinical practice guideline for the diagnosis and management of hypertension in the primary care setting.,Department of Defense; Department of Veterans Affairs; Veterans Health Administration,"The Work Group recommends against the use of alpha-adrenergic blockers as monotherapy, but this class of agents may be used as supplemental therapy or if warranted by comorbid conditions (e.g., symptomatic prostatic hypertrophy). ( Modified from 2004 VA/DoD HTN CPG. )",strong
1067,VA/DoD clinical practice guideline for the diagnosis and management of hypertension in the primary care setting.,Department of Defense; Department of Veterans Affairs; Veterans Health Administration,"In patients with hypertension and chronic kidney disease (reduced kidney function with albuminuria), the Work Group recommends treatment with an ACEI, or ARB for improving kidney outcomes. ( Modified from 2004 VA/DoD HTN CPG. )",strong
1068,VA/DoD clinical practice guideline for the diagnosis and management of hypertension in the primary care setting.,Department of Defense; Department of Veterans Affairs; Veterans Health Administration,"In African American patients with hypertension, the Work Group recommends against using an ACEI or ARB as monotherapy.",strong
1069,VA/DoD clinical practice guideline for the diagnosis and management of hypertension in the primary care setting.,Department of Defense; Department of Veterans Affairs; Veterans Health Administration,"In African American patients with hypertension and stage 1-3 chronic kidney disease, the Work Group suggests a combination of a thiazide-type diuretic (for cardiovascular protection) with either an ACEI or ARB (for renal protection).",weak
1070,Clinical policy: procedural sedation and analgesia in the emergency department.,American College of Emergency Physicians,,moderate
1071,Clinical policy: procedural sedation and analgesia in the emergency department.,American College of Emergency Physicians,,moderate
1072,Clinical policy: procedural sedation and analgesia in the emergency department.,American College of Emergency Physicians,,moderate
1073,Clinical policy: procedural sedation and analgesia in the emergency department.,American College of Emergency Physicians,,weak
1074,Clinical policy: procedural sedation and analgesia in the emergency department.,American College of Emergency Physicians,,weak
1075,Clinical policy: procedural sedation and analgesia in the emergency department.,American College of Emergency Physicians,,strong
1076,Clinical policy: procedural sedation and analgesia in the emergency department.,American College of Emergency Physicians,,strong
1077,Clinical policy: procedural sedation and analgesia in the emergency department.,American College of Emergency Physicians,,moderate
1078,Clinical policy: procedural sedation and analgesia in the emergency department.,American College of Emergency Physicians,,moderate
1079,Clinical policy: procedural sedation and analgesia in the emergency department.,American College of Emergency Physicians,,weak
1080,Clinical policy: procedural sedation and analgesia in the emergency department.,American College of Emergency Physicians,,weak
1081,Clinical policy: procedural sedation and analgesia in the emergency department.,American College of Emergency Physicians,,weak
1082,Sentinel lymph node biopsy for patients with early-stage breast cancer: American Society of Clinical Oncology clinical practice guideline update.,American Society of Clinical Oncology,Clinicians should not recommend ALND for women with early-stage breast cancer who do not have nodal metastases. Type: evidence based; benefits outweigh harms.,strong
1083,Sentinel lymph node biopsy for patients with early-stage breast cancer: American Society of Clinical Oncology clinical practice guideline update.,American Society of Clinical Oncology,Clinicians should not recommend ALND for women with early-stage breast cancer and one or two SLN metastases who will undergo BCS with conventionally fractionated whole-breast radiotherapy. Type: evidence based; benefits outweigh harms.,strong
1084,Sentinel lymph node biopsy for patients with early-stage breast cancer: American Society of Clinical Oncology clinical practice guideline update.,American Society of Clinical Oncology,Clinicians may offer ALND for women with early-stage breast cancer with nodal metastases found on SNB who will undergo mastectomy. Type: evidence based; benefits outweigh harms.,weak
1085,Sentinel lymph node biopsy for patients with early-stage breast cancer: American Society of Clinical Oncology clinical practice guideline update.,American Society of Clinical Oncology,Clinicians may offer SNB for women who have operable breast cancer and the following circumstance: multicentric tumors. Type: evidence based; benefits outweigh harms.,moderate
1086,Sentinel lymph node biopsy for patients with early-stage breast cancer: American Society of Clinical Oncology clinical practice guideline update.,American Society of Clinical Oncology,There are insufficient data to change the 2005 recommendation that clinicians should not perform SNB for women who have early-stage breast cancer and have the following circumstance: large or locally advanced invasive breast cancer (tumor size T3/T4).,weak
1087,Sentinel lymph node biopsy for patients with early-stage breast cancer: American Society of Clinical Oncology clinical practice guideline update.,American Society of Clinical Oncology,There are insufficient data to change the 2005 recommendation that clinicians should not perform SNB for women who have early-stage breast cancer and have the following circumstance: inflammatory breast cancer.,weak
1088,Sentinel lymph node biopsy for patients with early-stage breast cancer: American Society of Clinical Oncology clinical practice guideline update.,American Society of Clinical Oncology,"There are insufficient data to change the 2005 recommendation that clinicians should not perform SNB for women who have early-stage breast cancer and the following circumstance: DCIS, when BCS is planned. Type: informal consensus. Evidence quality: insufficient. Strength of recommendation: strong.",strong
1089,Sentinel lymph node biopsy for patients with early-stage breast cancer: American Society of Clinical Oncology clinical practice guideline update.,American Society of Clinical Oncology,There are insufficient data to change the 2005 recommendation that clinicians should not perform SNB for women who have early-stage breast cancer and have the following circumstance: pregnancy. Type: informal consensus.,weak
1090,2014 UK national guideline on the management of vulval conditions.,British Association for Sexual Health and HIV,"An ultra-potent topical steroid with antibacterial and antifungal, e.g., Dermovate NN® or generic equivalent (clobetasol with neomycin and nystatin) or an alternative preparation that combats secondary infection (such as Fucibet® [betamethasone with fusidic acid] cream) may be appropriate if secondary infection is a concern. These should only be used for a short period of time to clear infection.",weak
1091,2014 UK national guideline on the management of vulval conditions.,British Association for Sexual Health and HIV,"An ultra-potent topical steroid with antibacterial and antifungal, e.g., Dermovate NN® or generic equivalent (clobetasol with neomycin and nystatin) or an alternative preparation that combats secondary infection (such as Fucibet® cream) may be appropriate if secondary infection is a concern. These should only be used for a short period of time to clear infection.",weak
1092,2014 UK national guideline on the management of vulval conditions.,British Association for Sexual Health and HIV,Note : a recent randomised study has not confirmed the beneficial effect of amitriptyline.,strong
1093,Clinical practice guideline: allergic rhinitis.,American Academy of Otolaryngology - Head and Neck Surgery Foundation,"Clinicians should make the clinical diagnosis of allergic rhinitis (AR) when patients present with a history and physical examination consistent with an allergic cause and 1 or more of the following symptoms: nasal congestion, runny nose, itchy nose, or sneezing. Findings of AR consistent with an allergic cause include, but are not limited to, clear rhinorrhea, nasal congestion, pale discoloration of the nasal mucosa, and red and watery eyes.",moderate
1094,Clinical practice guideline: allergic rhinitis.,American Academy of Otolaryngology - Head and Neck Surgery Foundation,"Clinicians should perform and interpret, or refer to a clinician who can perform and interpret, specific immunoglobulin E (IgE) (skin or blood) allergy testing for patients with a clinical diagnosis of AR who do not respond to empiric treatment, or when the diagnosis is uncertain, or when knowledge of the specific causative allergen is needed to target therapy.",moderate
1095,Clinical practice guideline: allergic rhinitis.,American Academy of Otolaryngology - Head and Neck Surgery Foundation,Clinicians should not routinely perform sinonasal imaging in patients presenting with symptoms consistent with a diagnosis of AR.,moderate
1096,Clinical practice guideline: allergic rhinitis.,American Academy of Otolaryngology - Head and Neck Surgery Foundation,"Clinicians may advise avoidance of known allergens or may advise environmental controls (e.g., removal of pets; the use of air filtration systems, bed covers, and acaricides [chemical agents that kill dust mites]) in AR patients who have identified allergens that correlate with clinical symptoms.",weak
1097,Clinical practice guideline: allergic rhinitis.,American Academy of Otolaryngology - Head and Neck Surgery Foundation,"Clinicians should assess patients with a clinical diagnosis of AR for, and document in the medical record, the presence of associated conditions such as asthma, atopic dermatitis, sleep-disordered breathing, conjunctivitis, rhinosinusitis, and otitis media.",moderate
1098,Clinical practice guideline: allergic rhinitis.,American Academy of Otolaryngology - Head and Neck Surgery Foundation,Clinicians should recommend intranasal steroids for patients with a clinical diagnosis of AR whose symptoms affect their quality of life.,strong
1099,Clinical practice guideline: allergic rhinitis.,American Academy of Otolaryngology - Head and Neck Surgery Foundation,Clinicians should recommend oral second-generation/less sedating antihistamines for patients with AR and primary complaints of sneezing and itching.,strong
1100,Clinical practice guideline: allergic rhinitis.,American Academy of Otolaryngology - Head and Neck Surgery Foundation,"Clinicians may offer intranasal antihistamines for patients with seasonal, perennial, or episodic AR.",weak
1101,Clinical practice guideline: allergic rhinitis.,American Academy of Otolaryngology - Head and Neck Surgery Foundation,Clinicians should not offer LTRAs as primary therapy for patients with AR.,moderate
1102,Clinical practice guideline: allergic rhinitis.,American Academy of Otolaryngology - Head and Neck Surgery Foundation,Clinicians may offer combination pharmacologic therapy in patients with AR who have inadequate response to pharmacologic monotherapy.,weak
1103,Clinical practice guideline: allergic rhinitis.,American Academy of Otolaryngology - Head and Neck Surgery Foundation,"Clinicians should offer, or refer to a clinician who can offer, immunotherapy (sublingual or subcutaneous) for patients with AR who have inadequate response to symptoms with pharmacologic therapy with or without environmental controls.",moderate
1104,Clinical practice guideline: allergic rhinitis.,American Academy of Otolaryngology - Head and Neck Surgery Foundation,"Clinicians may offer, or refer to a surgeon who can offer, inferior turbinate reduction in patients with AR with nasal airway obstruction and enlarged inferior turbinates who have failed medical management.",weak
1105,Clinical practice guideline: allergic rhinitis.,American Academy of Otolaryngology - Head and Neck Surgery Foundation,"Clinicians may offer acupuncture, or refer to a clinician who can offer acupuncture, for patients with AR who are interested in nonpharmacologic therapy.",weak
1107,Behavioral counseling to promote a healthful diet and physical activity for cardiovascular disease prevention in adults with cardiovascular risk factors: U.S. Preventive Services Task Force recommendation statement.,U.S. Preventive Services Task Force,The USPSTF recommends offering or referring adults who are overweight or obese and have additional cardiovascular disease (CVD) risk factors to intensive behavioral counseling interventions to promote a healthful diet and physical activity for CVD prevention.,moderate
1108,Interventions for prevention and treatment of pressure ulcers. In: Prevention and treatment of pressure ulcers: clinical practice guideline.,European Pressure Ulcer strongdvisory Panel; National Pressure Ulcer strongdvisory Panel; Pan Pacific Pressure Injury stronglliance,"3.1. Teach individuals to do ""pressure relief lifts"" or other pressure relieving maneuvers as appropriate.",strong
1109,Interventions for prevention and treatment of pressure ulcers. In: Prevention and treatment of pressure ulcers: clinical practice guideline.,European Pressure Ulcer strongdvisory Panel; National Pressure Ulcer strongdvisory Panel; Pan Pacific Pressure Injury stronglliance,3.1. Use manual handling aids to reduce friction and shear. Lift — don't drag — the individual while repositioning.,strong
1110,Interventions for prevention and treatment of pressure ulcers. In: Prevention and treatment of pressure ulcers: clinical practice guideline.,European Pressure Ulcer strongdvisory Panel; National Pressure Ulcer strongdvisory Panel; Pan Pacific Pressure Injury stronglliance,3.2. Use a split leg sling mechanical lift when available to transfer an individual into a wheelchair or bedside chair when the individual needs total assistance to transfer. Remove the sling immediately after transfer.,weak
1111,Interventions for prevention and treatment of pressure ulcers. In: Prevention and treatment of pressure ulcers: clinical practice guideline.,European Pressure Ulcer strongdvisory Panel; National Pressure Ulcer strongdvisory Panel; Pan Pacific Pressure Injury stronglliance,"3.3. Do not leave moving and handling equipment under the individual after use, unless the equipment is specifically designed for this purpose.",strong
1112,Interventions for prevention and treatment of pressure ulcers. In: Prevention and treatment of pressure ulcers: clinical practice guideline.,European Pressure Ulcer strongdvisory Panel; National Pressure Ulcer strongdvisory Panel; Pan Pacific Pressure Injury stronglliance,1.1. Encourage individuals who can reposition themselves to sleep in a 30° to 40° side-lying position or flat in bed if not contraindicated.,weak
1113,Interventions for prevention and treatment of pressure ulcers. In: Prevention and treatment of pressure ulcers: clinical practice guideline.,European Pressure Ulcer strongdvisory Panel; National Pressure Ulcer strongdvisory Panel; Pan Pacific Pressure Injury stronglliance,"1.2. strongvoid lying postures that increase pressure, such as the 90° side-lying position, or the semi-recumbent position.",weak
1114,Interventions for prevention and treatment of pressure ulcers. In: Prevention and treatment of pressure ulcers: clinical practice guideline.,European Pressure Ulcer strongdvisory Panel; National Pressure Ulcer strongdvisory Panel; Pan Pacific Pressure Injury stronglliance,"2.1. If sitting in bed is necessary, avoid head-of-bed elevation or a slouched position that places pressure and shear on the sacrum and coccyx.",weak
1115,Interventions for prevention and treatment of pressure ulcers. In: Prevention and treatment of pressure ulcers: clinical practice guideline.,European Pressure Ulcer strongdvisory Panel; National Pressure Ulcer strongdvisory Panel; Pan Pacific Pressure Injury stronglliance,"2.1. Provide adequate seat tilt to prevent sliding forward in the wheelchair or chair, and adjust footrests and armrests to maintain proper posture and pressure redistribution.",weak
1116,Interventions for prevention and treatment of pressure ulcers. In: Prevention and treatment of pressure ulcers: clinical practice guideline.,European Pressure Ulcer strongdvisory Panel; National Pressure Ulcer strongdvisory Panel; Pan Pacific Pressure Injury stronglliance,3.1. strongvoid the use of elevating leg rests if the individual has inadequate hamstring length.,weak
1117,Interventions for prevention and treatment of pressure ulcers. In: Prevention and treatment of pressure ulcers: clinical practice guideline.,European Pressure Ulcer strongdvisory Panel; National Pressure Ulcer strongdvisory Panel; Pan Pacific Pressure Injury stronglliance,"1.1. Position the individual off area(s) of suspected deep tissue injury with intact skin. If pressure over the area cannot be relieved by repositioning, select an appropriate support surface.",weak
1118,Interventions for prevention and treatment of pressure ulcers. In: Prevention and treatment of pressure ulcers: clinical practice guideline.,European Pressure Ulcer strongdvisory Panel; National Pressure Ulcer strongdvisory Panel; Pan Pacific Pressure Injury stronglliance,2.1. Weigh the risks and benefits of supported sitting against benefits to both physical and emotional health.,weak
1119,Interventions for prevention and treatment of pressure ulcers. In: Prevention and treatment of pressure ulcers: clinical practice guideline.,European Pressure Ulcer strongdvisory Panel; National Pressure Ulcer strongdvisory Panel; Pan Pacific Pressure Injury stronglliance,1.1. Use heel suspension devices that elevate and offload the heel completely in such a way as to distribute the weight of the leg along the calf without placing pressure on the strongchilles tendon.,strong
1120,Interventions for prevention and treatment of pressure ulcers. In: Prevention and treatment of pressure ulcers: clinical practice guideline.,European Pressure Ulcer strongdvisory Panel; National Pressure Ulcer strongdvisory Panel; Pan Pacific Pressure Injury stronglliance,3.1. Use a foam cushion under the full length of the calves to elevate heels.,weak
1121,Interventions for prevention and treatment of pressure ulcers. In: Prevention and treatment of pressure ulcers: clinical practice guideline.,European Pressure Ulcer strongdvisory Panel; National Pressure Ulcer strongdvisory Panel; Pan Pacific Pressure Injury stronglliance,1.1. Review the characteristics of foam mattresses used in the facility for pressure ulcer prevention to ensure they are high specification.,strong
1122,Interventions for prevention and treatment of pressure ulcers. In: Prevention and treatment of pressure ulcers: clinical practice guideline.,European Pressure Ulcer strongdvisory Panel; National Pressure Ulcer strongdvisory Panel; Pan Pacific Pressure Injury stronglliance,1.2. Consider using other reactive support surfaces for individuals assessed as being at risk for pressure ulcer development.,weak
1123,Interventions for prevention and treatment of pressure ulcers. In: Prevention and treatment of pressure ulcers: clinical practice guideline.,European Pressure Ulcer strongdvisory Panel; National Pressure Ulcer strongdvisory Panel; Pan Pacific Pressure Injury stronglliance,2.1. Do not use small cell alternating pressure air mattresses or overlays.,weak
1124,Interventions for prevention and treatment of pressure ulcers. In: Prevention and treatment of pressure ulcers: clinical practice guideline.,European Pressure Ulcer strongdvisory Panel; National Pressure Ulcer strongdvisory Panel; Pan Pacific Pressure Injury stronglliance,2.1. strongssess the cushion and cover for heat dissipation. Select a cushion and cover that permit air exchange to minimize temperature and moisture at the buttock interface.,weak
1125,Interventions for prevention and treatment of pressure ulcers. In: Prevention and treatment of pressure ulcers: clinical practice guideline.,European Pressure Ulcer strongdvisory Panel; National Pressure Ulcer strongdvisory Panel; Pan Pacific Pressure Injury stronglliance,1.1. Consider children with medical devices to be at risk for pressure ulcers.,strong
1126,Interventions for prevention and treatment of pressure ulcers. In: Prevention and treatment of pressure ulcers: clinical practice guideline.,European Pressure Ulcer strongdvisory Panel; National Pressure Ulcer strongdvisory Panel; Pan Pacific Pressure Injury stronglliance,1.1. Conduct more frequent (greater than twice daily) skin assessments at the skin-device interface in individuals vulnerable to fluid shifts and/or exhibiting signs of localized or generalized edema.,strong
1127,Interventions for prevention and treatment of pressure ulcers. In: Prevention and treatment of pressure ulcers: clinical practice guideline.,European Pressure Ulcer strongdvisory Panel; National Pressure Ulcer strongdvisory Panel; Pan Pacific Pressure Injury stronglliance,3.1. Do not position the individual directly on a medical device unless it cannot be avoided,strong
1128,Interventions for prevention and treatment of pressure ulcers. In: Prevention and treatment of pressure ulcers: clinical practice guideline.,European Pressure Ulcer strongdvisory Panel; National Pressure Ulcer strongdvisory Panel; Pan Pacific Pressure Injury stronglliance,3.2. Reposition the individual to redistribute pressure and shear forces created by the medical device.,strong
1129,Interventions for prevention and treatment of pressure ulcers. In: Prevention and treatment of pressure ulcers: clinical practice guideline.,European Pressure Ulcer strongdvisory Panel; National Pressure Ulcer strongdvisory Panel; Pan Pacific Pressure Injury stronglliance,3.3. Rotate or reposition medical devices when possible.,weak
1130,Interventions for prevention and treatment of pressure ulcers. In: Prevention and treatment of pressure ulcers: clinical practice guideline.,European Pressure Ulcer strongdvisory Panel; National Pressure Ulcer strongdvisory Panel; Pan Pacific Pressure Injury stronglliance,3.4. Provide support for medical devices as needed to decrease pressure and shear forces.,weak
1131,BCSH guideline for the use of anti-D immunoglobulin for the prevention of haemolytic disease of the fetus and newborn.,British Committee for Standards in Haematology,"Following potentially sensitising events, anti-D Ig should be administered as soon as possible and always within 72 h of the event. If, exceptionally, this deadline has not been met some protection may be offered if anti-D Ig is given up to 10 days after the sensitising event.",strong
1132,BCSH guideline for the use of anti-D immunoglobulin for the prevention of haemolytic disease of the fetus and newborn.,British Committee for Standards in Haematology,"In pregnancies <12 weeks gestation, anti-D Ig prophylaxis (minimum dose 250 IU) is only indicated following an ectopic pregnancy, molar pregnancy, therapeutic termination of pregnancy and in some cases of uterine bleeding where this is repeated, heavy or associated with abdominal pain. A test for fetomaternal haemorrhage (FMH) is not required.",weak
1133,BCSH guideline for the use of anti-D immunoglobulin for the prevention of haemolytic disease of the fetus and newborn.,British Committee for Standards in Haematology,For potentially sensitising events between 12 and 20 weeks gestation a minimum dose of 250 IU should be administered within 72 h of the event. A test for FMH is not required.,weak
1134,BCSH guideline for the use of anti-D immunoglobulin for the prevention of haemolytic disease of the fetus and newborn.,British Committee for Standards in Haematology,For potentially sensitising events after 20 weeks gestation a minimum anti-D Ig dose of 500 IU should be administered within 72 h of the event.,weak
1135,BCSH guideline for the use of anti-D immunoglobulin for the prevention of haemolytic disease of the fetus and newborn.,British Committee for Standards in Haematology,"Appropriate tests for FMH should be carried out for all D negative, previously non-sensitised, pregnant women who have had a potentially sensitising event after 20 weeks of gestation, and additional dose(s) of anti-D Ig should be administered as necessary.",strong
1136,BCSH guideline for the use of anti-D immunoglobulin for the prevention of haemolytic disease of the fetus and newborn.,British Committee for Standards in Haematology,"All D negative pregnant women who have not been previously sensitised should be offered routine RAADP either with a single dose regimen given around 28 weeks, or two dose regimen given at around 28 and 34 weeks.",strong
1137,BCSH guideline for the use of anti-D immunoglobulin for the prevention of haemolytic disease of the fetus and newborn.,British Committee for Standards in Haematology,It is important that the 28-week sample for blood group and antibody screen is taken prior to the first routine prophylactic anti-D Ig injection being given. This forms the second screen required in pregnancy as stated in the British Committee for Standards in Haematology (BCSH) Guidelines for Blood Grouping and Red Cell Antibody Testing during pregnancy.,weak
1138,BCSH guideline for the use of anti-D immunoglobulin for the prevention of haemolytic disease of the fetus and newborn.,British Committee for Standards in Haematology,The RAADP scheme should be regarded as supplementary to any anti-D Ig administered for sensitising episodes listed in Table 1 in the original guideline document.,weak
1139,BCSH guideline for the use of anti-D immunoglobulin for the prevention of haemolytic disease of the fetus and newborn.,British Committee for Standards in Haematology,"Following birth, ABO and rhesus (Rh) D typing should be performed on cord blood sample and if the baby is confirmed to be D positive, all D negative, previously non-sensitised, women should receive at least 500 IU of anti-D Ig within 72 h following delivery. Maternal samples should be tested for FMH and additional dose(s) given as guided by FMH tests.",strong
1140,BCSH guideline for the use of anti-D immunoglobulin for the prevention of haemolytic disease of the fetus and newborn.,British Committee for Standards in Haematology,"If there is an intrauterine death (IUD) and hence no sample can be obtained from the baby, prophylactic anti-D Ig should be administered to D negative, previously non-sensitised women. A minimum of 500 IU of anti-D Ig should be administered within 72 h following the diagnosis of IUD. Maternal samples should be tested for FMH and additional dose(s) given as guided by FMH tests. It should be noted that the diagnosis of IUD is the sensitising event rather than delivery and hence anti-D Ig should be administered within 72 h of diagnosis.",weak
1141,BCSH guideline for the use of anti-D immunoglobulin for the prevention of haemolytic disease of the fetus and newborn.,British Committee for Standards in Haematology,"If cord blood sample cannot be obtained or if cord blood group cannot be established for any reason, at least 500 IU anti-D Ig should be administered to D negative, previously non-sensitised women.",weak
1142,BCSH guideline for the use of anti-D immunoglobulin for the prevention of haemolytic disease of the fetus and newborn.,British Committee for Standards in Haematology,"Where intra-operative cell salvage (ICS) is used during Caesarean section in D negative, previously non-sensitised women, and where cord blood group is confirmed as D positive (or unknown), a minimum dose of 1500 IU anti-D Ig should be administered following the re-infusion of salvaged red cells, and a maternal sample should be taken for estimation of FMH 30 to 45 min after reinfusion in case more anti-D Ig is indicated. It is important that clinicians inform the transfusion laboratory if ICS has been used to ensure that correct dose of anti-D Ig is issued.",weak
1143,BCSH guideline for the use of anti-D immunoglobulin for the prevention of haemolytic disease of the fetus and newborn.,British Committee for Standards in Haematology,Adequate records of issue and administration should be maintained to allow full traceability of anti-D immunoglobulin.,weak
1144,BCSH guideline for the use of anti-D immunoglobulin for the prevention of haemolytic disease of the fetus and newborn.,British Committee for Standards in Haematology,"Where anti-D is detected in a sample from a pregnant woman, further history should be obtained and investigations undertaken to establish whether this is immune or passive. If no clear conclusion can be reached as to the origin of anti-D, then prophylaxis should continue to be administered in accordance with guidelines for D negative women who have not formed immune anti-D.",weak
1145,Recommendations on screening for prostate cancer with the prostate-specific antigen test.,Canadian Task Force on Preventive Health Care,"For men aged less than 55 years, the Task Force recommends not screening for prostate cancer with the prostate-specific antigen (PSA) test.",strong
1146,Recommendations on screening for prostate cancer with the prostate-specific antigen test.,Canadian Task Force on Preventive Health Care,"For men aged 55–69 years, the Task Force recommends not screening for prostate cancer with the PSA test.",weak
1147,Recommendations on screening for prostate cancer with the prostate-specific antigen test.,Canadian Task Force on Preventive Health Care,"For men 70 years of age and older, the Task Force recommends not screening for prostate cancer with the PSA test.",strong
1148,Clinical practice guideline: tinnitus.,American Academy of Otolaryngology - Head and Neck Surgery Foundation,Clinicians should perform a targeted history and physical examination at the initial evaluation of a patient with presumed primary tinnitus to identify conditions that if promptly identified and managed may relieve tinnitus.,moderate
1149,Clinical practice guideline: tinnitus.,American Academy of Otolaryngology - Head and Neck Surgery Foundation,"Clinicians should obtain a comprehensive audiologic examination in patients with tinnitus that is unilateral, associated with hearing difficulties, or persistent (≥6 months).",moderate
1150,Clinical practice guideline: tinnitus.,American Academy of Otolaryngology - Head and Neck Surgery Foundation,"Clinicians may obtain an initial comprehensive audiologic examination in patients who present with tinnitus (regardless of laterality, duration, or perceived hearing status).",weak
1151,Clinical practice guideline: tinnitus.,American Academy of Otolaryngology - Head and Neck Surgery Foundation,"Clinicians should not obtain imaging studies of the head and neck in patients with tinnitus, specifically to evaluate the tinnitus, unless they have one or more of the following: tinnitus that localizes to 1 ear, pulsatile tinnitus, focal neurological abnormalities, or asymmetric hearing loss.",strong
1152,Clinical practice guideline: tinnitus.,American Academy of Otolaryngology - Head and Neck Surgery Foundation,Clinicians must distinguish patients with bothersome tinnitus from patients with non-bothersome tinnitus.,strong
1153,Clinical practice guideline: tinnitus.,American Academy of Otolaryngology - Head and Neck Surgery Foundation,Clinicians should distinguish patients with bothersome tinnitus of recent onset from those with persistent symptoms (≥6 months) to prioritize intervention and facilitate discussions about natural history and follow-up care.,moderate
1154,Clinical practice guideline: tinnitus.,American Academy of Otolaryngology - Head and Neck Surgery Foundation,"Clinicians should educate patients with persistent, bothersome tinnitus about management strategies.",moderate
1155,Clinical practice guideline: tinnitus.,American Academy of Otolaryngology - Head and Neck Surgery Foundation,"Clinicians should recommend a hearing aid evaluation for patients with hearing loss and persistent, bothersome tinnitus.",moderate
1156,Clinical practice guideline: tinnitus.,American Academy of Otolaryngology - Head and Neck Surgery Foundation,"Clinicians may recommend sound therapy to patients with persistent, bothersome tinnitus.",weak
1157,Clinical practice guideline: tinnitus.,American Academy of Otolaryngology - Head and Neck Surgery Foundation,"Clinicians should recommend CBT to patients with persistent, bothersome tinnitus.",moderate
1158,Clinical practice guideline: tinnitus.,American Academy of Otolaryngology - Head and Neck Surgery Foundation,"Clinicians should not routinely recommend antidepressants, anticonvulsants, anxiolytics, or intratympanic medications for a primary indication of treating persistent, bothersome tinnitus.",moderate
1159,Clinical practice guideline: tinnitus.,American Academy of Otolaryngology - Head and Neck Surgery Foundation,"Clinicians should not recommend Ginkgo biloba, melatonin, zinc, or other dietary supplements for treating patients with persistent, bothersome tinnitus.",moderate
1161,Clinical practice guideline: tinnitus.,American Academy of Otolaryngology - Head and Neck Surgery Foundation,"Clinicians should not recommend TMS for the treatment of patients with persistent, bothersome tinnitus.",moderate
1162,Screening for hepatitis C virus infection in adults: U.S. Preventive Services Task Force recommendation statement.,U.S. Preventive Services Task Force,The USPSTF recommends screening for hepatitis C virus (HCV) infection in persons at high risk for infection. The USPSTF also recommends offering one-time screening for HCV infection to adults born between 1945 and 1965.,moderate
1163,Dietary and pharmacologic management to prevent recurrent nephrolithiasis in adults: a clinical practice guideline from the American College of Physicians.,American College of Physicians,Recommendation 1 : The American College of Physicians (ACP) recommends management with increased fluid intake spread throughout the day to achieve at least 2 L of urine per day to prevent recurrent nephrolithiasis.,weak
1164,Dietary and pharmacologic management to prevent recurrent nephrolithiasis in adults: a clinical practice guideline from the American College of Physicians.,American College of Physicians,"Recommendation 2 : ACP recommends pharmacologic monotherapy with a thiazide diuretic, citrate, or allopurinol to prevent recurrent nephrolithiasis in patients with active disease in which increased fluid intake fails to reduce the formation of stones.",weak
1165,Guidelines for the diagnosis and management of adult myelodysplastic syndromes.,British Committee for Standards in Haematology,Myelodysplastic syndrome (MDS) should be suspected in patients with otherwise unexplained cytopenia(s) or macrocytosis.,strong
1166,Guidelines for the diagnosis and management of adult myelodysplastic syndromes.,British Committee for Standards in Haematology,The initial assessment of a patient with unexplained cytopenia(s) may not confirm a diagnosis of MDS. Further follow-up and reassessment may be necessary to reach a firm diagnosis.,weak
1167,Guidelines for the diagnosis and management of adult myelodysplastic syndromes.,British Committee for Standards in Haematology,Initial assessment of a patient with suspected MDS should include a minimum set of investigations and the differential diagnosis of marrow dysplasia should be considered.,strong
1168,Guidelines for the diagnosis and management of adult myelodysplastic syndromes.,British Committee for Standards in Haematology,"Patients with MDS should be assessed by a haematologist and, except where clearly inappropriate, offered review by a regional or national expert given the disease rarity.",strong
1169,Guidelines for the diagnosis and management of adult myelodysplastic syndromes.,British Committee for Standards in Haematology,Bone marrow cytogenetic analysis should be performed on all patients with suspected MDS having a bone marrow examination.,strong
1170,Guidelines for the diagnosis and management of adult myelodysplastic syndromes.,British Committee for Standards in Haematology,"Consideration should be given at diagnosis to the prognosis for each individual patient, with application of the revised International Prognostic Scoring System (IPSS-R).",strong
1171,Guidelines for the diagnosis and management of adult myelodysplastic syndromes.,British Committee for Standards in Haematology,All cases of MDS should be reported to the National Cancer Registry and MDS-specific registries if applicable.,strong
1172,Guidelines for the diagnosis and management of adult myelodysplastic syndromes.,British Committee for Standards in Haematology,Supportive care should be the mainstay for all patients with MDS and symptomatic cytopenias.,strong
1173,Guidelines for the diagnosis and management of adult myelodysplastic syndromes.,British Committee for Standards in Haematology,Blood transfusions should be given to improve symptomatic anaemia.,strong
1174,Guidelines for the diagnosis and management of adult myelodysplastic syndromes.,British Committee for Standards in Haematology,A trigger haemoglobin concentration cannot be recommended for all patients; it should be individualized.,strong
1175,Guidelines for the diagnosis and management of adult myelodysplastic syndromes.,British Committee for Standards in Haematology,Extended red cell phenotyping should be considered for patients receiving regular red cell transfusions.,weak
1176,Guidelines for the diagnosis and management of adult myelodysplastic syndromes.,British Committee for Standards in Haematology,"Routine platelet transfusions should not be given to stable, non-bleeding patients who are not receiving intensive chemotherapy.",strong
1177,Guidelines for the diagnosis and management of adult myelodysplastic syndromes.,British Committee for Standards in Haematology,Local policies should be in place for the management of neutropenic sepsis.,strong
1178,Guidelines for the diagnosis and management of adult myelodysplastic syndromes.,British Committee for Standards in Haematology,Emotional health needs should be continually assessed and addressed. Disease-specific information should be re-iterated regularly.,strong
1179,Guidelines for the diagnosis and management of adult myelodysplastic syndromes.,British Committee for Standards in Haematology,Iron chelation therapy cannot be routinely recommended for MDS patients with transfusional iron overload.,strong
1180,Guidelines for the diagnosis and management of adult myelodysplastic syndromes.,British Committee for Standards in Haematology,"Consideration may be given to chelation therapy for patients with a very good prognosis, specifically patients with WHO refractory anaemia (RA), RA with ringed sideroblasts (RARS) and isolated del(5q). Triggers may include more than 20 units of red cells transfused, serum ferritin >1000 µg/l in patients for whom continuing red cell transfusion is predicted.",weak
1181,Guidelines for the diagnosis and management of adult myelodysplastic syndromes.,British Committee for Standards in Haematology,Patients treated with iron chelation therapy should ideally receive this treatment within clinical trials.,weak
1182,Guidelines for the diagnosis and management of adult myelodysplastic syndromes.,British Committee for Standards in Haematology,Desferrioxamine remains the therapy of choice with the longest record of safety and efficacy of all three agents available. Deferasirox is recommended for patients intolerant of desferrioxamine. Deferiprone could be considered in patients with normal baseline neutrophil counts.,weak
1183,Guidelines for the diagnosis and management of adult myelodysplastic syndromes.,British Committee for Standards in Haematology,"Patients with IPSS low and intermediate-1 (INT-1) MDS, symptomatic anaemia and who fulfil the criteria for a high or intermediate predictive score for response should be considered for a trial of therapy with an erythroid-stimulating agent (ESA).",strong
1184,Guidelines for the diagnosis and management of adult myelodysplastic syndromes.,British Committee for Standards in Haematology,Patients with non-sideroblastic phenotypes should be offered a trial of therapy with an ESA.,strong
1185,Guidelines for the diagnosis and management of adult myelodysplastic syndromes.,British Committee for Standards in Haematology,Patients with sideroblastic phenotypes should be offered a trial of therapy with an ESA plus granulocyte colony-stimulating factor (G-CSF).,strong
1186,Guidelines for the diagnosis and management of adult myelodysplastic syndromes.,British Committee for Standards in Haematology,"Patients should receive a maximum trial period of 16 weeks of therapy. This should comprise 8 weeks at the starting dose of ESA± G-CSF and a further 8 weeks at the higher doses, if required.",weak
1187,Guidelines for the diagnosis and management of adult myelodysplastic syndromes.,British Committee for Standards in Haematology,Patients achieving a complete or partial erythroid response by accepted criteria should continue on long-term therapy until the response is lost and at the minimum dose of ESAs required to maintain the response.,weak
1188,Guidelines for the diagnosis and management of adult myelodysplastic syndromes.,British Committee for Standards in Haematology,The haemoglobin concentration should not be allowed to rise above 120 g/l.,weak
1189,Guidelines for the diagnosis and management of adult myelodysplastic syndromes.,British Committee for Standards in Haematology,"Immunosuppressive therapy with antithymocyte globulin (ATG) (horse ATG, currently available as ATGAM, Pfizer, New York, NY, USA) can be recommended in suitable low or INT-1 IPSS MDS patients who are typically less than 60 years of age and have a normal karyotype or trisomy 8.",weak
1190,Guidelines for the diagnosis and management of adult myelodysplastic syndromes.,British Committee for Standards in Haematology,"Patients with IPSS low or INT-1 MDS with del(5q), symptomatic anaemia and who fulfil the criteria for a high or intermediate predictive score for response, should be first considered for a trial of ESA therapy.",strong
1191,Guidelines for the diagnosis and management of adult myelodysplastic syndromes.,British Committee for Standards in Haematology,"For transfusion-dependent patients unsuitable for a trial of ESA, or for non-responders/patients losing their response to ESA, who have IPSS low or INT-1 MDS with del(5q), consider treatment with lenalidomide 10 mg daily for 21 days repeated every 28 days. A careful discussion with patients about the risk and benefit is mandatory.",strong
1192,Guidelines for the diagnosis and management of adult myelodysplastic syndromes.,British Committee for Standards in Haematology,"Selected MDS patients with del(5q) and IPSS low/INT-1 may be candidates for allogeneic stem cell transplantation. These include lenalidomide-treated patients who fail to achieve transfusion independence, those losing their response, or patients with transfusion dependence not considered suitable for lenalidomide.",weak
1193,Guidelines for the diagnosis and management of adult myelodysplastic syndromes.,British Committee for Standards in Haematology,"Lenalidomide is not currently recommended for patients with del(5q) and bone marrow blasts >5%, multiple (complex) cytogenetic abnormalities in addition to del(5q), patients with IPSS INT-2/high or with a known mutated TP53 gene.",weak
1194,Guidelines for the diagnosis and management of adult myelodysplastic syndromes.,British Committee for Standards in Haematology,Clinicians should discuss all patients eligible for stem cell transplantation with their local transplant unit and each case should be assessed on its own merits.,weak
1195,Guidelines for the diagnosis and management of adult myelodysplastic syndromes.,British Committee for Standards in Haematology,"Consideration should be given to the European Group for Blood and Marrow Transplantation (EBMT) risk score, which has been validated for MDS, and the Haematopoietic Cell Transplantation Comorbidity Index (HCT-CI).",weak
1196,Guidelines for the diagnosis and management of adult myelodysplastic syndromes.,British Committee for Standards in Haematology,"Consideration should also be given to additional prognostic features, such as red cell transfusion dependence, which can profoundly influence the prognosis in patients eligible for transplant.",weak
1197,Guidelines for the diagnosis and management of adult myelodysplastic syndromes.,British Committee for Standards in Haematology,Current data suggest that transplants from matched unrelated donors can have similar outcomes to those from matched sibling donors.,weak
1198,Guidelines for the diagnosis and management of adult myelodysplastic syndromes.,British Committee for Standards in Haematology,Myeloablative conditioning regimens are recommended over reduced intensity conditioning (RIC) regimens when they can be delivered safely.,weak
1199,Guidelines for the diagnosis and management of adult myelodysplastic syndromes.,British Committee for Standards in Haematology,Supportive care ± hydroxycarbamide as required is recommended for most patients.,strong
1200,Guidelines for the diagnosis and management of adult myelodysplastic syndromes.,British Committee for Standards in Haematology,Azacitidine is licensed for non-proliferative CMML-2 and can reasonably be recommended.,weak
1201,Guidelines for the diagnosis and management of adult myelodysplastic syndromes.,British Committee for Standards in Haematology,Allogeneic haematopoietic stem cell transplantation (HSCT) with or without preceding acute myeloid leukaemia (AML)-type chemotherapy should be considered for selected patients.,weak
1202,Guidelines for the diagnosis and management of adult myelodysplastic syndromes.,British Committee for Standards in Haematology,Patients requiring treatment should be considered for any appropriate clinical trial.,strong
1203,Guidelines for the diagnosis and management of adult myelodysplastic syndromes.,British Committee for Standards in Haematology,Early allogeneic stem cell transplantation with or without prior AML-type induction chemotherapy should be considered for eligible patients with high-risk MDS.,weak
1204,Guidelines for the diagnosis and management of adult myelodysplastic syndromes.,British Committee for Standards in Haematology,Eligibility for stem cell transplantation should be based on HCT-CI and performance status rather than age.,weak
1205,Guidelines for the diagnosis and management of adult myelodysplastic syndromes.,British Committee for Standards in Haematology,Patients with a low comorbidity score (HCT-CI <3) should be considered for allogeneic stem cell transplantation. The role of transplantation in those patients with a high comorbidity score is unclear.,weak
1206,Guidelines for the diagnosis and management of adult myelodysplastic syndromes.,British Committee for Standards in Haematology,Patients with >10% blasts should receive 1 to 2 courses of intensive chemotherapy to induce remission prior to transplantation.,weak
1207,Guidelines for the diagnosis and management of adult myelodysplastic syndromes.,British Committee for Standards in Haematology,It is recommended that serum ferritin be measured pretransplant for additional predictive information.,weak
1208,Guidelines for the diagnosis and management of adult myelodysplastic syndromes.,British Committee for Standards in Haematology,Matched unrelated donor transplants are recommended where a sibling donor is unsuitable or unavailable.,weak
1209,Guidelines for the diagnosis and management of adult myelodysplastic syndromes.,British Committee for Standards in Haematology,Intensity of conditioning depends on the 'risk' of the disease and patient factors.,weak
1210,Guidelines for the diagnosis and management of adult myelodysplastic syndromes.,British Committee for Standards in Haematology,Patients who fail to respond to pre-transplant induction therapy should not undergo allogeneic stem cell transplantation and should be considered for experimental therapy or supportive care alone.,weak
1211,Guidelines for the diagnosis and management of adult myelodysplastic syndromes.,British Committee for Standards in Haematology,Autologous stem cell transplantation for MDS is not recommended outside of clinical trials.,weak
1212,Guidelines for the diagnosis and management of adult myelodysplastic syndromes.,British Committee for Standards in Haematology,"In fit older patients lacking an adverse karyotype, the options of azacitidine versus intensive chemotherapy should be carefully discussed. Standard regimens used in de novo AML should be used as intensive chemotherapy in eligible patients.",weak
1213,Guidelines for the diagnosis and management of adult myelodysplastic syndromes.,British Committee for Standards in Haematology,"Azacitidine is recommended as first-line therapy for patients ineligible for a stem cell transplant with IPSS INT-2 and high-risk MDS, CMML-2 or AML with 20% to 30% blasts.",strong
1214,Guidelines for the diagnosis and management of adult myelodysplastic syndromes.,British Committee for Standards in Haematology,The recommended dose of azacitidine is 75 mg/m 2 daily for seven consecutive days but a 5-2-2 schedule is acceptable where it is not practical to offer seven consecutive days.,weak
1215,Guidelines for the diagnosis and management of adult myelodysplastic syndromes.,British Committee for Standards in Haematology,Responding patients should continue azacitidine until their response is lost,strong
1216,Guidelines for the diagnosis and management of adult myelodysplastic syndromes.,British Committee for Standards in Haematology,"The decision to stop or continue azacitidine in patients who fail to achieve a response after six cycles, but who have stable disease, is dependent upon clinician and patient preference.",weak
1217,Guidelines for laparoscopic peritoneal dialysis access surgery.,Society of American Gastrointestinal and Endoscopic Surgeons,Contraindications for laparoscopic peritoneal dialysis (PD) catheter placement include active abdominal infection and uncorrectable mechanical defects of the abdominal wall.,strong
1218,Guidelines for laparoscopic peritoneal dialysis access surgery.,Society of American Gastrointestinal and Endoscopic Surgeons,"History of prior abdominal surgery, regardless of how many, is not a contraindication to laparoscopic PD catheter insertion. It is appropriate for surgeons with experience in advanced laparoscopy to attempt lysis of adhesions and catheter placement in these patients.",strong
1219,Guidelines for laparoscopic peritoneal dialysis access surgery.,Society of American Gastrointestinal and Endoscopic Surgeons,Patients with abdominal wall hernias should be diagnosed and repaired before or at the same time as PD catheter insertion. A repair should be chosen that minimizes peritoneal dissection and does not place mesh intraperitoneally.,weak
1220,Guidelines for laparoscopic peritoneal dialysis access surgery.,Society of American Gastrointestinal and Endoscopic Surgeons,"Peritoneal dialysis may be initiated in patients with intraabdominal foreign bodies such as after open abdominal aortic aneurysm graft repair, but a four month waiting period is recommended. Very limited data exists regarding peritoneal dialysis in the presence of an adjustable gastric band.",weak
1221,Guidelines for laparoscopic peritoneal dialysis access surgery.,Society of American Gastrointestinal and Endoscopic Surgeons,Peritoneal dialysis may be safely initiated in patients with ventriculoperitoneal shunts.,weak
1222,Guidelines for laparoscopic peritoneal dialysis access surgery.,Society of American Gastrointestinal and Endoscopic Surgeons,"Gastrostomy tubes can be used in pediatric patients on peritoneal dialysis, though placement by blind percutaneous endoscopic technique (PEG) appears to be associated with higher infection rates compared to open insertion.",weak
1223,Guidelines for laparoscopic peritoneal dialysis access surgery.,Society of American Gastrointestinal and Endoscopic Surgeons,"Laparoscopic PD catheter insertion with carbon dioxide pneumoperitoneum requires general anesthesia. Patients who are high risk to undergo general anesthesia should be considered for a technique of catheter insertion that only requires local anesthesia and sedation, such as open insertion or fluoroscopically guided percutaneous insertion. Laparoscopic insertion using nitrous oxide pneumoperitoneum and local anesthesia is also an option where available.",weak
1224,Guidelines for laparoscopic peritoneal dialysis access surgery.,Society of American Gastrointestinal and Endoscopic Surgeons,"For peritoneal access, blind percutaneous, open surgical, peritoneoscopic, fluoroscopically guided percutaneous, and laparoscopic insertion procedures, when performed by experienced operators, are feasible and safe with acceptable outcomes.",strong
1225,Guidelines for laparoscopic peritoneal dialysis access surgery.,Society of American Gastrointestinal and Endoscopic Surgeons,Laparoscopic lysis of adhesions should be incorporated to reduce catheter dysfunction.,strong
1226,Guidelines for laparoscopic peritoneal dialysis access surgery.,Society of American Gastrointestinal and Endoscopic Surgeons,Laparoscopic suture fixation of the PD catheter may reduce catheter dysfunction but additional is needed.,weak
1227,Guidelines for laparoscopic peritoneal dialysis access surgery.,Society of American Gastrointestinal and Endoscopic Surgeons,Rectus sheath tunneling helps prevent migration and may be superior to suture fixation since it does not require added ports and instruments.,weak
1228,Guidelines for laparoscopic peritoneal dialysis access surgery.,Society of American Gastrointestinal and Endoscopic Surgeons,Omentopexy in adults is a safe adjunct to laparoscopic PD catheter insertion and should be incorporated either routinely or selectively to reduce catheter dysfunction.,weak
1229,Guidelines for laparoscopic peritoneal dialysis access surgery.,Society of American Gastrointestinal and Endoscopic Surgeons,Omentectomy should be considered in pediatric patients undergoing peritoneal dialysis catheter placement.,weak
1230,Guidelines for laparoscopic peritoneal dialysis access surgery.,Society of American Gastrointestinal and Endoscopic Surgeons,"The combination of lysis of adhesions, peritoneal tunneling and omentopexy in combination offers the lowest rate of postoperative PD catheter dysfunction and should be a preferred technique in adults.",strong
1231,Guidelines for laparoscopic peritoneal dialysis access surgery.,Society of American Gastrointestinal and Endoscopic Surgeons,Presurgical assessment should include thorough examination for hernias and the catheter exit site should be marked before surgery.,weak
1232,Guidelines for laparoscopic peritoneal dialysis access surgery.,Society of American Gastrointestinal and Endoscopic Surgeons,Prophylactic antibiotics should be used prior to laparoscopic insertion of PD catheter. Vancomycin may be superior to first generation cephalosporins in minimizing early peritonitis after PD insertion but local resistance patterns should be also considered when choosing the preoperative antibiotic.,strong
1233,Guidelines for laparoscopic peritoneal dialysis access surgery.,Society of American Gastrointestinal and Endoscopic Surgeons,Peritoneal access during lap PD insertion should be obtained away from previous scars; surgeons should use the technique they are most comfortable and experienced with.,weak
1234,Guidelines for laparoscopic peritoneal dialysis access surgery.,Society of American Gastrointestinal and Endoscopic Surgeons,The surgeon should minimize the size and number of ports used and place them in a manner that optimizes visualization of the catheter peritoneal insertion point and the pelvis.,weak
1235,Guidelines for laparoscopic peritoneal dialysis access surgery.,Society of American Gastrointestinal and Endoscopic Surgeons,"When inserting the PD catheter through the abdominal wall, the deep cuff should be placed inside the rectus sheath.",strong
1236,Guidelines for laparoscopic peritoneal dialysis access surgery.,Society of American Gastrointestinal and Endoscopic Surgeons,The superficial PD catheter cuff should be 2 cm from the skin exit site in children and at least 2 cm in adults to prevent future cuff extrusion.,weak
1237,Guidelines for laparoscopic peritoneal dialysis access surgery.,Society of American Gastrointestinal and Endoscopic Surgeons,Minimizing dressing changes and handling may be beneficial in the first two postop weeks.,weak
1238,Guidelines for laparoscopic peritoneal dialysis access surgery.,Society of American Gastrointestinal and Endoscopic Surgeons,Adequate time should be given after surgery for healing before PD is initiated and the current standard is two weeks. A more urgent start should be considered when the benefits outweigh the risks.,weak
1239,Guidelines for laparoscopic peritoneal dialysis access surgery.,Society of American Gastrointestinal and Endoscopic Surgeons,"Blind percutaneous PD catheter insertion has acceptable malfunction and leak rates compared with open insertion in patients who have never had prior abdominal surgery. The technique may be especially useful in high-risk patients for general anesthesia as it can be performed at the bedside, under local anesthesia by trained nephrologists. However, bowel perforation and bleeding risk should be considered.",weak
1240,Guidelines for laparoscopic peritoneal dialysis access surgery.,Society of American Gastrointestinal and Endoscopic Surgeons,Open surgical insertion continues to be a standard to which others are compared. It is safe (low perforation rate) and effective and can be performed under local anesthesia and sedation. It appears to have higher leak and dysfunction rates compared to image guided percutaneous and advanced laparoscopic insertion.,weak
1241,Guidelines for laparoscopic peritoneal dialysis access surgery.,Society of American Gastrointestinal and Endoscopic Surgeons,"Peritoneoscopic insertion is a technique used worldwide, mostly by ""interventional"" nephrologists. It has been studied in patients who have had prior surgery, but there is at least a 1% perforation rate. It appears to be comparable to open surgical insertion in experienced hands, but has not been compared to laparoscopic and fluoroscopic guided percutaneous insertion.",weak
1242,Guidelines for laparoscopic peritoneal dialysis access surgery.,Society of American Gastrointestinal and Endoscopic Surgeons,"In patients without prior abdominal surgery, percutaneous fluoroscopic PD catheter insertion results in similar or better complication rates and dysfunction rates compared to open or basic laparoscopic insertion, and avoids general anesthesia.",weak
1243,Guidelines for laparoscopic peritoneal dialysis access surgery.,Society of American Gastrointestinal and Endoscopic Surgeons,Basic laparoscopic insertion without using techniques to minimize catheter dysfunction results in similar dysfunction rates as open insertion.,strong
1244,Guidelines for laparoscopic peritoneal dialysis access surgery.,Society of American Gastrointestinal and Endoscopic Surgeons,"Advanced laparoscopic PD catheter insertion using lysis of adhesions, catheter fixation preferably with long rectus sheath tunnel, and omentopexy performed in combination has the lowest reported rate of catheter dysfunction in adults, even in patients with prior abdominal surgery.",strong
1245,Guidelines for laparoscopic peritoneal dialysis access surgery.,Society of American Gastrointestinal and Endoscopic Surgeons,Bleeding after PD catheter insertion may occur from inferior epigastric artery injury or lysis of adhesions and should be managed according to standard surgical principles. The insertion point should be at the medial border of the rectus sheath to avoid arterial injury. Coagulation parameters should be assessed and corrected pre-operatively.,weak
1246,Guidelines for laparoscopic peritoneal dialysis access surgery.,Society of American Gastrointestinal and Endoscopic Surgeons,"Dialysate leaks after PD catheter placement may be amenable to treatment, and potentially prevention, with the use of fibrin glue, particularly in the pediatric population.",weak
1247,Guidelines for laparoscopic peritoneal dialysis access surgery.,Society of American Gastrointestinal and Endoscopic Surgeons,"Exit site infection is managed by oral antibiotics. Chronic exit site and cuff infections may be managed by catheter salvage consisting of unroofing the track, shaving the superficial cuff and using a new exit site.",weak
1248,Guidelines for laparoscopic peritoneal dialysis access surgery.,Society of American Gastrointestinal and Endoscopic Surgeons,Pain during PD is a rare complication that is usually amenable to medical management but occasionally requires repositioning or removal of the catheter.,weak
1249,Guidelines for laparoscopic peritoneal dialysis access surgery.,Society of American Gastrointestinal and Endoscopic Surgeons,"Malfunctioning PD catheters should be evaluated by physical examination and plain radiographs to rule out constipation. If negative, further studies such as catheterography or computed tomography (CT) peritoneography, followed by diagnostic laparoscopy are indicated.",weak
1250,Guidelines for laparoscopic peritoneal dialysis access surgery.,Society of American Gastrointestinal and Endoscopic Surgeons,"Non-operative treatments of malfunctioning PD catheters which have been proven effective include flushing, thrombolytics and fluoroscopic wire manipulation.",weak
1251,Guidelines for laparoscopic peritoneal dialysis access surgery.,Society of American Gastrointestinal and Endoscopic Surgeons,"Patients with malfunctioning peritoneal dialysis catheters not amenable to nonoperative measures should undergo laparoscopy with catheter repositioning, adhesiolysis, omentectomy or omentopexy. Patency should be assured by stripping and flushing. Suture fixation of the catheter to the pelvis or polypropylene sling may be utilized to reduce catheter migration. Surgical techniques for catheter salvage require individualization based upon operative findings.",strong
1252,Care of the HIV-exposed infant with indeterminate status.,New York State Department of Health,"All human immunodeficiency virus (HIV) infection-exposed infants should receive care from, or in consultation with, a pediatrician experienced with HIV treatment and management.",strong
1253,Care of the HIV-exposed infant with indeterminate status.,New York State Department of Health,Clinicians should administer zidovudine (ZDV) for prevention of mother-to-child-transmission of HIV to all HIV-exposed infants as soon as possible after birth:,strong
1254,Care of the HIV-exposed infant with indeterminate status.,New York State Department of Health,"The preferred prophylactic regimen includes 6 weeks of daily ZDV plus 3 doses of nevirapine (NVP) administered during the first week of life (at birth, 48 hours after the first dose, and 96 hours after the second dose). See table below for dosing.",strong
1255,Care of the HIV-exposed infant with indeterminate status.,New York State Department of Health,All infants whose mothers received antepartum ART with undetectable HIV viral load levels at the time of delivery should be given ZDV for 6 weeks (see table above).,strong
1256,Care of the HIV-exposed infant with indeterminate status.,New York State Department of Health,Infants born to mothers who received only intrapartum ARV drugs should be given ZDV for 6 weeks plus 3 doses of NVP in the first week of life (see table above).,strong
1257,Care of the HIV-exposed infant with indeterminate status.,New York State Department of Health,All infants whose mothers did not receive antepartum ART or intrapartum ZDV should be given ZDV for 6 weeks plus 3 doses of NVP in the first week of life (see table above).,strong
1258,Care of the HIV-exposed infant with indeterminate status.,New York State Department of Health,Providers should consult with a pediatric provider who has experience with HIV treatment and management of HIV-exposed infants to determine whether to use the two-drug regimen of ZDV + NVP (see table above) for infants of mothers with suboptimal viral suppression.,moderate
1259,Care of the HIV-exposed infant with indeterminate status.,New York State Department of Health,"Before delivery, clinicians should consult a pediatric provider who has experience with HIV treatment and management when treating infants born to mothers with known or suspected drug resistance.",moderate
1260,Care of the HIV-exposed infant with indeterminate status.,New York State Department of Health,Use of ARV drugs other than ZDV and NVP should be avoided in premature infants (see table above).,moderate
1261,Care of the HIV-exposed infant with indeterminate status.,New York State Department of Health,Clinicians should consult a pediatric provider who has experience with HIV treatment and management to determine the optimal regimen when the neonate is at high risk for HIV infection.,moderate
1262,Care of the HIV-exposed infant with indeterminate status.,New York State Department of Health,"In New York State, HIV qualitative ribonucleic acid (RNA) testing (nucleic acid test or NAT) is recommended for early detection of HIV infection in infants. Testing should be performed at the following ages:",strong
1263,Care of the HIV-exposed infant with indeterminate status.,New York State Department of Health,"Once a positive HIV test result is confirmed, the clinician should:",strong
1264,Care of the HIV-exposed infant with indeterminate status.,New York State Department of Health,Clinicians should initiate prophylaxis against PCP at 6 weeks of age for all HIV-exposed infants unless HIV diagnostic testing definitively or presumptively excludes HIV infection (see Table 3 in the original guideline document). Prophylaxis should be continued until the diagnosis of HIV infection is presumptively or definitively excluded (see definitions of exclusion below).,strong
1265,Care of the HIV-exposed infant with indeterminate status.,New York State Department of Health,"In New York State, breastfeeding by HIV-infected women is contraindicated, even when the mother is receiving combination ART.",strong
1266,Care of the HIV-exposed infant with indeterminate status.,New York State Department of Health,Clinicians should advise HIV-infected women to avoid premasticating food for infants.,strong
1267,Care of the HIV-exposed infant with indeterminate status.,New York State Department of Health,Clinicians should evaluate for potential mitochondrial dysfunction in ARV-exposed children who develop significant organ system abnormalities. ( BIII ),moderate
1268,Venous thromboembolism (VTE).,University of Michigan Health System,"Initiate treatment immediately . Patients without contraindications to anticoagulation should begin treatment at time of diagnosis. If pulmonary embolism (PE) is clinically likely, initiation of anticoagulation should not await testing; if only deep vein thrombosis (DVT) is suspected and testing will be prompt, initiation may await testing. Therapeutic levels of anticoagulation should be achieved as quickly as possible. If warfarin is used for anticoagulation, initiate it on treatment day 1 simultaneous to initiation of low molecular weight heparin. Other oral agents may not require bridging treatment with heparin.",strong
1269,Venous thromboembolism (VTE).,University of Michigan Health System,Clinical likelihood estimation . Symptoms and signs alone are not adequately sensitive or specific for diagnosis or exclusion of DVT but clinical likelihood estimation based on symptoms and signs is a necessary step in the testing strategy.,strong
1270,Venous thromboembolism (VTE).,University of Michigan Health System,Venous color duplex Doppler ultrasound imaging . This imaging is the standard for diagnosis.,strong
1271,Venous thromboembolism (VTE).,University of Michigan Health System,Low molecular weight heparin (LMWH) . LMWH is preferred for initial treatment over unfractionated heparin (UFH) or fondaparinux due to better safety and outcomes.,strong
1272,Venous thromboembolism (VTE).,University of Michigan Health System,Outpatient use of LMWH for DVT . LMWH is appropriate for most patients with DVT to use at home. Some require initial brief hospital admission and stabilization. Clinically stable patients not at elevated risk due to comorbidities can be managed entirely as outpatients using LMWH.,weak
1273,Venous thromboembolism (VTE).,University of Michigan Health System,"Unfractionated heparin . UFH is no longer first line therapy. If UFH is used, it should be initiated and dosed in a structured manner (see Appendix B in the original guideline document).",weak
1274,Venous thromboembolism (VTE).,University of Michigan Health System,"Minimum time period . When warfarin is chosen as an oral agent, continue heparin (LMWH or UFH) until either international normalized ratio (INR) is optimally >2.0 or for at least five days to minimize risk of extension of thrombosis or occurrence/recurrence of embolism.",strong
1275,Venous thromboembolism (VTE).,University of Michigan Health System,"If warfarin contraindicated . Patients who can receive heparin but cannot take warfarin (e.g., during pregnancy) may be anticoagulated with full-dose subcutaneous heparin, preferably LMWH.",strong
1276,Venous thromboembolism (VTE).,University of Michigan Health System,"Direct factor Xa inhibitors: rivaroxaban, apixaban . For selected patients (see text in the original guideline document) begin rivaroxaban or apixaban as immediate monotherapy. See Table 12 in the original guideline document.",strong
1277,Venous thromboembolism (VTE).,University of Michigan Health System,"Aggressive therapy . Patients with ""massive"" proximal DVT producing severe limb swelling and pain, or patients with ""massive"" PE producing shock or systemic hypoperfusion, may be candidates for emergent thrombolytic therapy or (in the case of DVT) thrombectomy. Such patients should be discussed with a consultant immediately.",weak
1278,Venous thromboembolism (VTE).,University of Michigan Health System,Duration of therapy . Most patients with VTE should be anticoagulated for 3 months.,strong
1279,Guidelines for the diagnosis and treatment of cobalamin and folate disorders.,British Committee for Standards in Haematology,A blood film showing oval macrocytes and hypersegmented neutrophils in the presence of an elevated mean cell volume (MCV) may alert the clinician to the presence of underlying cobalamin or folate deficiency.,weak
1280,Guidelines for the diagnosis and treatment of cobalamin and folate disorders.,British Committee for Standards in Haematology,Cobalamin and folate assays should be assessed concurrently due to the close relationship in metabolism.,strong
1281,Guidelines for the diagnosis and treatment of cobalamin and folate disorders.,British Committee for Standards in Haematology,The writing group recommends adoption of reporting for cobalamin assay results in pmol/l.,weak
1282,Guidelines for the diagnosis and treatment of cobalamin and folate disorders.,British Committee for Standards in Haematology,A serum cobalamin cut-off level of either 148 pmol/l (200 ng/l) or one derived from a local reference range should be used as evidence of cobalamin deficiency in the presence of a strong clinical suspicion.,weak
1283,Guidelines for the diagnosis and treatment of cobalamin and folate disorders.,British Committee for Standards in Haematology,The report providing the result of a serum cobalamin assay should include the following: The interpretation of the result should be considered in relation to the clinical circumstances. Falsely low serum cobalamin levels may be seen in the presence of folate deficiency or technical issues. Neurological symptoms due to cobalamin deficiency may occur in the presence of a normal MCV.,strong
1284,Guidelines for the diagnosis and treatment of cobalamin and folate disorders.,British Committee for Standards in Haematology,"Plasma total homocysteine (tHcy) and/or plasma methylmalonic acid (MMA), depending on availability, may be considered as supplementary tests to determine biochemical cobalamin deficiency in the presence of clinical suspicion of deficiency but an indeterminate serum cobalamin level. Although plasma tHcy is a sensitive marker of cobalamin deficiency, plasma MMA is more specific. Both assays have to be interpreted in relation to renal function.",weak
1285,Guidelines for the diagnosis and treatment of cobalamin and folate disorders.,British Committee for Standards in Haematology,Holotranscobalamin (HoloTC) is suggested as a suitable assay for assessment of cobalamin status in a routine diagnostic laboratory in the future.,strong
1286,Guidelines for the diagnosis and treatment of cobalamin and folate disorders.,British Committee for Standards in Haematology,"All patients with anaemia, neuropathy or glossitis, and suspected of having pernicious anaemia, should be tested for anti-intrinsic factor antibody (IFAB) regardless of cobalamin levels",strong
1287,Guidelines for the diagnosis and treatment of cobalamin and folate disorders.,British Committee for Standards in Haematology,"Patients found to have a low serum cobalamin level in the absence of anaemia, and who do not have food malabsorption or other causes of deficiency, should be tested for IFAB to clarify whether they have an early/latent presentation of pernicious anaemia.",weak
1288,Guidelines for the diagnosis and treatment of cobalamin and folate disorders.,British Committee for Standards in Haematology,Anti-gastric parietal cell (GPC) antibody testing for diagnosing pernicious anaemia is not recommended.,strong
1289,Guidelines for the diagnosis and treatment of cobalamin and folate disorders.,British Committee for Standards in Haematology,Treatment of established cobalamin deficiency should follow the schedules in the British National Formulary (BNF).,strong
1290,Guidelines for the diagnosis and treatment of cobalamin and folate disorders.,British Committee for Standards in Haematology,"Initial treatment with oral cobalamin may not be appropriate in pernicious anaemia, but may be considered in maintenance or correction of suboptimal levels in asymptomatic patients",weak
1291,Guidelines for the diagnosis and treatment of cobalamin and folate disorders.,British Committee for Standards in Haematology,Patients suspected of having pernicious anaemia should be tested for IFAB. Patients found to be positive should have lifelong therapy with cobalamin.,strong
1292,Guidelines for the diagnosis and treatment of cobalamin and folate disorders.,British Committee for Standards in Haematology,"Patients negative for IFAB, with no other causes of deficiency, may still have pernicious anaemia and should be treated as anti-IFAB-negative pernicious anaemia. Lifelong therapy should be continued in the presence of an objective clinical response.",weak
1293,Guidelines for the diagnosis and treatment of cobalamin and folate disorders.,British Committee for Standards in Haematology,"Serum cobalamin level of greater than 148 pmol/l (200 ng/l) in the presence of a strong clinical suspicion of cobalamin deficiency should be evaluated further with MMA, tHcy or HoloTC and a trial of hydroxocobalamin given to ascertain any clinical improvement.",strong
1294,Guidelines for the diagnosis and treatment of cobalamin and folate disorders.,British Committee for Standards in Haematology,"In patients with serum cobalamin levels of 'subclinical deficiency' on two occasions, an empirical trial of treatment with oral cyanocobalamin (50 µg daily for 4 weeks) should be given. Strict instructions should be given to patients to seek immediate medical attention if symptoms of neuropathy develop. The cobalamin level should be rechecked after 3 months, and second line tests considered if there is no improvement.",weak
1295,Guidelines for the diagnosis and treatment of cobalamin and folate disorders.,British Committee for Standards in Haematology,"No definitive advice can be given on the desirable frequency of monitoring of serum cobalamin in patients with type II diabetes mellitus on metformin therapy, but it is recommended that serum cobalamin is checked in the presence of strong clinical suspicion of deficiency.",weak
1296,Guidelines for the diagnosis and treatment of cobalamin and folate disorders.,British Committee for Standards in Haematology,"If serum cobalamin levels are reduced, patients should have tests for anti-IFAB because the concurrence of pernicious anaemia with diabetes should be considered. If positive, the patient should have lifelong treatment with replacement cobalamin. If negative, the reduced level may be purely as a result of metformin, although underlying antibody negative pernicious anaemia (AbNegPA) cannot be excluded. Treatment with oral cobalamin may be considered (50 µg for 1 month); subsequent monitoring of serum cobalamin after 6 months and then at yearly intervals is suggested.",weak
1297,Guidelines for the diagnosis and treatment of cobalamin and folate disorders.,British Committee for Standards in Haematology,"Asymptomatic women taking oral contraception or HRT with mildly reduced serum cobalamin (110pmol/l to 148 pmol/l; 150ng/l to 200 ng/l) do not require further investigation but should be advised to review their dietary intake of cobalamin rich foods, and cobalamin supplements may be considered.",strong
1298,Guidelines for the diagnosis and treatment of cobalamin and folate disorders.,British Committee for Standards in Haematology,Serum cobalamin levels fall during pregnancy and are less reliable in determining underlying deficiency.,strong
1299,Guidelines for the diagnosis and treatment of cobalamin and folate disorders.,British Committee for Standards in Haematology,"During pregnancy, in the presence of strong suspicion of underlying deficiency, a short course of empirical hydroxocobalamin should be given, with further investigations post-partum.",weak
1300,Guidelines for the diagnosis and treatment of cobalamin and folate disorders.,British Committee for Standards in Haematology,"HoloTC may be more reliable than serum cobalamin in determining deficiency in pregnancy, and is recommended as the test of choice, if available.",strong
1301,Guidelines for the diagnosis and treatment of cobalamin and folate disorders.,British Committee for Standards in Haematology,"Vegetarians, particularly strict vegans, should be considered for monitoring of their cobalamin level according to clinical assessment.",weak
1302,Guidelines for the diagnosis and treatment of cobalamin and folate disorders.,British Committee for Standards in Haematology,"Dietary alterations or oral supplementation may be considered according to the clinical situation, particularly during pregnancy and breast-feeding.",weak
1303,Guidelines for the diagnosis and treatment of cobalamin and folate disorders.,British Committee for Standards in Haematology,Patients who have had bariatric surgery should have their cobalamin status monitored and are likely to need cobalamin supplementation via a route depending upon the type of surgery.,strong
1304,Guidelines for the diagnosis and treatment of cobalamin and folate disorders.,British Committee for Standards in Haematology,Patients with food-bound cobalamin malabsorption may benefit from low dose oral replacement.,weak
1305,Guidelines for the diagnosis and treatment of cobalamin and folate disorders.,British Committee for Standards in Haematology,Reduced serum cobalamin levels in infancy in the presence of clinical features should be treated promptly to prevent long term neurological sequelae.,strong
1306,Guidelines for the diagnosis and treatment of cobalamin and folate disorders.,British Committee for Standards in Haematology,A serum folate level <7 nmol/l (3 μg/l) is indicative of folate deficiency.,strong
1307,Guidelines for the diagnosis and treatment of cobalamin and folate disorders.,British Committee for Standards in Haematology,Routine red cell folate testing is not necessary since serum folate alone is sufficient in most cases.,strong
1308,Guidelines for the diagnosis and treatment of cobalamin and folate disorders.,British Committee for Standards in Haematology,"In the presence of strong clinical suspicion of folate deficiency, despite a normal serum level, a red cell folate may be undertaken, having ruled out cobalamin deficiency.",weak
1309,Guidelines for the diagnosis and treatment of cobalamin and folate disorders.,British Committee for Standards in Haematology,Plasma tHcy can be measured to confirm suspected folate deficiency only in special circumstances; a level above 15 µmol/l could be indicative of folate deficiency but must be assessed in relation to local reference ranges.,weak
1310,Guidelines for the diagnosis and treatment of cobalamin and folate disorders.,British Committee for Standards in Haematology,Folate status is generally checked in clinical situations similar to those of cobalamin deficiency.,strong
1311,Guidelines for the diagnosis and treatment of cobalamin and folate disorders.,British Committee for Standards in Haematology,Treatment of folate disorders should follow the schedules in the BNF.,strong
1312,"Symptom management in patients with lung cancer: diagnosis and management of lung cancer, 3rd ed: American College of Chest Physicians evidence-based clinical practice guidelines.",American College of Chest Physicians,"In patients with lung cancer who experience chronic pain, it is suggested that thorough assessment of the patient and his or her pain should be performed.",weak
1313,"Symptom management in patients with lung cancer: diagnosis and management of lung cancer, 3rd ed: American College of Chest Physicians evidence-based clinical practice guidelines.",American College of Chest Physicians,"In patients with lung cancer who experience chronic pain, the use of the World Health Organization (WHO) analgesic ladder to plan treatment is suggested.",weak
1314,"Symptom management in patients with lung cancer: diagnosis and management of lung cancer, 3rd ed: American College of Chest Physicians evidence-based clinical practice guidelines.",American College of Chest Physicians,"In patients with lung cancer who are being treated at all stages of the WHO analgesic ladder, it is recommended that acetaminophen and/or a non-steroidal anti-inflammatory drug (NSAID) be prescribed unless contraindicated.",strong
1315,"Symptom management in patients with lung cancer: diagnosis and management of lung cancer, 3rd ed: American College of Chest Physicians evidence-based clinical practice guidelines.",American College of Chest Physicians,"In lung cancer patients with chronic pain who are taking NSAIDs and who are at high risk of gastrointestinal bleeding it is recommended that they take either misoprostol 800 mcg/day, standard dose proton pump inhibitors, or double-dose histamine H2 antagonists.",strong
1316,"Symptom management in patients with lung cancer: diagnosis and management of lung cancer, 3rd ed: American College of Chest Physicians evidence-based clinical practice guidelines.",American College of Chest Physicians,"In patients with chronic neuropathic pain due to cancer, treatment with an anticonvulsant (e.g., pregabalin, gabapentin, or carbamazepine) or a tricyclic antidepressant (e.g., amitriptyline or imipramine) is recommended.",strong
1317,"Symptom management in patients with lung cancer: diagnosis and management of lung cancer, 3rd ed: American College of Chest Physicians evidence-based clinical practice guidelines.",American College of Chest Physicians,"In patients with chronic pain due to lung cancer, the use of ketamine, lidocaine 5% plasters, and cannabinoids is not recommended.",strong
1318,"Symptom management in patients with lung cancer: diagnosis and management of lung cancer, 3rd ed: American College of Chest Physicians evidence-based clinical practice guidelines.",American College of Chest Physicians,"In lung cancer patients with mild to moderate chronic pain (score 3-6 on a VAS or NRS), it is recommended that codeine or dihydrocodeine be added to acetaminophen and/or NSAID.",strong
1319,"Symptom management in patients with lung cancer: diagnosis and management of lung cancer, 3rd ed: American College of Chest Physicians evidence-based clinical practice guidelines.",American College of Chest Physicians,"In lung cancer patients with severe chronic pain, oral morphine is recommended as first-line treatment.",strong
1320,"Symptom management in patients with lung cancer: diagnosis and management of lung cancer, 3rd ed: American College of Chest Physicians evidence-based clinical practice guidelines.",American College of Chest Physicians,"In lung cancer patients with severe chronic pain, oxycodone or hydromorphone are recommended as alternatives when there are significant side effects or lack of efficacy with oral morphine.",strong
1321,"Symptom management in patients with lung cancer: diagnosis and management of lung cancer, 3rd ed: American College of Chest Physicians evidence-based clinical practice guidelines.",American College of Chest Physicians,"In lung cancer patients with severe chronic pain who are able to swallow, transdermal fentanyl is not recommended for first-line use.",strong
1322,"Symptom management in patients with lung cancer: diagnosis and management of lung cancer, 3rd ed: American College of Chest Physicians evidence-based clinical practice guidelines.",American College of Chest Physicians,"In lung cancer patients with stable, severe, chronic cancer pain who have difficulty swallowing, nausea and vomiting, or other adverse effect from oral medications, transdermal fentanyl is recommended as an alternative to oral morphine.",strong
1323,"Symptom management in patients with lung cancer: diagnosis and management of lung cancer, 3rd ed: American College of Chest Physicians evidence-based clinical practice guidelines.",American College of Chest Physicians,"In lung cancer patients with severe chronic pain, it is suggested that the prescription of methadone as an alternative to oral morphine be confined to a specialist in palliative care units with experience in methadone prescription, because of difficulties with dose prediction, adjustment, and drug accumulation.",weak
1324,"Symptom management in patients with lung cancer: diagnosis and management of lung cancer, 3rd ed: American College of Chest Physicians evidence-based clinical practice guidelines.",American College of Chest Physicians,"In lung cancer patients with severe chronic cancer pain, treatment with systemic strong opioids is recommended.",strong
1325,"Symptom management in patients with lung cancer: diagnosis and management of lung cancer, 3rd ed: American College of Chest Physicians evidence-based clinical practice guidelines.",American College of Chest Physicians,"In lung cancer patients with severe chronic cancer pain treated with systemic strong opioids who cannot swallow or who suffer excessive nausea and vomiting, the parenteral, transcutaneous or transmucosal route of administration is recommended.",strong
1326,"Symptom management in patients with lung cancer: diagnosis and management of lung cancer, 3rd ed: American College of Chest Physicians evidence-based clinical practice guidelines.",American College of Chest Physicians,"In the management of pain in lung cancer patients unable to take oral opioids, it is suggested that the subcutaneous route to administer continuous infusion of strong opioids, is equally effective as the intravenous route.",weak
1327,"Symptom management in patients with lung cancer: diagnosis and management of lung cancer, 3rd ed: American College of Chest Physicians evidence-based clinical practice guidelines.",American College of Chest Physicians,"In lung cancer patients with severe chronic cancer pain treated with systemic strong opioids, dose titration using either immediate release or sustained release oral morphine is suggested.",weak
1328,"Symptom management in patients with lung cancer: diagnosis and management of lung cancer, 3rd ed: American College of Chest Physicians evidence-based clinical practice guidelines.",American College of Chest Physicians,"In lung cancer patients with severe chronic cancer pain treated with systemic strong opioids who experience breakthrough pain, parenteral morphine or transmucosal fentanyl citrate are recommended.",strong
1329,"Symptom management in patients with lung cancer: diagnosis and management of lung cancer, 3rd ed: American College of Chest Physicians evidence-based clinical practice guidelines.",American College of Chest Physicians,"In lung cancer patients with inoperable disease and symptomatic airway obstruction, therapeutic bronchoscopy employing mechanical debridement, brachytherapy, tumor ablation, or airway stent placement is recommended for improvement in dyspnea, cough, hemoptysis, and overall quality of life (QOL).",strong
1330,"Symptom management in patients with lung cancer: diagnosis and management of lung cancer, 3rd ed: American College of Chest Physicians evidence-based clinical practice guidelines.",American College of Chest Physicians,"In all lung cancer patients with troublesome cough, evaluation for other treatable causes of cough, in addition to cancer-related etiologies is recommended.",strong
1331,"Symptom management in patients with lung cancer: diagnosis and management of lung cancer, 3rd ed: American College of Chest Physicians evidence-based clinical practice guidelines.",American College of Chest Physicians,"In all lung cancer patients with troublesome cough without a treatable cause, it is recommended that opioids be used to suppress the cough.",strong
1332,"Symptom management in patients with lung cancer: diagnosis and management of lung cancer, 3rd ed: American College of Chest Physicians evidence-based clinical practice guidelines.",American College of Chest Physicians,"In all lung cancer patients with troublesome cough attributed to chemotherapy or radiation-induced pneumonitis, anti-inflammatory therapy with corticosteroids is recommended.",strong
1333,"Symptom management in patients with lung cancer: diagnosis and management of lung cancer, 3rd ed: American College of Chest Physicians evidence-based clinical practice guidelines.",American College of Chest Physicians,"In patients with lung cancer who have pain due to bone metastases, external radiation therapy is recommended for pain relief.",strong
1334,"Symptom management in patients with lung cancer: diagnosis and management of lung cancer, 3rd ed: American College of Chest Physicians evidence-based clinical practice guidelines.",American College of Chest Physicians,"In patients with lung cancer who have painful bone metastases, bisphosphonates are recommended in addition to external beam radiation therapy for pain relief.",strong
1335,"Symptom management in patients with lung cancer: diagnosis and management of lung cancer, 3rd ed: American College of Chest Physicians evidence-based clinical practice guidelines.",American College of Chest Physicians,"In patients with lung cancer who have painful bone metastases to long and/or weight bearing bones and a solitary well-defined lytic lesion circumferentially involving >50% of the cortex and an expected survival >4 weeks with satisfactory health status, surgical fixation is recommended to minimize the potential for a fracture.",strong
1336,"Symptom management in patients with lung cancer: diagnosis and management of lung cancer, 3rd ed: American College of Chest Physicians evidence-based clinical practice guidelines.",American College of Chest Physicians,"In patients with lung cancer who have vertebral compression fractures causing pain, vertebral augmentation procedures are recommended to reduce pain.",strong
1337,"Symptom management in patients with lung cancer: diagnosis and management of lung cancer, 3rd ed: American College of Chest Physicians evidence-based clinical practice guidelines.",American College of Chest Physicians,"In patients with lung cancer who have symptomatic brain metastases, dexamethasone at 16 mg/day is recommended during the course of definitive therapy with a rapid taper as allowed by neurologic symptoms.",strong
1338,"Symptom management in patients with lung cancer: diagnosis and management of lung cancer, 3rd ed: American College of Chest Physicians evidence-based clinical practice guidelines.",American College of Chest Physicians,"In lung cancer patients with significant brain edema, neurologic symptoms, or large space occupying brain metastasis (>3 cm), surgical resection is recommended if they are surgical candidates.",strong
1339,"Symptom management in patients with lung cancer: diagnosis and management of lung cancer, 3rd ed: American College of Chest Physicians evidence-based clinical practice guidelines.",American College of Chest Physicians,"In lung cancer patients with 1 to 3 brain metastases, stereotactic radiosurgery (SRS) alone is the recommended initial therapy.",strong
1340,"Symptom management in patients with lung cancer: diagnosis and management of lung cancer, 3rd ed: American College of Chest Physicians evidence-based clinical practice guidelines.",American College of Chest Physicians,"In patients with 5 or more brain metastases, whole brain radiation is the recommended therapy.",strong
1341,"Symptom management in patients with lung cancer: diagnosis and management of lung cancer, 3rd ed: American College of Chest Physicians evidence-based clinical practice guidelines.",American College of Chest Physicians,"In patients with lung cancer that have new onset of back pain, sagittal T1-weighted magnetic resonance imaging (MRI) of the entire spine is recommended.",strong
1342,"Symptom management in patients with lung cancer: diagnosis and management of lung cancer, 3rd ed: American College of Chest Physicians evidence-based clinical practice guidelines.",American College of Chest Physicians,"In patients with lung cancer and epidural spinal cord metastases, who are not symptomatic, prompt treatment with high-dose dexamethasone and radiotherapy is recommended.",strong
1343,"Symptom management in patients with lung cancer: diagnosis and management of lung cancer, 3rd ed: American College of Chest Physicians evidence-based clinical practice guidelines.",American College of Chest Physicians,"In lung cancer patients with symptomatic radiographically confirmed epidural spinal cord compression (SCC) and good performance status, it is recommended that neurosurgical consultation be sought and, if appropriate, surgery should be performed immediately and followed by radiation therapy.",strong
1344,"Symptom management in patients with lung cancer: diagnosis and management of lung cancer, 3rd ed: American College of Chest Physicians evidence-based clinical practice guidelines.",American College of Chest Physicians,"In patients with SVC obstruction from suspected lung cancer, definitive diagnosis by histologic or cytologic methods is recommended before treatment is started.",strong
1345,"Symptom management in patients with lung cancer: diagnosis and management of lung cancer, 3rd ed: American College of Chest Physicians evidence-based clinical practice guidelines.",American College of Chest Physicians,"In patients with symptomatic SVC obstruction due to small cell lung cancer (SCLC), chemotherapy is recommended.",strong
1346,"Symptom management in patients with lung cancer: diagnosis and management of lung cancer, 3rd ed: American College of Chest Physicians evidence-based clinical practice guidelines.",American College of Chest Physicians,"In patients with symptomatic SVC obstruction due to non-small cell lung cancer (NSCLC), radiation therapy and/or stent insertion are recommended.",strong
1347,"Symptom management in patients with lung cancer: diagnosis and management of lung cancer, 3rd ed: American College of Chest Physicians evidence-based clinical practice guidelines.",American College of Chest Physicians,"In patients with SCLC or NSCLC with SVC obstruction who fail to respond to chemotherapy or radiation therapy, vascular stents are recommended.",strong
1348,"Symptom management in patients with lung cancer: diagnosis and management of lung cancer, 3rd ed: American College of Chest Physicians evidence-based clinical practice guidelines.",American College of Chest Physicians,"In all lung cancer patients with large volume hemoptysis, securing the airway with a single-lumen endotracheal tube is recommended. Bronchoscopy is recommended to identify the source of bleeding, followed by endobronchial management options such as argon plasma coagulation, neodymium-doped:yttrium aluminum garnet (Nd:YAG) laser, and electrocautery for visible central airway lesions.",strong
1349,"Symptom management in patients with lung cancer: diagnosis and management of lung cancer, 3rd ed: American College of Chest Physicians evidence-based clinical practice guidelines.",American College of Chest Physicians,"In all lung cancer patients with non-large volume hemoptysis, bronchoscopy is recommended to identify the source of bleeding. For visible central airway lesions, endobronchial management options are recommended. For distal or parenchymal lesions, external beam radiotherapy (EBRT) is recommended.",strong
1350,"Symptom management in patients with lung cancer: diagnosis and management of lung cancer, 3rd ed: American College of Chest Physicians evidence-based clinical practice guidelines.",American College of Chest Physicians,"In patients with tracheoesophageal fistulas (TEFs), double stenting of the esophagus and airway or esophageal stenting is recommended with self-expanding metallic stents.",strong
1351,"Symptom management in patients with lung cancer: diagnosis and management of lung cancer, 3rd ed: American College of Chest Physicians evidence-based clinical practice guidelines.",American College of Chest Physicians,"In patients with a symptomatic recurrent MPE with documented re-expandable lung, TPCs or chemical pleurodesis are recommended.",strong
1352,"Symptom management in patients with lung cancer: diagnosis and management of lung cancer, 3rd ed: American College of Chest Physicians evidence-based clinical practice guidelines.",American College of Chest Physicians,"In patients with a symptomatic recurrent MPE with lung trapping, tunneled catheters are recommended for symptomatic relief and improvement in QOL.",strong
1353,"Symptom management in patients with lung cancer: diagnosis and management of lung cancer, 3rd ed: American College of Chest Physicians evidence-based clinical practice guidelines.",American College of Chest Physicians,"In lung cancer patients with a suspected MPE in whom the diagnosis of stage IV disease is not confirmed, thoracoscopy is recommended instead of a tunneled catheter due to its diagnostic as well as therapeutic benefit.",strong
1354,"Symptom management in patients with lung cancer: diagnosis and management of lung cancer, 3rd ed: American College of Chest Physicians evidence-based clinical practice guidelines.",American College of Chest Physicians,"In patients with an MPE, graded talc is the pleural sclerosant that is recommended due to its efficacy and safety profile.",strong
1355,"Symptom management in patients with lung cancer: diagnosis and management of lung cancer, 3rd ed: American College of Chest Physicians evidence-based clinical practice guidelines.",American College of Chest Physicians,"In lung cancer patients with a malignant effusion, thoracoscopy with talc poudrage is recommended instead of talc slurry through a bedside chest tube for pleurodesis (if there are no contraindications to thoracoscopy).",strong
1356,"Symptom management in patients with lung cancer: diagnosis and management of lung cancer, 3rd ed: American College of Chest Physicians evidence-based clinical practice guidelines.",American College of Chest Physicians,"In patients recently diagnosed with lung cancer it is recommended that comprehensive biopsychosocial assessment be performed soon after the diagnosis is made and at key transition points (completion of treatment, disease progression, and new symptom onset) thereafter for the remainder of life.",strong
1357,"Symptom management in patients with lung cancer: diagnosis and management of lung cancer, 3rd ed: American College of Chest Physicians evidence-based clinical practice guidelines.",American College of Chest Physicians,"In lung cancer patients that identify psychologic and physical symptoms causing distress or interfering with their QOL, it is recommended that these symptoms are addressed by appropriately trained individuals.",strong
1358,"Symptom management in patients with lung cancer: diagnosis and management of lung cancer, 3rd ed: American College of Chest Physicians evidence-based clinical practice guidelines.",American College of Chest Physicians,"In lung cancer patients with depression, anxiety, excessive daytime sedation and fatigue, medications such as antidepressants, anxiolytics and psychostimulants are recommended to decrease the morbidity associated with these symptoms.",strong
1359,"Symptom management in patients with lung cancer: diagnosis and management of lung cancer, 3rd ed: American College of Chest Physicians evidence-based clinical practice guidelines.",American College of Chest Physicians,"In lung cancer patients with psychologic symptoms, a comprehensive symptom management plan is recommended. This should include non-pharmacologic interventions integrated with medication management, which may be offered as a single treatment modality.",strong
1360,"Symptom management in patients with lung cancer: diagnosis and management of lung cancer, 3rd ed: American College of Chest Physicians evidence-based clinical practice guidelines.",American College of Chest Physicians,"In lung cancer patients with insomnia, sedating antidepressants (which target both sleep and mood) are recommended over sedative-hypnotics (which only improve sleep).",strong
1361,"Symptom management in patients with lung cancer: diagnosis and management of lung cancer, 3rd ed: American College of Chest Physicians evidence-based clinical practice guidelines.",American College of Chest Physicians,"In lung cancer patients with the subjective experience of breathlessness, interventions specifically designed to manage this symptom using psychologic coping and physical adaptation are recommended.",strong
1362,"Symptom management in patients with lung cancer: diagnosis and management of lung cancer, 3rd ed: American College of Chest Physicians evidence-based clinical practice guidelines.",American College of Chest Physicians,"In lung cancer patients with psychologic distress, it is suggested that one of several psychologic interventions have demonstrated benefit (including psycho-education, deep breathing, progressive muscle relaxation, guided imagery, cognitive behavioral therapy and supportive psychotherapy).",weak
1363,"Symptom management in patients with lung cancer: diagnosis and management of lung cancer, 3rd ed: American College of Chest Physicians evidence-based clinical practice guidelines.",American College of Chest Physicians,"It is suggested that educational programs responsible for preparing health care professionals to care for persons with cancer should include specific training in psychologic and physical symptom management of symptoms that are frequently associated with cancer diagnosis, treatment and survivorship.",weak
1364,"Symptom management in patients with lung cancer: diagnosis and management of lung cancer, 3rd ed: American College of Chest Physicians evidence-based clinical practice guidelines.",American College of Chest Physicians,It is suggested that health care systems providing care to persons with cancer should develop and support integrated programs in psychologic and physical symptom management which are accessible to all.,weak
1365,Recommendations for use of antiretroviral drugs in pregnant HIV-1-infected women for maternal health and interventions to reduce perinatal HIV transmission in the United States.,Department of Health and Human Services (U.S.),,consensus
1366,Recommendations for use of antiretroviral drugs in pregnant HIV-1-infected women for maternal health and interventions to reduce perinatal HIV transmission in the United States.,Department of Health and Human Services (U.S.),,strong
1367,Recommendations for use of antiretroviral drugs in pregnant HIV-1-infected women for maternal health and interventions to reduce perinatal HIV transmission in the United States.,Department of Health and Human Services (U.S.),,strong
1368,Recommendations for use of antiretroviral drugs in pregnant HIV-1-infected women for maternal health and interventions to reduce perinatal HIV transmission in the United States.,Department of Health and Human Services (U.S.),,strong
1369,Recommendations for use of antiretroviral drugs in pregnant HIV-1-infected women for maternal health and interventions to reduce perinatal HIV transmission in the United States.,Department of Health and Human Services (U.S.),,strong
1370,Recommendations for use of antiretroviral drugs in pregnant HIV-1-infected women for maternal health and interventions to reduce perinatal HIV transmission in the United States.,Department of Health and Human Services (U.S.),,strong
1371,Recommendations for use of antiretroviral drugs in pregnant HIV-1-infected women for maternal health and interventions to reduce perinatal HIV transmission in the United States.,Department of Health and Human Services (U.S.),,weak
1372,Recommendations for use of antiretroviral drugs in pregnant HIV-1-infected women for maternal health and interventions to reduce perinatal HIV transmission in the United States.,Department of Health and Human Services (U.S.),,strong
1373,Recommendations for use of antiretroviral drugs in pregnant HIV-1-infected women for maternal health and interventions to reduce perinatal HIV transmission in the United States.,Department of Health and Human Services (U.S.),,strong
1374,Recommendations for use of antiretroviral drugs in pregnant HIV-1-infected women for maternal health and interventions to reduce perinatal HIV transmission in the United States.,Department of Health and Human Services (U.S.),,strong
1375,Recommendations for use of antiretroviral drugs in pregnant HIV-1-infected women for maternal health and interventions to reduce perinatal HIV transmission in the United States.,Department of Health and Human Services (U.S.),,strong
1376,Recommendations for use of antiretroviral drugs in pregnant HIV-1-infected women for maternal health and interventions to reduce perinatal HIV transmission in the United States.,Department of Health and Human Services (U.S.),,weak
1377,Recommendations for use of antiretroviral drugs in pregnant HIV-1-infected women for maternal health and interventions to reduce perinatal HIV transmission in the United States.,Department of Health and Human Services (U.S.),,strong
1378,Recommendations for use of antiretroviral drugs in pregnant HIV-1-infected women for maternal health and interventions to reduce perinatal HIV transmission in the United States.,Department of Health and Human Services (U.S.),,weak
1379,Recommendations for use of antiretroviral drugs in pregnant HIV-1-infected women for maternal health and interventions to reduce perinatal HIV transmission in the United States.,Department of Health and Human Services (U.S.),,strong
1380,Recommendations for use of antiretroviral drugs in pregnant HIV-1-infected women for maternal health and interventions to reduce perinatal HIV transmission in the United States.,Department of Health and Human Services (U.S.),,weak
1381,Recommendations for use of antiretroviral drugs in pregnant HIV-1-infected women for maternal health and interventions to reduce perinatal HIV transmission in the United States.,Department of Health and Human Services (U.S.),,weak
1382,Recommendations for use of antiretroviral drugs in pregnant HIV-1-infected women for maternal health and interventions to reduce perinatal HIV transmission in the United States.,Department of Health and Human Services (U.S.),,weak
1383,Recommendations for use of antiretroviral drugs in pregnant HIV-1-infected women for maternal health and interventions to reduce perinatal HIV transmission in the United States.,Department of Health and Human Services (U.S.),,strong
1384,Recommendations for use of antiretroviral drugs in pregnant HIV-1-infected women for maternal health and interventions to reduce perinatal HIV transmission in the United States.,Department of Health and Human Services (U.S.),,strong
1385,Recommendations for use of antiretroviral drugs in pregnant HIV-1-infected women for maternal health and interventions to reduce perinatal HIV transmission in the United States.,Department of Health and Human Services (U.S.),,weak
1386,Recommendations for use of antiretroviral drugs in pregnant HIV-1-infected women for maternal health and interventions to reduce perinatal HIV transmission in the United States.,Department of Health and Human Services (U.S.),,consensus
1387,Recommendations for use of antiretroviral drugs in pregnant HIV-1-infected women for maternal health and interventions to reduce perinatal HIV transmission in the United States.,Department of Health and Human Services (U.S.),,strong
1388,Recommendations for use of antiretroviral drugs in pregnant HIV-1-infected women for maternal health and interventions to reduce perinatal HIV transmission in the United States.,Department of Health and Human Services (U.S.),,strong
1389,Recommendations for use of antiretroviral drugs in pregnant HIV-1-infected women for maternal health and interventions to reduce perinatal HIV transmission in the United States.,Department of Health and Human Services (U.S.),,strong
1390,Recommendations for use of antiretroviral drugs in pregnant HIV-1-infected women for maternal health and interventions to reduce perinatal HIV transmission in the United States.,Department of Health and Human Services (U.S.),,weak
1391,Recommendations for use of antiretroviral drugs in pregnant HIV-1-infected women for maternal health and interventions to reduce perinatal HIV transmission in the United States.,Department of Health and Human Services (U.S.),,weak
1392,Recommendations for use of antiretroviral drugs in pregnant HIV-1-infected women for maternal health and interventions to reduce perinatal HIV transmission in the United States.,Department of Health and Human Services (U.S.),,strong
1393,Recommendations for use of antiretroviral drugs in pregnant HIV-1-infected women for maternal health and interventions to reduce perinatal HIV transmission in the United States.,Department of Health and Human Services (U.S.),,weak
1394,Recommendations for use of antiretroviral drugs in pregnant HIV-1-infected women for maternal health and interventions to reduce perinatal HIV transmission in the United States.,Department of Health and Human Services (U.S.),,strong
1395,Recommendations for use of antiretroviral drugs in pregnant HIV-1-infected women for maternal health and interventions to reduce perinatal HIV transmission in the United States.,Department of Health and Human Services (U.S.),,strong
1396,Recommendations for use of antiretroviral drugs in pregnant HIV-1-infected women for maternal health and interventions to reduce perinatal HIV transmission in the United States.,Department of Health and Human Services (U.S.),,strong
1397,Recommendations for use of antiretroviral drugs in pregnant HIV-1-infected women for maternal health and interventions to reduce perinatal HIV transmission in the United States.,Department of Health and Human Services (U.S.),,consensus
1398,Recommendations for use of antiretroviral drugs in pregnant HIV-1-infected women for maternal health and interventions to reduce perinatal HIV transmission in the United States.,Department of Health and Human Services (U.S.),,strong
1399,Recommendations for use of antiretroviral drugs in pregnant HIV-1-infected women for maternal health and interventions to reduce perinatal HIV transmission in the United States.,Department of Health and Human Services (U.S.),,strong
1400,Recommendations for use of antiretroviral drugs in pregnant HIV-1-infected women for maternal health and interventions to reduce perinatal HIV transmission in the United States.,Department of Health and Human Services (U.S.),,strong
1401,Recommendations for use of antiretroviral drugs in pregnant HIV-1-infected women for maternal health and interventions to reduce perinatal HIV transmission in the United States.,Department of Health and Human Services (U.S.),,strong
1402,Recommendations for use of antiretroviral drugs in pregnant HIV-1-infected women for maternal health and interventions to reduce perinatal HIV transmission in the United States.,Department of Health and Human Services (U.S.),,strong
1403,Recommendations for use of antiretroviral drugs in pregnant HIV-1-infected women for maternal health and interventions to reduce perinatal HIV transmission in the United States.,Department of Health and Human Services (U.S.),,weak
1404,Recommendations for use of antiretroviral drugs in pregnant HIV-1-infected women for maternal health and interventions to reduce perinatal HIV transmission in the United States.,Department of Health and Human Services (U.S.),,strong
1405,Recommendations for use of antiretroviral drugs in pregnant HIV-1-infected women for maternal health and interventions to reduce perinatal HIV transmission in the United States.,Department of Health and Human Services (U.S.),,strong
1406,Recommendations for use of antiretroviral drugs in pregnant HIV-1-infected women for maternal health and interventions to reduce perinatal HIV transmission in the United States.,Department of Health and Human Services (U.S.),,weak
1407,Recommendations for use of antiretroviral drugs in pregnant HIV-1-infected women for maternal health and interventions to reduce perinatal HIV transmission in the United States.,Department of Health and Human Services (U.S.),,strong
1408,Recommendations for use of antiretroviral drugs in pregnant HIV-1-infected women for maternal health and interventions to reduce perinatal HIV transmission in the United States.,Department of Health and Human Services (U.S.),,strong
1409,Recommendations for use of antiretroviral drugs in pregnant HIV-1-infected women for maternal health and interventions to reduce perinatal HIV transmission in the United States.,Department of Health and Human Services (U.S.),,strong
1410,Recommendations for use of antiretroviral drugs in pregnant HIV-1-infected women for maternal health and interventions to reduce perinatal HIV transmission in the United States.,Department of Health and Human Services (U.S.),,strong
1411,Recommendations for use of antiretroviral drugs in pregnant HIV-1-infected women for maternal health and interventions to reduce perinatal HIV transmission in the United States.,Department of Health and Human Services (U.S.),,weak
1412,Recommendations for use of antiretroviral drugs in pregnant HIV-1-infected women for maternal health and interventions to reduce perinatal HIV transmission in the United States.,Department of Health and Human Services (U.S.),,strong
1413,Recommendations for use of antiretroviral drugs in pregnant HIV-1-infected women for maternal health and interventions to reduce perinatal HIV transmission in the United States.,Department of Health and Human Services (U.S.),,strong
1414,Recommendations for use of antiretroviral drugs in pregnant HIV-1-infected women for maternal health and interventions to reduce perinatal HIV transmission in the United States.,Department of Health and Human Services (U.S.),,weak
1415,Recommendations for use of antiretroviral drugs in pregnant HIV-1-infected women for maternal health and interventions to reduce perinatal HIV transmission in the United States.,Department of Health and Human Services (U.S.),,strong
1416,UK national guideline for the management of chancroid 2014.,British Association for Sexual Health and HIV,,weak
1417,UK national guideline for the management of chancroid 2014.,British Association for Sexual Health and HIV,,weak
1418,UK national guideline for the management of chancroid 2014.,British Association for Sexual Health and HIV,,consensus
1419,Guidelines for the first line management of classical Hodgkin lymphoma.,British Committee for Standards in Haematology,Patients require pre-treatment blood evaluation including human immunodeficiency virus (HIV) serology.,strong
1420,Guidelines for the first line management of classical Hodgkin lymphoma.,British Committee for Standards in Haematology,">Staging with contrast-enhanced computed tomography (CT) of the neck to pelvis is required, although positron emission tomography (PET)/CT is preferable if clinically feasible.",strong
1421,Guidelines for the first line management of classical Hodgkin lymphoma.,British Committee for Standards in Haematology,Early stage patients should be classified as favourable or unfavourable.,strong
1422,Guidelines for the first line management of classical Hodgkin lymphoma.,British Committee for Standards in Haematology,Advanced stage patients should be assessed to define a Hasenclever/International Prognostic Score (IPS).,strong
1423,Guidelines for the first line management of classical Hodgkin lymphoma.,British Committee for Standards in Haematology,"For male patients, pre-treatment semen cryopreservation should be offered where possible.",strong
1424,Guidelines for the first line management of classical Hodgkin lymphoma.,British Committee for Standards in Haematology,"For female patients, pre-treatment review of options with a fertility specialist should be considered.",strong
1425,Guidelines for the first line management of classical Hodgkin lymphoma.,British Committee for Standards in Haematology,Prognostic factors should be determined to allocate patients to favourable and unfavourable sub-groups.,strong
1426,Guidelines for the first line management of classical Hodgkin lymphoma.,British Committee for Standards in Haematology,"Standard of care for patients with favourable early stage Hodgkin lymphoma (HL) is 2 x doxorubicin, bleomycin, vinblastine, dacarbazine (ABVD) and 20 Gy radiotherapy (RT).",strong
1427,Guidelines for the first line management of classical Hodgkin lymphoma.,British Committee for Standards in Haematology,Standard of care for unfavourable early stage HL is 4 x ABVD and 30 Gy RT.,strong
1428,Guidelines for the first line management of classical Hodgkin lymphoma.,British Committee for Standards in Haematology,"A treatment option for unfavourable early stage HL is 2 x escalated bleomycin, etoposide, doxorubicin, cyclophosphamide, vincristine, procarbazine, prednisone (BEACOPP) + 2 x ABVD and 30 Gy RT.",strong
1429,Guidelines for the first line management of classical Hodgkin lymphoma.,British Committee for Standards in Haematology,RT should not normally be omitted in patients presenting with bulky disease.,strong
1430,Guidelines for the first line management of classical Hodgkin lymphoma.,British Committee for Standards in Haematology,Early stage patients treated without RT should receive at least 3 x ABVD.,strong
1431,Guidelines for the first line management of classical Hodgkin lymphoma.,British Committee for Standards in Haematology,>Patients receiving bleomycin should be assessed carefully for signs and symptoms of pulmonary toxicity before each dose. A history of new or worsening dyspnoea or pulmonary crackles should lead to stopping of bleomycin until an alternative cause is identified.,strong
1432,Guidelines for the first line management of classical Hodgkin lymphoma.,British Committee for Standards in Haematology,Patients aged 16 to 60 with advanced stage HL should receive either 6 to 8 cycles of ABVD or 6 cycles of escalated BEACOPP.,strong
1433,Guidelines for the first line management of classical Hodgkin lymphoma.,British Committee for Standards in Haematology,"The choice between ABVD and escalated BEACOPP will depend on a range of factors, particularly the patient's opinion on the toxicity/efficacy balance between the regimens.",weak
1434,Guidelines for the first line management of classical Hodgkin lymphoma.,British Committee for Standards in Haematology,"Patients with a higher IPS are at higher risk of relapse, potentially supporting the use of escalated BEACOPP in this higher risk group, although there are no prospective trial data to support a specific IPS cut-off at which escalated BEACOPP may be advantageous.",weak
1435,Guidelines for the first line management of classical Hodgkin lymphoma.,British Committee for Standards in Haematology,Patients treated with escalated BEACOPP who achieve an end-of-treatment PET-negative remission do not require consolidation RT to residual tissue.,strong
1436,Guidelines for the first line management of classical Hodgkin lymphoma.,British Committee for Standards in Haematology,Patients treated with ABVD should be considered for RT to sites of original bulk or residual tissue >1.5 cm. It remains unclear whether RT can be safely omitted in ABVD patients who have residual tissue >1.5 cm on CT that is PET-negative.,strong
1437,Guidelines for the first line management of classical Hodgkin lymphoma.,British Committee for Standards in Haematology,Interim positron emission tomography (iPET2) is highly predictive of outcome in patients treated with ABVD.,strong
1438,Guidelines for the first line management of classical Hodgkin lymphoma.,British Committee for Standards in Haematology,"It remains unclear how iPET2 positive patients are optimally managed in routine practice. Accepting the limitations of small published datasets, treatment intensification to escalated BEACOPP ± RT appears reasonable.",weak
1439,Guidelines for the first line management of classical Hodgkin lymphoma.,British Committee for Standards in Haematology,Patients who remain PET-positive on completion of therapy require biopsy assessment or close clinical/radiological surveillance for early progression.,strong
1440,Guidelines for the first line management of classical Hodgkin lymphoma.,British Committee for Standards in Haematology,Patients who develop progressive disease on therapy should be considered for treatment intensification with transplantation.,strong
1441,Guidelines for the first line management of classical Hodgkin lymphoma.,British Committee for Standards in Haematology,Patients should be closely co-managed with a specialised obstetric/fetal medicine unit.,strong
1442,Guidelines for the first line management of classical Hodgkin lymphoma.,British Committee for Standards in Haematology,Staging investigations and response evaluation should be tailored to the clinical presentation with radiology input to minimise fetal radiation exposure.,strong
1443,Guidelines for the first line management of classical Hodgkin lymphoma.,British Committee for Standards in Haematology,Delaying commencement of chemotherapy until post-delivery would not be standard practice and should be done with caution.,strong
1444,Guidelines for the first line management of classical Hodgkin lymphoma.,British Committee for Standards in Haematology,ABVD is the regimen of choice unless specifically contraindicated.,strong
1445,Guidelines for the first line management of classical Hodgkin lymphoma.,British Committee for Standards in Haematology,"Wherever possible, RT should be delayed until post-delivery.",strong
1446,Guidelines for the first line management of classical Hodgkin lymphoma.,British Committee for Standards in Haematology,"Elderly patients should be formally assessed for fitness to receive combination chemotherapy with a co-morbidity assessment tool which should distinguish ""frail"" from ""non-frail"" patients.",weak
1447,Guidelines for the first line management of classical Hodgkin lymphoma.,British Committee for Standards in Haematology,"Patients considered ""frail"" should not usually be offered conventional combination chemotherapy.",weak
1448,Guidelines for the first line management of classical Hodgkin lymphoma.,British Committee for Standards in Haematology,"""Non-frail"" patients should be offered combination chemotherapy and RT with the aim of achieving complete response (CR), which is associated with better survival.",strong
1449,Guidelines for the first line management of classical Hodgkin lymphoma.,British Committee for Standards in Haematology,Older patients receiving bleomycin must be followed very closely for symptoms and signs of bleomycin lung toxicity.,strong
1450,Guidelines for the first line management of classical Hodgkin lymphoma.,British Committee for Standards in Haematology,"Guidance on therapy choice for ""non-frail"" patients is hampered by the lack of randomised trial data. Treatment with vinblastine, cyclophosphamide, prednisolone, procarbazine, etoposide, mitoxantrone (VEPEMB) or cyclophosphamide, vincristine, procarbazine, prednisone (COPP)/ABVD appears to have lower treatment-related mortality than ABVD or BEACOPP.",weak
1451,Guidelines for the first line management of classical Hodgkin lymphoma.,British Committee for Standards in Haematology,PET/CT should be reported by PET/CT imaging specialists.,strong
1452,Guidelines for the first line management of classical Hodgkin lymphoma.,British Committee for Standards in Haematology,"As pre-treatment staging with PET/CT will upstage a minority of patients and aid the interpretation of subsequent PET/CT, it is recommended when clinically feasible.",strong
1453,Guidelines for the first line management of classical Hodgkin lymphoma.,British Committee for Standards in Haematology,PET/CT response should be reported according to Deauville criteria.,weak
1454,Guidelines for the first line management of classical Hodgkin lymphoma.,British Committee for Standards in Haematology,"By Deauville criteria, a score of 1 or 2 should be considered ""negative"" and 4 or 5 considered ""positive"". Deauville score 3 should be interpreted according to the clinical context but in many HL patients indicates a good prognosis with standard treatment.",strong
1455,Guidelines for the first line management of classical Hodgkin lymphoma.,British Committee for Standards in Haematology,Biopsy is advised prior to second-line therapy to confirm residual disease with score 4 or 5 where possible to exclude false positive uptake with fluorodeoxyglucose (FDG).,strong
1456,Guidelines for the first line management of classical Hodgkin lymphoma.,British Committee for Standards in Haematology,The optimal management of iPET2-positive patients remains uncertain. Therefore at this time iPET2 remains desirable for ABVD-treated patients but cannot be mandated as a standard of care.,weak
1457,Guidelines for the first line management of classical Hodgkin lymphoma.,British Committee for Standards in Haematology,"If a pre-treatment decision has been made to treat an early stage patient with RT following ABVD, then there is no clear role for interim PET/CT.",strong
1458,Guidelines for the first line management of classical Hodgkin lymphoma.,British Committee for Standards in Haematology,"End-of-treatment PET/CT is recommended for all patients who have not achieved an interim PET negative remission as this may directly affect RT planning, biopsy considerations and follow-up strategy.",strong
1459,Guidelines for the first line management of classical Hodgkin lymphoma.,British Committee for Standards in Haematology,The evidence for the role of RT in HL is based on involved field RT (IFRT).,strong
1460,Guidelines for the first line management of classical Hodgkin lymphoma.,British Committee for Standards in Haematology,"Reduced volume approaches, involved node (INRT) or involved site (ISRT) are under evaluation in current protocols.",weak
1461,Guidelines for the first line management of classical Hodgkin lymphoma.,British Committee for Standards in Haematology,The dose for favourable early stage disease should be 20 Gy and 30 Gy for all other patients.,strong
1462,Guidelines for the first line management of classical Hodgkin lymphoma.,British Committee for Standards in Haematology,Patients are usually followed with intermittent outpatient clinical review for 2 to 5 years following first-line therapy.,weak
1463,Guidelines for the first line management of classical Hodgkin lymphoma.,British Committee for Standards in Haematology,There is no proven role for routine surveillance CT or PET/CT imaging in patients who are otherwise well following first-line therapy.,weak
1464,Guidelines for the first line management of classical Hodgkin lymphoma.,British Committee for Standards in Haematology,"HL patients should be made aware that they are at an increased lifetime risk of second neoplasms, cardiovascular and pulmonary disease and infertility.",strong
1465,Guidelines for the first line management of classical Hodgkin lymphoma.,British Committee for Standards in Haematology,"Apart from the current breast cancer screening programme, there are no national cancer screening programmes tailored for HL survivors. Women treated with mediastinal RT before the age of 35 yrs should be offered entry into the breast cancer National Notification Risk Assessment and Screening programme (NRASP).",strong
1466,Guidelines for the first line management of classical Hodgkin lymphoma.,British Committee for Standards in Haematology,"Regular lifestyle advice should be offered to reduce the secondary neoplasms and cardiovascular risk. There should be complete avoidance of smoking and careful management of cardiovascular risks such as hypertension, diabetes mellitus and hyperlipidaemia.",strong
1467,Guidelines for the first line management of classical Hodgkin lymphoma.,British Committee for Standards in Haematology,Patients who have had RT to the neck and upper mediastinum should have regular thyroid function checks. Hypothyroidism can occur up to 30 years after RT.,strong
1468,Guidelines for the first line management of classical Hodgkin lymphoma.,British Committee for Standards in Haematology,Patients should receive irradiated blood products for life.,strong
1470,Evidence-based guideline summary: diagnosis and treatment of limb-girdle and distal dystrophies: report of the Guideline Development Subcommittee of the American Academy of Neurology and the Practice Issues Review Panel of the American Association of Neuromuscular and Electrodiagnostic Medicine.,American Academy of Neurology; American Association of Neuromuscular and Electrodiagnostic Medicine,"For patients with suspected muscular dystrophy, clinicians should use a clinical approach to guide genetic diagnosis based on the clinical phenotype, including the pattern of muscle involvement, inheritance pattern, age at onset, and associated manifestations (e.g., early contractures, cardiac or respiratory involvement).",moderate
1471,Evidence-based guideline summary: diagnosis and treatment of limb-girdle and distal dystrophies: report of the Guideline Development Subcommittee of the American Academy of Neurology and the Practice Issues Review Panel of the American Association of Neuromuscular and Electrodiagnostic Medicine.,American Academy of Neurology; American Association of Neuromuscular and Electrodiagnostic Medicine,"In patients with suspected muscular dystrophy in whom initial clinically directed genetic testing does not provide a diagnosis, clinicians may obtain genetic consultation or perform parallel sequencing of targeted exomes, whole-exome sequencing, whole-genome screening, or next-generation sequencing to identify the genetic abnormality.",weak
1472,Evidence-based guideline summary: diagnosis and treatment of limb-girdle and distal dystrophies: report of the Guideline Development Subcommittee of the American Academy of Neurology and the Practice Issues Review Panel of the American Association of Neuromuscular and Electrodiagnostic Medicine.,American Academy of Neurology; American Association of Neuromuscular and Electrodiagnostic Medicine,"Clinicians should refer newly diagnosed patients with (1) limb-girdle muscular dystrophy (LGMD)1A, LGMD1B, LGMD1D, LGMD1E, LGMD2C–K, LGMD2M–P, Becker muscular dystrophy (BMD), Emery-Dreifuss muscular dystrophy (EDMD), and myofibrillar myopathies (MFM) or (2) muscular dystrophy without a specific genetic diagnosis for cardiology evaluation, including electrocardiogram (ECG) and structural evaluation (echocardiography or cardiac magnetic resonance imaging [MRI]), even if they are asymptomatic from a cardiac standpoint, to guide appropriate management.",moderate
1473,Evidence-based guideline summary: diagnosis and treatment of limb-girdle and distal dystrophies: report of the Guideline Development Subcommittee of the American Academy of Neurology and the Practice Issues Review Panel of the American Association of Neuromuscular and Electrodiagnostic Medicine.,American Academy of Neurology; American Association of Neuromuscular and Electrodiagnostic Medicine,"If ECG or structural cardiac evaluation (e.g., echocardiography) has abnormal results, or if the patient has episodes of syncope, near-syncope, or palpitations, clinicians should order rhythm evaluation (e.g., Holter monitor or event monitor) to guide appropriate management.",moderate
1474,Evidence-based guideline summary: diagnosis and treatment of limb-girdle and distal dystrophies: report of the Guideline Development Subcommittee of the American Academy of Neurology and the Practice Issues Review Panel of the American Association of Neuromuscular and Electrodiagnostic Medicine.,American Academy of Neurology; American Association of Neuromuscular and Electrodiagnostic Medicine,"Clinicians should refer muscular dystrophy patients with palpitations, symptomatic or asymptomatic tachycardia or arrhythmias, or signs and symptoms of cardiac failure for cardiology evaluation.",moderate
1475,Evidence-based guideline summary: diagnosis and treatment of limb-girdle and distal dystrophies: report of the Guideline Development Subcommittee of the American Academy of Neurology and the Practice Issues Review Panel of the American Association of Neuromuscular and Electrodiagnostic Medicine.,American Academy of Neurology; American Association of Neuromuscular and Electrodiagnostic Medicine,"It is not obligatory for clinicians to refer patients with LGMD2A, LGMD2B, and LGMD2L for cardiac evaluation unless they develop overt cardiac signs or symptoms.",moderate
1476,Evidence-based guideline summary: diagnosis and treatment of limb-girdle and distal dystrophies: report of the Guideline Development Subcommittee of the American Academy of Neurology and the Practice Issues Review Panel of the American Association of Neuromuscular and Electrodiagnostic Medicine.,American Academy of Neurology; American Association of Neuromuscular and Electrodiagnostic Medicine,"Clinicians should refer muscular dystrophy patients with dysphagia, frequent aspiration, or weight loss for swallowing evaluation or gastroenterology evaluation to assess and manage swallowing function and aspiration risk, to teach patients techniques for safe and effective swallowing (e.g., chin tuck maneuver, altered food consistencies), and to consider placement of a gastrostomy/jejunostomy tube for nutritional support.",moderate
1477,Evidence-based guideline summary: diagnosis and treatment of limb-girdle and distal dystrophies: report of the Guideline Development Subcommittee of the American Academy of Neurology and the Practice Issues Review Panel of the American Association of Neuromuscular and Electrodiagnostic Medicine.,American Academy of Neurology; American Association of Neuromuscular and Electrodiagnostic Medicine,"Clinicians should order pulmonary function testing (spirometry and maximal inspiratory/expiratory force in the upright and, if normal, supine positions) or refer for pulmonary evaluation (to identify and treat respiratory insufficiency) in muscular dystrophy patients at the time of diagnosis, or if they develop pulmonary symptoms later in their course.",moderate
1478,Evidence-based guideline summary: diagnosis and treatment of limb-girdle and distal dystrophies: report of the Guideline Development Subcommittee of the American Academy of Neurology and the Practice Issues Review Panel of the American Association of Neuromuscular and Electrodiagnostic Medicine.,American Academy of Neurology; American Association of Neuromuscular and Electrodiagnostic Medicine,"Clinicians should refer muscular dystrophy patients with musculoskeletal spine deformities to an orthopedic spine surgeon for monitoring and surgical intervention if it is deemed necessary in order to maintain normal posture, assist mobility, maintain cardiopulmonary function, and optimize quality of life.",moderate
1479,Evidence-based guideline summary: diagnosis and treatment of limb-girdle and distal dystrophies: report of the Guideline Development Subcommittee of the American Academy of Neurology and the Practice Issues Review Panel of the American Association of Neuromuscular and Electrodiagnostic Medicine.,American Academy of Neurology; American Association of Neuromuscular and Electrodiagnostic Medicine,"Clinicians should refer patients with muscular dystrophy to a clinic that has access to multiple specialties (e.g., physical therapy, occupational therapy, respiratory therapy, speech and swallowing therapy, cardiology, pulmonology, orthopedics, and genetics) designed specifically to care for patients with muscular dystrophy and other neuromuscular disorders in order to provide efficient and effective long-term care.",moderate
1480,Evidence-based guideline summary: diagnosis and treatment of limb-girdle and distal dystrophies: report of the Guideline Development Subcommittee of the American Academy of Neurology and the Practice Issues Review Panel of the American Association of Neuromuscular and Electrodiagnostic Medicine.,American Academy of Neurology; American Association of Neuromuscular and Electrodiagnostic Medicine,Clinicians should recommend that patients with muscular dystrophy have periodic assessments by a physical and occupational therapist for symptomatic and preventive screening.,moderate
1481,Evidence-based guideline summary: diagnosis and treatment of limb-girdle and distal dystrophies: report of the Guideline Development Subcommittee of the American Academy of Neurology and the Practice Issues Review Panel of the American Association of Neuromuscular and Electrodiagnostic Medicine.,American Academy of Neurology; American Association of Neuromuscular and Electrodiagnostic Medicine,"While respecting and protecting patient autonomy, clinicians should proactively anticipate and facilitate patient and family decision-making as the disease progresses, including decisions regarding loss of mobility, need for assistance with activities of daily living, medical complications, and end-of-life care.",moderate
1482,Evidence-based guideline summary: diagnosis and treatment of limb-girdle and distal dystrophies: report of the Guideline Development Subcommittee of the American Academy of Neurology and the Practice Issues Review Panel of the American Association of Neuromuscular and Electrodiagnostic Medicine.,American Academy of Neurology; American Association of Neuromuscular and Electrodiagnostic Medicine,"For patients with muscular dystrophy, clinicians should prescribe physical and occupational therapy, as well as bracing and assistive devices that are adapted specifically to the patient's deficiencies and contractures, in order to preserve mobility and function and prevent contractures.",moderate
1483,Evidence-based guideline summary: diagnosis and treatment of limb-girdle and distal dystrophies: report of the Guideline Development Subcommittee of the American Academy of Neurology and the Practice Issues Review Panel of the American Association of Neuromuscular and Electrodiagnostic Medicine.,American Academy of Neurology; American Association of Neuromuscular and Electrodiagnostic Medicine,Clinicians may advise patients with muscular dystrophy that aerobic exercise combined with a supervised submaximal strength training program is probably safe.,weak
1484,Evidence-based guideline summary: diagnosis and treatment of limb-girdle and distal dystrophies: report of the Guideline Development Subcommittee of the American Academy of Neurology and the Practice Issues Review Panel of the American Association of Neuromuscular and Electrodiagnostic Medicine.,American Academy of Neurology; American Association of Neuromuscular and Electrodiagnostic Medicine,"Clinicians may advise patients with muscular dystrophy that gentle, low-impact aerobic exercise (swimming, stationary bicycling) improves cardiovascular performance, increases muscle efficiency, and lessens fatigue.",weak
1485,Evidence-based guideline summary: diagnosis and treatment of limb-girdle and distal dystrophies: report of the Guideline Development Subcommittee of the American Academy of Neurology and the Practice Issues Review Panel of the American Association of Neuromuscular and Electrodiagnostic Medicine.,American Academy of Neurology; American Association of Neuromuscular and Electrodiagnostic Medicine,"Clinicians may counsel patients with muscular dystrophy to hydrate adequately, not to exercise to exhaustion, and to avoid supramaximal, high-intensity exercise.",weak
1486,Evidence-based guideline summary: diagnosis and treatment of limb-girdle and distal dystrophies: report of the Guideline Development Subcommittee of the American Academy of Neurology and the Practice Issues Review Panel of the American Association of Neuromuscular and Electrodiagnostic Medicine.,American Academy of Neurology; American Association of Neuromuscular and Electrodiagnostic Medicine,"Clinicians should educate patients with muscular dystrophy who are participating in an exercise program about the warning signs of overwork weakness and myoglobinuria, which include feeling weaker rather than stronger within 30 minutes after exercise, excessive muscle soreness 24–48 hours following exercise, severe muscle cramping, heaviness in the extremities, and prolonged shortness of breath.",moderate
1487,Evidence-based guideline summary: diagnosis and treatment of limb-girdle and distal dystrophies: report of the Guideline Development Subcommittee of the American Academy of Neurology and the Practice Issues Review Panel of the American Association of Neuromuscular and Electrodiagnostic Medicine.,American Academy of Neurology; American Association of Neuromuscular and Electrodiagnostic Medicine,"Clinicians should not currently offer patients with muscular dystrophy gene therapy, myoblast transplantation, neutralizing antibody to myostatin, or growth hormone outside of a research study designed to determine the efficacy and safety of the treatment .",moderate
1488,Clinical practice guideline: planning for labor and vaginal birth after cesarean.,American Academy of Family Physicians,"Recommendation 1 : Labor after cesarean (LAC) is safe and appropriate for most women with a history of one or two prior cesarean births. The American Academy of Family Physicians (AAFP) recommends that clinicians counsel, encourage and facilitate planned vaginal birth after cesarean (VBAC) so that women can make informed decisions. If planned VBAC is not locally available, then women desiring it should be offered referral to a facility and/or clinician who can offer the service.",weak
1489,Clinical practice guideline: planning for labor and vaginal birth after cesarean.,American Academy of Family Physicians,"Recommendation 2 : The AAFP strongly recommends that clinicians inform women who have had a prior vaginal birth, either before or after a prior cesarean birth, that they have a high likelihood of VBAC. Unless there are specific contraindications to a vaginal birth, these women should be encouraged to plan a labor and VBAC and should be offered referral to clinicians and facilities capable of providing this service, if it is not available locally.",strong
1490,Clinical practice guideline: planning for labor and vaginal birth after cesarean.,American Academy of Family Physicians,Recommendation 3 : There are few data about factors other than prior vaginal birth that strongly influence the rate of VBAC. Clinicians should discuss the indications for and circumstances surrounding a woman's prior cesarean birth(s) during counseling.,consensus
1491,Clinical practice guideline: planning for labor and vaginal birth after cesarean.,American Academy of Family Physicians,"Recommendation 4 : When a woman who has had a prior cesarean birth presents to the hospital in labor, the clinician caring for her should reassess with her the plan for labor and VBAC or repeat cesarean, considering factors on admission that may affect the risks of labor and the likelihood of vaginal birth. The clinician should discuss, on an ongoing basis during labor, any change of status affecting the risks of labor and likelihood of vaginal birth for a woman electing LAC.",consensus
1492,Clinical practice guideline: planning for labor and vaginal birth after cesarean.,American Academy of Family Physicians,Recommendation 5 : The AAFP recommends that induction of LAC is appropriate for women who have a medical indication for induction of labor and who are planning a VBAC. The risk of uterine rupture varies by method of induction. Misoprostol should not be used for cervical preparation or induction of LAC in the third trimester of pregnancy for women with a prior cesarean birth.,weak
1493,Clinical practice guideline: planning for labor and vaginal birth after cesarean.,American Academy of Family Physicians,"Recommendation 6 : Clinicians should inform each woman about the specific short-term benefits and harms of planned labor and VBAC and planned repeat cesarean birth, both for herself and her fetus/infant. Maternal outcomes are equivalent or better with LAC/VBAC compared with repeat cesarean delivery (RCD), while perinatal mortality is increased with LAC/VBAC compared to RCD.",consensus
1494,Clinical practice guideline: planning for labor and vaginal birth after cesarean.,American Academy of Family Physicians,"Recommendation 7 : Clinicians should inform each woman about the specific long-term benefits and harms of planned labor and VBAC and planned repeat cesarean birth, and individualize care based on patient preferences regarding lifetime plans for childbearing. Compared with VBAC, RCD increases future risks of abnormal placentation, hysterectomy, and surgical complications.",consensus
1495,Clinical practice guideline: planning for labor and vaginal birth after cesarean.,American Academy of Family Physicians,"Recommendation 8 : Limited data show similar outcomes for women undergoing LAC/VBAC regardless of type or location of hospital or birth volume. However, infants delivered longer than 30 minutes after a decision to perform immediate delivery for possible uterine rupture have poorer long-term outcomes compared with those delivered more quickly. All women desiring LAC/VBAC should be counseled about the capabilities of their specific delivery setting, and women determined to be at high risk for complications with either labor and VBAC or repeat cesarean birth should be referred to facilities capable of effectively treating problems as they develop.",consensus
1496,Clinical practice guideline: planning for labor and vaginal birth after cesarean.,American Academy of Family Physicians,Recommendation 9 : Hospitals should have institutional guidelines to promote access to labor and VBAC. Hospitals should actively monitor and endeavor to continuously improve the quality of care for women who choose LAC.,consensus
1497,Pheochromocytoma and paraganglioma: an Endocrine Society clinical practice guideline.,The Endocrine Society,The Task Force recommends that initial biochemical testing for PPGLs should include measurements of plasma free metanephrines or urinary fractionated metanephrines.,strong
1498,Pheochromocytoma and paraganglioma: an Endocrine Society clinical practice guideline.,The Endocrine Society,The Task Force suggests using liquid chromatography with mass spectrometric or electrochemical detection methods rather than other laboratory methods to establish a biochemical diagnosis of PPGL.,weak
1499,Pheochromocytoma and paraganglioma: an Endocrine Society clinical practice guideline.,The Endocrine Society,"For measurements of plasma metanephrines, the Task Force suggests drawing blood with the patient in the supine position and use of reference intervals established in the same position.",weak
1500,Pheochromocytoma and paraganglioma: an Endocrine Society clinical practice guideline.,The Endocrine Society,The Task Force recommends that all patients with positive test results should receive appropriate follow-up according to the extent of increased values and clinical presentation.,strong
1501,Pheochromocytoma and paraganglioma: an Endocrine Society clinical practice guideline.,The Endocrine Society,The Task Force recommends that imaging studies to locate PPGL should be initiated once there is clear biochemical evidence of a PPGL.,strong
1502,Pheochromocytoma and paraganglioma: an Endocrine Society clinical practice guideline.,The Endocrine Society,"The Task Force suggests computed tomography (CT) rather than magnetic resonance imaging (MRI) as the first-choice imaging modality because of its excellent spatial resolution for thorax, abdomen, and pelvis.",weak
1503,Pheochromocytoma and paraganglioma: an Endocrine Society clinical practice guideline.,The Endocrine Society,"The Task Force recommends MRI in patients with metastatic PPGL, for detection of skull base and neck paragangliomas, in patients with surgical clips that cause artifacts when using CT, in patients with an allergy to CT contrast, and in patients in whom radiation exposure should be limited (children, pregnant women, patients with known germline mutations, and those with recent excessive radiation exposure).",strong
1504,Pheochromocytoma and paraganglioma: an Endocrine Society clinical practice guideline.,The Endocrine Society,"The Task Force suggests the use of 123 I-metaiodobenzylguanidine (MIBG) scintigraphy as a functional imaging modality in patients with metastatic PPGL detected by other imaging modalities when radiotherapy using 131 I-MIBG is planned, and occasionally in some patients with an increased risk for metastatic disease due to large size of the primary tumor or to extra-adrenal, multifocal (except skull base and neck PPGLs), or recurrent disease.",weak
1505,Pheochromocytoma and paraganglioma: an Endocrine Society clinical practice guideline.,The Endocrine Society,The Task Force suggests the use of 18 F-fluorodeoxyglucose ( 18 F-FDG) positron emission tomography (PET)/CT scanning in patients with metastatic disease. 18 F-FDGPET/CT is the preferred imaging modality over 123 I-MIBG scintigraphy in patients with known metastatic PPGL.,weak
1506,Pheochromocytoma and paraganglioma: an Endocrine Society clinical practice guideline.,The Endocrine Society,The Task Force recommends that all patients with PPGLs should be engaged in shared decision making for genetic testing.,strong
1507,Pheochromocytoma and paraganglioma: an Endocrine Society clinical practice guideline.,The Endocrine Society,The Task Force recommends the use of a clinical feature-driven diagnostic algorithm to establish the priorities for specific genetic testing in PPGL patients with suspected germline mutations.,strong
1508,Pheochromocytoma and paraganglioma: an Endocrine Society clinical practice guideline.,The Endocrine Society,The Task Force suggests that patients with paraganglioma undergo testing of succinate dehydrogenase (SDH) mutations and that patients with metastatic disease undergo testing for SDHB mutations.,weak
1509,Pheochromocytoma and paraganglioma: an Endocrine Society clinical practice guideline.,The Endocrine Society,The Task Force recommends preoperative medical treatment for 7 to 14 days to allow adequate time to normalize blood pressure and heart rate. Treatment should also include a high-sodium diet and fluid intake to reverse catecholamine-induced blood volume contraction preoperatively to prevent severe hypotension after tumor removal.,strong
1510,Pheochromocytoma and paraganglioma: an Endocrine Society clinical practice guideline.,The Endocrine Society,"The Task Force recommends monitoring blood pressure, heart rate, and blood glucose levels with adjustment of associated therapies in the immediate postoperative period.",strong
1511,Pheochromocytoma and paraganglioma: an Endocrine Society clinical practice guideline.,The Endocrine Society,The Task Force suggests measuring plasma or urine levels of metanephrines on follow-up to diagnose persistent disease. The Task Force suggests lifelong annual biochemical testing to assess for recurrent or metastatic disease.,weak
1512,Pheochromocytoma and paraganglioma: an Endocrine Society clinical practice guideline.,The Endocrine Society,"The Task Force suggests partial adrenalectomy for selected patients, such as those with hereditary pheochromocytoma, with small tumors who have already undergone a contralateral complete adrenalectomy to spare adrenal cortex to prevent permanent hypocortisolism.",weak
1513,The management of women with red cell antibodies during pregnancy.,Royal College of Obstetricians and Gynaecologists,All women should have their blood group and antibody status determined at booking and at 28 weeks of gestation (see Appendix 2 in the original guideline document).,weak
1514,The management of women with red cell antibodies during pregnancy.,Royal College of Obstetricians and Gynaecologists,Clinicians should be aware that severe fetal anaemia can result in hydrops which significantly worsens the perinatal outcome.,weak
1515,The management of women with red cell antibodies during pregnancy.,Royal College of Obstetricians and Gynaecologists,"Non-invasive fetal genotyping using maternal blood is now possible for D, C, c, E, e and K antigens. This should be performed in the first instance for the relevant antigen when maternal red cell antibodies are present.",moderate
1516,The management of women with red cell antibodies during pregnancy.,Royal College of Obstetricians and Gynaecologists,Anti-D prophylaxis should be given to cover invasive testing if the mother is rhesus D (RhD) negative and is not sensitised.,weak
1517,The management of women with red cell antibodies during pregnancy.,Royal College of Obstetricians and Gynaecologists,"For antibodies other than anti-D, anti-c and anti-K, the following should prompt referral to a fetal medicine specialist: a history of previous significant haemolytic disease of the fetus and newborn (HDFN) or intrauterine transfusion (IUT), or a titre of 32 or above, especially if the titre is rising as rising titres correlate with increasing risk and severity of anaemia.",weak
1518,The management of women with red cell antibodies during pregnancy.,Royal College of Obstetricians and Gynaecologists,An anti-D level of >4 iu/ml but <15 iu/ml correlates with a moderate risk of HDFN and an anti-D level of >15 iu/ml can cause severe HDFN. Referral for a fetal medicine opinion should therefore be made once anti-D levels are >4 iu/ml.,moderate
1519,The management of women with red cell antibodies during pregnancy.,Royal College of Obstetricians and Gynaecologists,"An anti-c level of >7.5 iu/ml but <20 iu/ml correlates with a moderate risk of HDFN, whereas an anti-c level of >20 iu/ml correlates with a high risk of HDFN. Referral for a fetal medicine opinion should therefore be made once anti-c levels are >7.5 iu/ml.",moderate
1520,The management of women with red cell antibodies during pregnancy.,Royal College of Obstetricians and Gynaecologists,Anti-D and anti-c levels should be measured every 4 weeks up to 28 weeks of gestation and then every 2 weeks until delivery.,weak
1521,The management of women with red cell antibodies during pregnancy.,Royal College of Obstetricians and Gynaecologists,"- Although anti-K titres do not correlate well with either the development or severity of fetal anaemia, titres should nevertheless be measured every 4 weeks up to 28 weeks of gestation, then every 2 weeks until delivery.",weak
1522,The management of women with red cell antibodies during pregnancy.,Royal College of Obstetricians and Gynaecologists,"If the fetus carries the corresponding antigen for a maternal antibody which is capable of causing fetal anaemia and if the antibody levels/titres rise beyond the levels detailed in Section 6.7 in the original guideline document then the pregnancy should be monitored weekly by ultrasound, specifically assessing the fetal middle cerebral artery peak systolic velocities (MCA PSV).",moderate
1523,The management of women with red cell antibodies during pregnancy.,Royal College of Obstetricians and Gynaecologists,Red cell preparations for IUT should be group O (low titre haemolysin) or ABO identical with the fetus (if known) and negative for the antigen(s) corresponding to maternal red cell antibodies.,weak
1524,The management of women with red cell antibodies during pregnancy.,Royal College of Obstetricians and Gynaecologists,"Red cell components of the same ABO group and RhD type, and that are K negative and cytomegalovirus (CMV) negative, should be selected.",weak
1525,The management of women with red cell antibodies during pregnancy.,Royal College of Obstetricians and Gynaecologists,"Anti-D immunoglobulin should be given to RhD-negative women with non-anti-D antibodies for routine antenatal prophylaxis, for potential antenatal sensitising events and postnatal prophylaxis.",moderate
1526,The management of women with red cell antibodies during pregnancy.,Royal College of Obstetricians and Gynaecologists,"If immune anti-D is detected, prophylaxis is no longer necessary.",weak
1527,The management of women with red cell antibodies during pregnancy.,Royal College of Obstetricians and Gynaecologists,Discussion and liaison with the transfusion laboratory are essential in determining whether anti-D antibodies are immune or passive in women who have previously received anti-D prophylaxis.,weak
1528,The management of women with red cell antibodies during pregnancy.,Royal College of Obstetricians and Gynaecologists,"Clinicians should be aware that blood for IUT has the same requirements as blood for neonatal exchange (see Section 7.1.3 in the original guideline document), except that plasma is removed by the blood centre to increase the haematocrit to 0.70 to 0.85 and it is always irradiated.",weak
1529,The management of women with red cell antibodies during pregnancy.,Royal College of Obstetricians and Gynaecologists,"Blood should be ABO compatible with the neonate and mother (to avoid ABO HDFN from the woman's anti-A or -B antibodies present), RhD negative (or RhD identical with neonate), K negative, negative for the corresponding antigen to which the woman has an antibody and cross-match compatible with the woman's blood sample.",weak
1530,The management of women with red cell antibodies during pregnancy.,Royal College of Obstetricians and Gynaecologists,"Blood should be less than 5 days old (to ensure low supernatant potassium levels), CMV negative and irradiated unless the risk to the baby of delaying exchange transfusion while obtaining irradiated blood outweighs this. It should be plasma reduced (rather than in saline-adenine-glucose-mannitol [SAGM] additive solution), with a haematocrit of 0.50 to 0.60.",weak
1531,The management of women with red cell antibodies during pregnancy.,Royal College of Obstetricians and Gynaecologists,"Blood should be ABO compatible with the neonate and mother (to avoid ABO HDFN from the woman's anti-A or -B antibodies present), RhD negative (or RhD identical with neonate), K negative and negative for the corresponding antigen to which the woman has an antibody and cross-match compatible with the woman’s blood sample.",weak
1532,The management of women with red cell antibodies during pregnancy.,Royal College of Obstetricians and Gynaecologists,Blood should be CMV negative but does not need to be irradiated unless the neonate has had a previous IUT and blood can be stored in SAGM (rather than plasma reduced) and be up to 35 days old (as a top-up transfusion is a much smaller volume than an exchange transfusion).,weak
1533,The management of women with red cell antibodies during pregnancy.,Royal College of Obstetricians and Gynaecologists,"Clinicians considering transfusion in a neonate must check if the baby has had an IUT, as if so, blood must be irradiated to prevent transfusion-associated graft-versus-host disease.",weak
1534,The management of women with red cell antibodies during pregnancy.,Royal College of Obstetricians and Gynaecologists,This depends on the risk of haemolysis or anaemia conferred by the relevant red cell antibody. The neonate should have regular clinical assessment of its neurobehavioural state and be observed for the development of jaundice and/or anaemia.,moderate
1535,The management of women with red cell antibodies during pregnancy.,Royal College of Obstetricians and Gynaecologists,"C - Clinicians should be aware that if bilirubin levels rise rapidly or above the interventional threshold, phototherapy and/or exchange transfusion may be required.",moderate
1536,The management of women with red cell antibodies during pregnancy.,Royal College of Obstetricians and Gynaecologists,Clinicians should be aware that some infants may experience anaemia persisting for a few weeks following birth.,moderate
1537,The management of women with red cell antibodies during pregnancy.,Royal College of Obstetricians and Gynaecologists,Clinicians should be aware that some infants may develop late anaemia which is usually due to hyporegenerative anaemia.,moderate
1538,Management of beta thalassaemia in pregnancy.,Royal College of Obstetricians and Gynaecologists,"At each visit with the thalassaemia team, there should be a discussion and documentation of intentions regarding pregnancy. This should include screening for end-organ damage and optimisation of complications prior to embarking on any pregnancy.",weak
1539,Management of beta thalassaemia in pregnancy.,Royal College of Obstetricians and Gynaecologists,Aggressive chelation in the preconception stage can reduce and optimise body iron burden and reduce end-organ damage.,moderate
1540,Management of beta thalassaemia in pregnancy.,Royal College of Obstetricians and Gynaecologists,Women with established diabetes mellitus should ideally have serum fructosamine concentrations <300 nmol/l for at least 3 months prior to conception. This is equivalent to a glycated haemoglobin (HbA1c) of 43 mmol/mol.,weak
1541,Management of beta thalassaemia in pregnancy.,Royal College of Obstetricians and Gynaecologists,Thyroid function should be determined. The woman should be euthyroid prepregnancy.,moderate
1542,Management of beta thalassaemia in pregnancy.,Royal College of Obstetricians and Gynaecologists,Iron chelators should be reviewed and deferasirox and deferiprone ideally discontinued 3 months before conception.,weak
1543,Management of beta thalassaemia in pregnancy.,Royal College of Obstetricians and Gynaecologists,If the partner is a carrier of a haemoglobinopathy that may adversely interact with the woman's genotype then genetic counselling should be offered.,weak
1544,Management of beta thalassaemia in pregnancy.,Royal College of Obstetricians and Gynaecologists,In vitro fertilisation/intracytoplasmic sperm injection (IVF/ICSI) with a pre-implantation genetic diagnosis (PGD) should be considered in the presence of haemoglobinopathies in both partners so that a homozygous or compound heterozygous pregnancy can be avoided.,weak
1545,Management of beta thalassaemia in pregnancy.,Royal College of Obstetricians and Gynaecologists,All women who have undergone a splenectomy should take penicillin prophylaxis or equivalent.,moderate
1546,Management of beta thalassaemia in pregnancy.,Royal College of Obstetricians and Gynaecologists,All women who have undergone a splenectomy should be vaccinated for pneumococcus and Haemophilus influenzae type b if this has not been done before.,moderate
1547,Management of beta thalassaemia in pregnancy.,Royal College of Obstetricians and Gynaecologists,Folic acid (5 mg) is recommended preconceptually to all women to prevent neural tube defects.,strong
1548,Management of beta thalassaemia in pregnancy.,Royal College of Obstetricians and Gynaecologists,Women with myocardial iron loading should undergo regular cardiology review with careful monitoring of ejection fraction during the pregnancy as signs of cardiac decompensation are the primary indications for intervention with chelation therapy.,moderate
1549,Management of beta thalassaemia in pregnancy.,Royal College of Obstetricians and Gynaecologists,Those women at highest risk of cardiac decompensation should commence low-dose subcutaneous desferrioxamine (20 mg/kg/day) on a minimum of 4 to 5 days a week under joint haematology and cardiology guidance from 20 to 24 weeks of gestation.,moderate
1550,Management of beta thalassaemia in pregnancy.,Royal College of Obstetricians and Gynaecologists,Active management of the third stage of labour is recommended to minimise blood loss.,strong
1551,Management of beta thalassaemia in pregnancy.,Royal College of Obstetricians and Gynaecologists,Women with thalassaemia should be considered at high risk for venous thromboembolism.,weak
1552,"Follow-up and surveillance of the patient with lung cancer after curative-intent therapy: diagnosis and management of lung cancer, 3rd ed: American College of Chest Physicians evidence-based clinical practice guidelines.",American College of Chest Physicians,"In patients who have undergone curative-intent surgical resection of non-small cell lung cancer (NSCLC), it is suggested that chest computed tomography (CT) be performed every 6 months for the first 2 years after resection and every year thereafter.",weak
1553,"Follow-up and surveillance of the patient with lung cancer after curative-intent therapy: diagnosis and management of lung cancer, 3rd ed: American College of Chest Physicians evidence-based clinical practice guidelines.",American College of Chest Physicians,"For patients with NSCLC or carcinoid tumor who have undergone curative-intent therapy, it is recommended that the original treating physicians participate in the decision-making process during the follow-up and surveillance.",strong
1554,"Follow-up and surveillance of the patient with lung cancer after curative-intent therapy: diagnosis and management of lung cancer, 3rd ed: American College of Chest Physicians evidence-based clinical practice guidelines.",American College of Chest Physicians,"After curative-intent therapy in patients with NSCLC or carcinoid tumors, routine surveillance with positron emission tomography (PET) imaging, somatostatin receptor scintigraphy (SRS), or abdominal ultrasonography is not recommended.",strong
1555,"Follow-up and surveillance of the patient with lung cancer after curative-intent therapy: diagnosis and management of lung cancer, 3rd ed: American College of Chest Physicians evidence-based clinical practice guidelines.",American College of Chest Physicians,"In NSCLC patients who have undergone curative-intent therapy, it is suggested that a validated HRQOL instrument be used at baseline clinic visits and during follow-up.",weak
1556,"Follow-up and surveillance of the patient with lung cancer after curative-intent therapy: diagnosis and management of lung cancer, 3rd ed: American College of Chest Physicians evidence-based clinical practice guidelines.",American College of Chest Physicians,"For lung cancer patients treated with curative intent, it is suggested that surveillance biomarker testing not be done (outside of clinical trials).",weak
1557,"Follow-up and surveillance of the patient with lung cancer after curative-intent therapy: diagnosis and management of lung cancer, 3rd ed: American College of Chest Physicians evidence-based clinical practice guidelines.",American College of Chest Physicians,"For patients with early central airway squamous cell carcinoma (SqCC) treated by curative-intent photodynamic therapy (PDT), it is recommended that surveillance bronchoscopy be done at 1, 2, and 3 months, and thereafter at 3-month intervals during the first year, then every 6 months until 5 years.",weak
1558,"Follow-up and surveillance of the patient with lung cancer after curative-intent therapy: diagnosis and management of lung cancer, 3rd ed: American College of Chest Physicians evidence-based clinical practice guidelines.",American College of Chest Physicians,"For patients with intraluminal bronchial carcinoid tumor who have undergone curative-intent bronchoscopic treatment using neodymium-doped yttrium aluminum garnet (Nd:YAG) laser or electrocautery, it is suggested that surveillance bronchoscopy be done within 6 weeks after endobronchial resection, every 6 months for 2 years, and annually thereafter.",weak
1559,2014 evidence-based guideline for the management of high blood pressure in adults. Report from the panel members appointed to the Eighth Joint National Committee (JNC 8).,Joint National Committee,"In the general population aged 60 years or older, initiate pharmacologic treatment to lower blood pressure (BP) at systolic blood pressure (SBP) of 150 mm Hg or higher or diastolic blood pressure (DBP) of 90 mm Hg or higher and treat to a goal SBP lower than 150 mm Hg and goal DBP lower than 90 mm Hg.",strong
1560,2014 evidence-based guideline for the management of high blood pressure in adults. Report from the panel members appointed to the Eighth Joint National Committee (JNC 8).,Joint National Committee,"In the general population aged 60 years or older, if pharmacologic treatment for high BP results in lower achieved SBP (for example, <140 mm Hg) and treatment is not associated with adverse effects on health or quality of life, treatment does not need to be adjusted.",consensus
1561,2014 evidence-based guideline for the management of high blood pressure in adults. Report from the panel members appointed to the Eighth Joint National Committee (JNC 8).,Joint National Committee,"In the general population younger than 60 years, initiate pharmacologic treatment to lower BP at DBP of 90 mm Hg or higher and treat to a goal DBP of lower than 90 mm Hg.",strong
1562,2014 evidence-based guideline for the management of high blood pressure in adults. Report from the panel members appointed to the Eighth Joint National Committee (JNC 8).,Joint National Committee,"In the general population younger than 60 years, initiate pharmacologic treatment to lower BP at SBP of 140 mm Hg or higher and treat to a goal SBP of lower than 140 mm Hg.",consensus
1563,2014 evidence-based guideline for the management of high blood pressure in adults. Report from the panel members appointed to the Eighth Joint National Committee (JNC 8).,Joint National Committee,"In the population aged 18 years or older with chronic kidney disease (CKD), initiate pharmacologic treatment to lower BP at SBP of 140 mm Hg or higher or DBP of 90 mm Hg or higher and treat to goal SBP of lower than 140 mm Hg and goal DBP lower than 90 mm Hg.",consensus
1564,2014 evidence-based guideline for the management of high blood pressure in adults. Report from the panel members appointed to the Eighth Joint National Committee (JNC 8).,Joint National Committee,"In the population aged 18 years or older with diabetes, initiate pharmacologic treatment to lower BP at SBP of 140 mm Hg or higher or DBP of 90 mm Hg or higher and treat to a goal SBP of lower than 140 mm Hg and goal DBP lower than 90 mm Hg.",consensus
1565,2014 evidence-based guideline for the management of high blood pressure in adults. Report from the panel members appointed to the Eighth Joint National Committee (JNC 8).,Joint National Committee,"In the general nonblack population, including those with diabetes, initial antihypertensive treatment should include a thiazide-type diuretic, calcium channel blocker (CCB), angiotensin-converting enzyme inhibitor (ACEI), or angiotensin receptor blocker (ARB).",moderate
1566,2014 evidence-based guideline for the management of high blood pressure in adults. Report from the panel members appointed to the Eighth Joint National Committee (JNC 8).,Joint National Committee,"In the general black population, including those with diabetes, initial antihypertensive treatment should include a thiazide-type diuretic or CCB.",moderate
1567,2014 evidence-based guideline for the management of high blood pressure in adults. Report from the panel members appointed to the Eighth Joint National Committee (JNC 8).,Joint National Committee,"In the population aged 18 years or older with CKD and hypertension, initial (or add-on) antihypertensive treatment should include an ACEI or ARB to improve kidney outcomes. This applies to all CKD patients with hypertension regardless of race or diabetes status.",moderate
1568,2014 evidence-based guideline for the management of high blood pressure in adults. Report from the panel members appointed to the Eighth Joint National Committee (JNC 8).,Joint National Committee,"The main objective of hypertension treatment is to attain and maintain goal BP. If goal BP is not reached within a month of treatment, increase the dose of the initial drug or add a second drug from one of the classes in recommendation 6 (thiazide-type diuretic, CCB, ACEI, or ARB). The clinician should continue to assess BP and adjust the treatment regimen until goal BP is reached. If goal BP cannot be reached with 2 drugs, add and titrate a third drug from the list provided. Do not use an ACEI and an ARB together in the same patient. If goal BP cannot be reached using the drugs in recommendation 6 because of a contraindication or the need to use more than 3 drugs to reach goal BP, antihypertensive drugs from other classes can be used. Referral to a hypertension specialist may be indicated for patients in whom goal BP cannot be attained using the above strategy or for the management of complicated patients for whom additional clinical consultation is needed.",consensus
1569,"Physiologic evaluation of the patient with lung cancer being considered for resectional surgery: diagnosis and management of lung cancer, 3rd ed: American College of Chest Physicians evidence-based clinical practice guidelines.",American College of Chest Physicians,"In patients with lung cancer who are potential candidates for curative surgical resection, it is recommended that they be assessed by a multidisciplinary team, which includes a thoracic surgeon specializing in lung cancer, medical oncologist, radiation oncologist, and pulmonologist.",strong
1570,"Physiologic evaluation of the patient with lung cancer being considered for resectional surgery: diagnosis and management of lung cancer, 3rd ed: American College of Chest Physicians evidence-based clinical practice guidelines.",American College of Chest Physicians,In elderly patients with lung cancer who are potential candidates for curative surgical resection it is recommended that they be fully evaluated regardless of age.,strong
1571,"Physiologic evaluation of the patient with lung cancer being considered for resectional surgery: diagnosis and management of lung cancer, 3rd ed: American College of Chest Physicians evidence-based clinical practice guidelines.",American College of Chest Physicians,"In patients with lung cancer being considered for surgery who have increased perioperative cardiovascular risk, a preoperative cardiologic evaluation is recommended, with further management according to existing cardiologic guidelines for non cardiac surgery.",strong
1572,"Physiologic evaluation of the patient with lung cancer being considered for resectional surgery: diagnosis and management of lung cancer, 3rd ed: American College of Chest Physicians evidence-based clinical practice guidelines.",American College of Chest Physicians,"In patients with lung cancer being considered for surgery, it is recommended that both forced expiratory volume in 1 second (FEV 1 ) and diffusing capacity (D LCO ) be measured in all patients and that both predicted postoperative (PPO) FEV 1 and PPO D LCO are calculated.",strong
1573,"Physiologic evaluation of the patient with lung cancer being considered for resectional surgery: diagnosis and management of lung cancer, 3rd ed: American College of Chest Physicians evidence-based clinical practice guidelines.",American College of Chest Physicians,"In patients with lung cancer being considered for surgery, if both PPO FEV 1 and PPO D LCO are >60% predicted, no further tests are recommended.",strong
1574,"Physiologic evaluation of the patient with lung cancer being considered for resectional surgery: diagnosis and management of lung cancer, 3rd ed: American College of Chest Physicians evidence-based clinical practice guidelines.",American College of Chest Physicians,"In patients with lung cancer being considered for surgery, if either the PPO FEV 1 or PPO D LCO are <60% predicted and both are above 30% predicted, it is recommended that a low technology exercise test (stair climb or shuttle walk test [SWT]) is performed.",strong
1575,"Physiologic evaluation of the patient with lung cancer being considered for resectional surgery: diagnosis and management of lung cancer, 3rd ed: American College of Chest Physicians evidence-based clinical practice guidelines.",American College of Chest Physicians,"In patients with lung cancer being considered for surgery, with either a PPO FEV 1 <30% predicted or a PPO D LCO <30% predicted performance of a formal cardiopulmonary exercise test (CPET) with measurement of maximal oxygen consumption (Vo 2 max) is recommended.",strong
1576,"Physiologic evaluation of the patient with lung cancer being considered for resectional surgery: diagnosis and management of lung cancer, 3rd ed: American College of Chest Physicians evidence-based clinical practice guidelines.",American College of Chest Physicians,"In patients with lung cancer being considered for surgery who walk <25 shuttles (or <400 m) on the SWT or climb <22 m at symptom limited stair climbing test, performance of a formal CPET with measurement of Vo 2 max is recommended",strong
1577,"Physiologic evaluation of the patient with lung cancer being considered for resectional surgery: diagnosis and management of lung cancer, 3rd ed: American College of Chest Physicians evidence-based clinical practice guidelines.",American College of Chest Physicians,"In patients with lung cancer being considered for surgery and a Vo 2 max <10 mL/kg/min or <35% predicted it is recommended that they are counseled about minimally invasive surgery, sublobar resections or nonoperative treatment options for their lung cancer.",strong
1578,"Physiologic evaluation of the patient with lung cancer being considered for resectional surgery: diagnosis and management of lung cancer, 3rd ed: American College of Chest Physicians evidence-based clinical practice guidelines.",American College of Chest Physicians,"In patients with lung cancer being considered for surgery who undergo neoadjuvant therapy, it is suggested that repeat pulmonary function testing with diffusion capacity be performed after completion of neoadjuvant therapy.",weak
1579,"Physiologic evaluation of the patient with lung cancer being considered for resectional surgery: diagnosis and management of lung cancer, 3rd ed: American College of Chest Physicians evidence-based clinical practice guidelines.",American College of Chest Physicians,"In patients with lung cancer in an area of upper lobe emphysema who are candidates for lung volume reduction surgery (LVRS), combined LVRS and lung cancer resection is suggested.",weak
1580,"Physiologic evaluation of the patient with lung cancer being considered for resectional surgery: diagnosis and management of lung cancer, 3rd ed: American College of Chest Physicians evidence-based clinical practice guidelines.",American College of Chest Physicians,"In all patients with lung cancer being considered for surgery who are actively smoking, tobacco dependence treatment is recommended.",strong
1581,"Physiologic evaluation of the patient with lung cancer being considered for resectional surgery: diagnosis and management of lung cancer, 3rd ed: American College of Chest Physicians evidence-based clinical practice guidelines.",American College of Chest Physicians,"In patients with lung cancer being considered for surgery and deemed at high risk (as defined by the proposed functional algorithm, i.e., PPO FEV 1 or PPO D LCO <60% and Vo 2 max <10 mL/kg/min or <35%), preoperative or postoperative pulmonary rehabilitation is recommended.",strong
1582,Chemotherapy and targeted therapy for women with human epidermal growth factor receptor 2–negative (or unknown) advanced breast cancer: American Society of Clinical Oncology clinical practice guideline.,American Society of Clinical Oncology,,strong
1583,Chemotherapy and targeted therapy for women with human epidermal growth factor receptor 2–negative (or unknown) advanced breast cancer: American Society of Clinical Oncology clinical practice guideline.,American Society of Clinical Oncology,,strong
1584,Chemotherapy and targeted therapy for women with human epidermal growth factor receptor 2–negative (or unknown) advanced breast cancer: American Society of Clinical Oncology clinical practice guideline.,American Society of Clinical Oncology,,strong
1585,Chemotherapy and targeted therapy for women with human epidermal growth factor receptor 2–negative (or unknown) advanced breast cancer: American Society of Clinical Oncology clinical practice guideline.,American Society of Clinical Oncology,,moderate
1586,Chemotherapy and targeted therapy for women with human epidermal growth factor receptor 2–negative (or unknown) advanced breast cancer: American Society of Clinical Oncology clinical practice guideline.,American Society of Clinical Oncology,,strong
1587,Chemotherapy and targeted therapy for women with human epidermal growth factor receptor 2–negative (or unknown) advanced breast cancer: American Society of Clinical Oncology clinical practice guideline.,American Society of Clinical Oncology,,strong
1588,Chemotherapy and targeted therapy for women with human epidermal growth factor receptor 2–negative (or unknown) advanced breast cancer: American Society of Clinical Oncology clinical practice guideline.,American Society of Clinical Oncology,,strong
1589,Clinical policy: critical issues in the evaluation and management of adult patients presenting to the emergency department with seizures.,American College of Emergency Physicians,,weak
1590,Clinical policy: critical issues in the evaluation and management of adult patients presenting to the emergency department with seizures.,American College of Emergency Physicians,,weak
1591,Clinical policy: critical issues in the evaluation and management of adult patients presenting to the emergency department with seizures.,American College of Emergency Physicians,,strong
1592,Clinical policy: critical issues in the evaluation and management of adult patients presenting to the emergency department with seizures.,American College of Emergency Physicians,,moderate
1593,Clinical policy: critical issues in the evaluation and management of adult patients presenting to the emergency department with seizures.,American College of Emergency Physicians,,weak
1594,Summary of evidence-based guideline: complementary and alternative medicine in multiple sclerosis. Report of the Guideline Development Subcommittee of the American Academy of Neurology.,American Academy of Neurology,"Clinicians might offer Sativex oromucosal cannabinoid spray (nabiximols), where available, to reduce symptoms of spasticity, pain, or urinary frequency, although it is probably ineffective for improving objective spasticity measures or number of urinary incontinence episodes.",moderate
1595,Summary of evidence-based guideline: complementary and alternative medicine in multiple sclerosis. Report of the Guideline Development Subcommittee of the American Academy of Neurology.,American Academy of Neurology,Clinicians might choose not to offer Sativex oromucosal cannabinoid spray to reduce MS-related tremor.,weak
1598,Summary of evidence-based guideline: complementary and alternative medicine in multiple sclerosis. Report of the Guideline Development Subcommittee of the American Academy of Neurology.,American Academy of Neurology,Clinicians might counsel patients with MS that GB is established as ineffective for improving cognitive function.,strong
1599,Summary of evidence-based guideline: complementary and alternative medicine in multiple sclerosis. Report of the Guideline Development Subcommittee of the American Academy of Neurology.,American Academy of Neurology,Clinicians might counsel patients with MS that GB is possibly effective for reducing fatigue.,weak
1600,Summary of evidence-based guideline: complementary and alternative medicine in multiple sclerosis. Report of the Guideline Development Subcommittee of the American Academy of Neurology.,American Academy of Neurology,"Clinicians might counsel patients that a low-fat diet with fish oil supplementation is probably ineffective for reducing relapses, disability, or magnetic resonance imaging (MRI) lesions, or for improving fatigue or QOL in MS.",moderate
1601,Summary of evidence-based guideline: complementary and alternative medicine in multiple sclerosis. Report of the Guideline Development Subcommittee of the American Academy of Neurology.,American Academy of Neurology,"Clinicians might counsel patients with MS that lofepramine plus L-phenylalanine with vitamin B 12 (Cari Loder regimen) is possibly ineffective for treating disability, symptoms, depression, or fatigue.",weak
1602,Summary of evidence-based guideline: complementary and alternative medicine in multiple sclerosis. Report of the Guideline Development Subcommittee of the American Academy of Neurology.,American Academy of Neurology,Clinicians might counsel patients with MS that reflexology is possibly effective for reducing paresthesia.,weak
1603,Summary of evidence-based guideline: complementary and alternative medicine in multiple sclerosis. Report of the Guideline Development Subcommittee of the American Academy of Neurology.,American Academy of Neurology,"Clinicians might counsel patients with MS that bee sting therapy is possibly ineffective for reducing relapses, disability, fatigue, total MRI lesion burden, new gadolinium-enhancing lesion volume, or health-related quality of life (HRQOL).",weak
1604,Summary of evidence-based guideline: complementary and alternative medicine in multiple sclerosis. Report of the Guideline Development Subcommittee of the American Academy of Neurology.,American Academy of Neurology,Clinicians might counsel patients with MS that magnetic therapy is probably effective for reducing fatigue and probably ineffective for reducing depression.,moderate
1608,"Vitamin, mineral, and multivitamin supplements for the primary prevention of cardiovascular disease and cancer: U.S. Preventive Services Task Force recommendation statement.",U.S. Preventive Services Task Force,The USPSTF recommends against β-carotene or vitamin E supplements for the prevention of cardiovascular disease or cancer.,moderate
1610,Urotrauma: AUA guideline.,"American Urological Association Education and Research, Inc.",1. Clinicians should perform diagnostic imaging with intravenous (IV) contrast enhanced computed tomography (CT) in stable blunt trauma patients with gross hematuria or microscopic hematuria and systolic blood pressure <90 mmHg.,strong
1611,Urotrauma: AUA guideline.,"American Urological Association Education and Research, Inc.","2. Clinicians should perform diagnostic imaging with IV contrast enhanced CT in stable trauma patients with mechanism of injury or physical exam findings concerning for renal injury (e.g., rapid deceleration, significant blow to flank, rib fracture, significant flank ecchymosis, penetrating injury of abdomen, flank, or lower chest).",moderate
1612,Urotrauma: AUA guideline.,"American Urological Association Education and Research, Inc.",3. Clinicians should perform IV contrast enhanced abdominal/pelvic CT with immediate and delayed images when there is suspicion of renal injury.,consensus
1613,Urotrauma: AUA guideline.,"American Urological Association Education and Research, Inc.",4. Clinicians should use non-invasive management strategies in hemodynamically stable patients with renal injury.,strong
1614,Urotrauma: AUA guideline.,"American Urological Association Education and Research, Inc.",5. The surgical team must perform immediate intervention (surgery or angioembolization in selected situations) in hemodynamically unstable patients with no or transient response to resuscitation.,strong
1615,Urotrauma: AUA guideline.,"American Urological Association Education and Research, Inc.",6. Clinicians may initially observe patients with renal parenchymal injury and urinary extravasation.,consensus
1616,Urotrauma: AUA guideline.,"American Urological Association Education and Research, Inc.","7. Clinicians should perform follow-up CT imaging for renal trauma patients having either (a) deep lacerations (American Association for the Surgery of Trauma [AAST] Grade IV-V) or (b) clinical signs of complications (e.g., fever, worsening flank pain, ongoing blood loss, abdominal distention).",moderate
1617,Urotrauma: AUA guideline.,"American Urological Association Education and Research, Inc.",9a. Clinicians should perform IV contrast enhanced abdominal/pelvic CT with delayed imaging (urogram) for stable trauma patients with suspected ureteral injuries.,moderate
1618,Urotrauma: AUA guideline.,"American Urological Association Education and Research, Inc.",9b. Clinicians should directly inspect the ureters during laparotomy in patients with suspected ureteral injury who have not had preoperative imaging.,consensus
1619,Urotrauma: AUA guideline.,"American Urological Association Education and Research, Inc.",10a. Surgeons should repair traumatic ureteral lacerations at the time of laparotomy in stable patients.,moderate
1620,Urotrauma: AUA guideline.,"American Urological Association Education and Research, Inc.",10b. Surgeons may manage ureteral injuries in unstable patients with temporary urinary drainage followed by delayed definitive management.,consensus
1621,Urotrauma: AUA guideline.,"American Urological Association Education and Research, Inc.",10c. Surgeons should manage traumatic ureteral contusions at the time of laparotomy with ureteral stenting or resection and primary repair depending on ureteral viability and clinical scenario.,consensus
1622,Urotrauma: AUA guideline.,"American Urological Association Education and Research, Inc.",11a. Surgeons should attempt ureteral stent placement in patients with incomplete ureteral injuries diagnosed postoperatively or in a delayed setting.,moderate
1623,Urotrauma: AUA guideline.,"American Urological Association Education and Research, Inc.",11b. Surgeons should perform percutaneous nephrostomy with delayed repair as needed in patients when stent placement is unsuccessful or not possible.,moderate
1624,Urotrauma: AUA guideline.,"American Urological Association Education and Research, Inc.","12a. Surgeons should repair ureteral injuries located proximal to the iliac vessels with primary repair over a ureteral stent, when possible.",moderate
1625,Urotrauma: AUA guideline.,"American Urological Association Education and Research, Inc.","12b. Surgeons should repair ureteral injuries located distal to the iliac vessels with ureteral reimplantation or primary repair over a ureteral stent, when possible.",moderate
1626,Urotrauma: AUA guideline.,"American Urological Association Education and Research, Inc.","13a. Surgeons should manage endoscopic ureteral injuries with a ureteral stent and/or percutaneous nephrostomy tube, when possible.",moderate
1627,Urotrauma: AUA guideline.,"American Urological Association Education and Research, Inc.",13b. Surgeons may manage endoscopic ureteral injuries with open repair when endoscopic or percutaneous procedures are not possible or fail to adequately divert the urine.,consensus
1628,Urotrauma: AUA guideline.,"American Urological Association Education and Research, Inc.",14a. Clinicians must perform retrograde cystography (plain film or CT) in stable patients with gross hematuria and pelvic fracture.,strong
1629,Urotrauma: AUA guideline.,"American Urological Association Education and Research, Inc.","14b. Clinicians should perform retrograde cystography in stable patients with gross hematuria and a mechanism concerning for bladder injury, or in those with pelvic ring fractures and clinical indicators of bladder rupture.",moderate
1630,Urotrauma: AUA guideline.,"American Urological Association Education and Research, Inc.",15. Surgeons must perform surgical repair of intraperitoneal bladder rupture in the setting of blunt or penetrating external trauma.,strong
1631,Urotrauma: AUA guideline.,"American Urological Association Education and Research, Inc.",16. Clinicians should perform catheter drainage as treatment for patients with uncomplicated extraperitoneal bladder injuries.,moderate
1632,Urotrauma: AUA guideline.,"American Urological Association Education and Research, Inc.",17. Surgeons should perform surgical repair in patients with complicated extraperitoneal bladder injury.,moderate
1633,Urotrauma: AUA guideline.,"American Urological Association Education and Research, Inc.",18. Clinicians should perform urethral catheter drainage without suprapubic (SP) cystostomy in patients following surgical repair of bladder injuries.,strong
1634,Urotrauma: AUA guideline.,"American Urological Association Education and Research, Inc.",19. Clinicians should perform retrograde urethrography in patients with blood at the urethral meatus after pelvic trauma.,moderate
1635,Urotrauma: AUA guideline.,"American Urological Association Education and Research, Inc.",20. Clinicians should establish prompt urinary drainage in patients with pelvic fracture associated urethral injury.,moderate
1636,Urotrauma: AUA guideline.,"American Urological Association Education and Research, Inc.",21. Surgeons may place suprapubic tubes (SPTs) in patients undergoing open reduction internal fixation (ORIF) for pelvic fracture.,consensus
1637,Urotrauma: AUA guideline.,"American Urological Association Education and Research, Inc.","23. Clinicians should monitor patients for complications (e.g., stricture formation, erectile dysfunction, incontinence) for at least one year following urethral injury.",moderate
1638,Urotrauma: AUA guideline.,"American Urological Association Education and Research, Inc.",24. Surgeons should perform prompt surgical repair in patients with uncomplicated penetrating trauma of the anterior urethra.,consensus
1639,Urotrauma: AUA guideline.,"American Urological Association Education and Research, Inc.",25. Clinicians should establish prompt urinary drainage in patients with straddle injury to the anterior urethra.,moderate
1640,Urotrauma: AUA guideline.,"American Urological Association Education and Research, Inc.","26. Clinicians must suspect penile fracture when a patient presents with penile ecchymosis, swelling, cracking or snapping sound during intercourse or manipulation and immediate detumescence.",strong
1641,Urotrauma: AUA guideline.,"American Urological Association Education and Research, Inc.",27. Surgeons should perform prompt surgical exploration and repair in patients with acute signs and symptoms of penile fracture.,strong
1642,Urotrauma: AUA guideline.,"American Urological Association Education and Research, Inc.",28. Clinicians may perform ultrasound in patients with equivocal signs and symptoms of penile fracture.,consensus
1643,Urotrauma: AUA guideline.,"American Urological Association Education and Research, Inc.","29. Clinicians must perform evaluation for concomitant urethral injury in patients with penile fracture or penetrating trauma who present with blood at the urethral meatus, gross hematuria, or inability to void.",strong
1644,Urotrauma: AUA guideline.,"American Urological Association Education and Research, Inc.",30. Surgeons should perform scrotal exploration and debridement with tunical closure (when possible) or orchiectomy (when non-salvageable) in patients with suspected testicular rupture.,strong
1645,Urotrauma: AUA guideline.,"American Urological Association Education and Research, Inc.","31. Surgeons should perform exploration and limited debridement of non-viable tissue in patients with extensive genital skin loss or injury from infection, shearing injuries, or burns (thermal, chemical, electrical).",strong
1646,Urotrauma: AUA guideline.,"American Urological Association Education and Research, Inc.","32. Surgeons should perform prompt penile replantation in patients with traumatic penile amputation, with the amputated appendage wrapped in saline-soaked gauze, in a plastic bag and placed on ice during transport.",consensus
1647,"A.S.P.E.N. clinical guidelines: parenteral nutrition ordering, order review, compounding, labeling, and dispensing.",American Society for Parenteral and Enteral Nutrition,"The guideline developers suggest providing education to healthcare professionals to improve PN ordering, thereby reducing errors.",weak
1648,"A.S.P.E.N. clinical guidelines: parenteral nutrition ordering, order review, compounding, labeling, and dispensing.",American Society for Parenteral and Enteral Nutrition,"The guideline developers suggest that PN with an osmolarity of up to 900 mOsm/L can be safely infused peripherally. Higher osmolarity limits, especially when peripheral PN is prepared as a total nutrient admixture (TNA), may also be tolerated, but the evidence to support a safe limit is lacking.",weak
1649,"A.S.P.E.N. clinical guidelines: parenteral nutrition ordering, order review, compounding, labeling, and dispensing.",American Society for Parenteral and Enteral Nutrition,The guideline developers recommend an elemental calcium intake of 76 mg/kg per day for short-term PN in neonates.,strong
1650,"A.S.P.E.N. clinical guidelines: parenteral nutrition ordering, order review, compounding, labeling, and dispensing.",American Society for Parenteral and Enteral Nutrition,The guideline developers suggest a Ca:P ratio of 1.7:1 (mg:mg) or 1.3:1 (mmol:mmol) in short-term PN in neonates.,weak
1651,"A.S.P.E.N. clinical guidelines: parenteral nutrition ordering, order review, compounding, labeling, and dispensing.",American Society for Parenteral and Enteral Nutrition,The guideline developers suggest that commercially available premade multichambered PN products be considered as an available option for patients alongside compounded (customized or standardized) PN formulations to best meet an organization's patient needs.,weak
1652,"A.S.P.E.N. clinical guidelines: parenteral nutrition ordering, order review, compounding, labeling, and dispensing.",American Society for Parenteral and Enteral Nutrition,The guideline developers suggest that there is no clinical difference in infectious complications between the two PN delivery systems; 3-in-1 formulations administered in the homecare setting may increase the risk for catheter occlusion and shorten catheter lifespan.,weak
1653,"A.S.P.E.N. clinical guidelines: parenteral nutrition ordering, order review, compounding, labeling, and dispensing.",American Society for Parenteral and Enteral Nutrition,"The guideline developers recommend that total nutrient admixtures maintain final concentrations of amino acid ≥4%, monohydrated dextrose ≥10%, and injectable lipid emulsion ≥2% to be more likely to remain stable for up to 30 hours at room temperature (25°C) or for 9 days refrigerated (5°C) followed by 24 hours at room temperature.",strong
1654,"A.S.P.E.N. clinical guidelines: parenteral nutrition ordering, order review, compounding, labeling, and dispensing.",American Society for Parenteral and Enteral Nutrition,"The guideline developers cannot make a recommendation due to the multiple variations in amino acid concentrations, PN volume, pH, presence or absence of fat emulsion, and the amounts of other minerals (e.g., magnesium). The guideline developers suggest that published graphs for specific products provide adequate guidance; however, no evidence indicates that these formulations remain stable for >24 to 48 hours.",weak
1655,"A.S.P.E.N. clinical guidelines: parenteral nutrition ordering, order review, compounding, labeling, and dispensing.",American Society for Parenteral and Enteral Nutrition,"The guideline developers suggest that, given the level of mineral contamination found in parenteral stock solutions used to compound PN admixtures, practitioners purchase products that accurately describe levels of contamination and also take that exposure into account when recommending or reviewing trace element dosing.",weak
1656,"A.S.P.E.N. clinical guidelines: parenteral nutrition ordering, order review, compounding, labeling, and dispensing.",American Society for Parenteral and Enteral Nutrition,"The guideline developers recommend that non-nutrient medication be included in PN admixtures only when supported by (1) pharmaceutical data describing physicochemical compatibility and stability of (a) the additive medication and (b) the final preparation under conditions of typical use, and (2) clinical data confirming the expected therapeutic actions of the medication. Extrapolation beyond the parameter limits (e.g., products, concentrations) of the given data is discouraged.",strong
1657,"A.S.P.E.N. clinical guidelines: parenteral nutrition ordering, order review, compounding, labeling, and dispensing.",American Society for Parenteral and Enteral Nutrition,The guideline developers suggest that heparin not be included in PN admixtures for reducing the risk of central vein thrombosis in adults.,weak
1658,"A.S.P.E.N. clinical guidelines: parenteral nutrition ordering, order review, compounding, labeling, and dispensing.",American Society for Parenteral and Enteral Nutrition,"The guideline developers recommend against the repackaging of IVFE into syringes for administration to patients. The guideline developers suggest that other methodologies for repackaged IVFE, such as drawn-down IVFE units, are preferable.",strong
1659,Management of chronic kidney disease.,University of Michigan Health System,Laboratory studies needed to diagnose and stage CKD include an assessment of GFR (usually estimated by the Modification in Diet and Renal Disease Study [MDRD] equation) and urine studies for the presence or absence of albuminuria.,strong
1660,Management of chronic kidney disease.,University of Michigan Health System,Ultrasound imaging for structural kidney disease may also be helpful in certain populations.,weak
1661,Management of chronic kidney disease.,University of Michigan Health System,Blockade of the renin angiotensin aldosterone system with either an ACEI or an ARB is the cornerstone of treatment to prevent or decrease the rate of progression to end stage renal disease.,strong
1662,Management of chronic kidney disease.,University of Michigan Health System,"Monitor for other common complications of CKD including: anemia, electrolyte abnormalities, abnormal fluid balance, mineral bone disease, and malnutrition.",strong
1663,Management of chronic kidney disease.,University of Michigan Health System,Avoid nephrotoxic medications to prevent worsening renal function.,strong
1664,Management of chronic kidney disease.,University of Michigan Health System,The timing and frequency of CKD monitoring and follow up depends on disease severity and risk for progression; GFR and albuminuria should be assessed a minimum of once per year. (see Table 16 in the original guideline document),strong
1665,Management of chronic kidney disease.,University of Michigan Health System,Refer CKD stage G4 or G5 (see Table 2 in the original guideline document) to nephrology for co-management and preparation for renal replacement therapy. Consider referral at earlier stage to assist with diagnosis of underlying cause and/or treatment of common complications of CKD.,strong
1666,"Methods for staging non-small cell lung cancer: diagnosis and management of lung cancer, 3rd ed: American College of Chest Physicians evidence-based clinical practice guidelines.",American College of Chest Physicians,"For patients with either a known or suspected lung cancer who are eligible for treatment, a computed tomography (CT) scan of the chest with contrast is recommended.",strong
1667,"Methods for staging non-small cell lung cancer: diagnosis and management of lung cancer, 3rd ed: American College of Chest Physicians evidence-based clinical practice guidelines.",American College of Chest Physicians,"For patients with either a known or suspected lung cancer, it is recommended that a thorough clinical evaluation be performed to provide an initial definition of tumor stage.",strong
1668,"Methods for staging non-small cell lung cancer: diagnosis and management of lung cancer, 3rd ed: American College of Chest Physicians evidence-based clinical practice guidelines.",American College of Chest Physicians,"In patients with either a known or suspected lung cancer who have an abnormal clinical evaluation and no suspicious extrathoracic abnormalities on chest CT, additional imaging for metastases is recommended.",strong
1669,"Methods for staging non-small cell lung cancer: diagnosis and management of lung cancer, 3rd ed: American College of Chest Physicians evidence-based clinical practice guidelines.",American College of Chest Physicians,"In patients with a normal clinical evaluation and no suspicious extrathoracic abnormalities on chest CT being considered for curative-intent treatment, PET imaging (where available) is recommended to evaluate for metastases (except the brain)",strong
1670,"Methods for staging non-small cell lung cancer: diagnosis and management of lung cancer, 3rd ed: American College of Chest Physicians evidence-based clinical practice guidelines.",American College of Chest Physicians,"In patients with an imaging finding (e.g., by PET) suggestive of a metastasis, further evaluation of the abnormality with tissue sampling to pathologically confirm the clinical stage is recommended prior to choosing treatment.",strong
1671,"Methods for staging non-small cell lung cancer: diagnosis and management of lung cancer, 3rd ed: American College of Chest Physicians evidence-based clinical practice guidelines.",American College of Chest Physicians,"In patients with clinical stage III or IV non-small cell lung cancer (NSCLC) it is suggested that routine imaging of the brain with head magnetic resonance imaging (MRI) (or CT if MRI is not available) should be performed, even if they have a negative clinical evaluation.",weak
1672,"Methods for staging non-small cell lung cancer: diagnosis and management of lung cancer, 3rd ed: American College of Chest Physicians evidence-based clinical practice guidelines.",American College of Chest Physicians,"For patients with extensive mediastinal infiltration of tumor and no distant metastases, it is suggested that radiographic (CT) assessment of the mediastinal stage is usually sufficient without invasive confirmation.",weak
1673,"Methods for staging non-small cell lung cancer: diagnosis and management of lung cancer, 3rd ed: American College of Chest Physicians evidence-based clinical practice guidelines.",American College of Chest Physicians,"In patients with discrete mediastinal lymph node enlargement (and no distant metastases) with or without PET uptake in mediastinal nodes, invasive staging of the mediastinum is recommended over staging by imaging alone.",strong
1674,"Methods for staging non-small cell lung cancer: diagnosis and management of lung cancer, 3rd ed: American College of Chest Physicians evidence-based clinical practice guidelines.",American College of Chest Physicians,"In patients with PET activity in a mediastinal lymph node and normal appearing nodes by CT (and no distant metastases), invasive staging of the mediastinum is recommended over staging by imaging alone.",strong
1675,"Methods for staging non-small cell lung cancer: diagnosis and management of lung cancer, 3rd ed: American College of Chest Physicians evidence-based clinical practice guidelines.",American College of Chest Physicians,"In patients with high suspicion of N2,3 involvement, either by discrete mediastinal lymph node enlargement or PET uptake (and no distant metastases), a needle technique (endobronchial ultrasound-needle aspiration [EBUS-NA], endoscopic ultrasound-needle aspiration [EUS-NA] or combined EBUS/EUS-NA) is recommended over surgical staging as a best first test.",strong
1676,"Methods for staging non-small cell lung cancer: diagnosis and management of lung cancer, 3rd ed: American College of Chest Physicians evidence-based clinical practice guidelines.",American College of Chest Physicians,"In patients with an intermediate suspicion of N2,3 involvement, i.e., a radiographically normal mediastinum (by CT and PET) and a central tumor or N1 lymph node enlargement (and no distant metastases), invasive staging of the mediastinum is recommended over staging by imaging alone.",strong
1677,"Methods for staging non-small cell lung cancer: diagnosis and management of lung cancer, 3rd ed: American College of Chest Physicians evidence-based clinical practice guidelines.",American College of Chest Physicians,"In patients with an intermediate suspicion of N2,3 involvement, i.e., a radiographically normal mediastinum (by CT and PET) and a central tumor or N1 lymph node enlargement (and no distant metastases), a needle technique (EBUS-NA, EUS-NA, or combined EBUS/EUS-NA) is suggested over surgical staging as a best first test.",weak
1678,"Methods for staging non-small cell lung cancer: diagnosis and management of lung cancer, 3rd ed: American College of Chest Physicians evidence-based clinical practice guidelines.",American College of Chest Physicians,"For patients with a peripheral clinical stage IA tumor (negative nodal involvement by CT and PET), it is suggested that invasive preoperative evaluation of the mediastinal nodes is not required.",weak
1679,"Methods for staging non-small cell lung cancer: diagnosis and management of lung cancer, 3rd ed: American College of Chest Physicians evidence-based clinical practice guidelines.",American College of Chest Physicians,"For the patients with a LUL cancer in whom invasive mediastinal staging is indicated as defined by the previous recommendations, it is suggested that invasive assessment of the aortopulmonary window (APW) nodes be performed (via Chamberlain, VATS, or extended cervical mediastinoscopy) if other mediastinal node stations are found to be uninvolved.",weak
1681,"Palliative and end-of-life care in lung cancer: diagnosis and management of lung cancer, 3rd ed: American College of Chest Physicians evidence-based clinical practice guidelines.",American College of Chest Physicians,"For patients with stage IV lung cancer and/or a high symptom burden, it is suggested that palliative care combined with standard oncology care be introduced early in the treatment course.",weak
1682,"Palliative and end-of-life care in lung cancer: diagnosis and management of lung cancer, 3rd ed: American College of Chest Physicians evidence-based clinical practice guidelines.",American College of Chest Physicians,"It is recommended that all physicians caring for patients with lung cancer should begin conversations about the patient's prognosis and goals of care at the time of the diagnosis, and continue these throughout the course of the illness.",strong
1683,"Palliative and end-of-life care in lung cancer: diagnosis and management of lung cancer, 3rd ed: American College of Chest Physicians evidence-based clinical practice guidelines.",American College of Chest Physicians,"It is recommended that all physicians caring for patients with advanced lung cancer should initiate conversations about the goals of care, the pros and cons of life-sustaining treatment and end-of-life care options.",strong
1684,Practice parameter for the assessment and treatment of children and adolescents with autism spectrum disorder.,American Academy of Child and Adolescent Psychiatry,Recommendation 1. The developmental assessment of young children and the psychiatric assessment of all children should routinely include questions about autism spectrum disorder (ASD) symptomatology.,strong
1685,Practice parameter for the assessment and treatment of children and adolescents with autism spectrum disorder.,American Academy of Child and Adolescent Psychiatry,"Recommendation 2. If the screening indicates significant ASD symptomatology, a thorough diagnostic evaluation should be performed to determine the presence of ASD.",strong
1686,Practice parameter for the assessment and treatment of children and adolescents with autism spectrum disorder.,American Academy of Child and Adolescent Psychiatry,Recommendation 3. Clinicians should coordinate an appropriate multidisciplinary assessment of children with ASD.,strong
1687,Practice parameter for the assessment and treatment of children and adolescents with autism spectrum disorder.,American Academy of Child and Adolescent Psychiatry,"Recommendation 4. The clinician should help the family obtain appropriate, evidence-based, and structured educational and behavioral interventions for children with ASD.",strong
1688,Practice parameter for the assessment and treatment of children and adolescents with autism spectrum disorder.,American Academy of Child and Adolescent Psychiatry,Recommendation 5. Pharmacotherapy may be offered to children with ASD when there is a specific target symptom or comorbid condition.,moderate
1689,Practice parameter for the assessment and treatment of children and adolescents with autism spectrum disorder.,American Academy of Child and Adolescent Psychiatry,Recommendation 6. The clinician should maintain an active role in long-term treatment planning and family support and support of the individual.,moderate
1690,Practice parameter for the assessment and treatment of children and adolescents with autism spectrum disorder.,American Academy of Child and Adolescent Psychiatry,Recommendation 7. Clinicians should specifically inquire about the use of alternative/complementary treatments and be prepared to discuss their risk and potential benefits.,strong
1691,Clinical guideline for the treatment of primary insomnia in middle-aged and older adults.,"University of Texas at Austin School of Nursing, Family Nurse Practitioner Program","Sleep hygiene is broadly defined as universal sleep-promoting behaviors or practices. Patients are educated on behaviors to avoid (i.e., alcohol, caffeine, daytime napping, bright light before bedtime) and the creation of a sleep-conducive environment (i.e. consistent bedtime routine, bed for sleep/sex only). Sleep hygiene is recommended as an initial intervention for all adults with insomnia. However, research does not support its success as a sole line of treatment. Greatest benefit is obtained when sleep hygiene is used as an adjunct therapy (Lichstein & Morin, 2000; Nau et al., 2005; Petit et al., 2003; Roszkowska & Geraci, 2010; Woodward, 2012).",moderate
1692,Clinical guideline for the treatment of primary insomnia in middle-aged and older adults.,"University of Texas at Austin School of Nursing, Family Nurse Practitioner Program","Cognitive Behavioral Therapy (CBT) is recommended for first-line treatment of primary insomnia in older adults. Research supports that CBT is moderately effective in the treatment of primary insomnia. Studies have shown that older adults already taking hypnotic medications for chronic insomnia experience improvements in sleep quality when CBT is added to the treatment plan. Common components of CBT are Stimulus Control Therapy (SCT) and Sleep Restriction Therapy (SRT). Evidence suggests that the combination of the two therapies is more effective than SCT or SRT alone. (Belanger, LeBlanc, & Marin, 2012; Bloom et al., 2009; Creti et al., 2005; Epstein et al., 2012; Fetveit, 2009; Irwin, Cole, & Nicassio, 2006; Morin & Benca, 2012; Nau et al., 2005; Soeffing et al., 2008)",moderate
1693,Clinical guideline for the treatment of primary insomnia in middle-aged and older adults.,"University of Texas at Austin School of Nursing, Family Nurse Practitioner Program","Ramelteon is recommended for both short- and long-term treatment of primary insomnia in older adults, especially when there is concern of abuse or dependence. Research has shown it to be effective in reducing time to sleep onset. Additionally, evidence shows decreased risk of adverse events that are often associated with hypnotic drugs. (Fetveit, 2009; Mini, Wang-Weigand, & Zhang, 2007; Richardson et al., 2009; Roehrs & Roth, 2012; Roth et al., 2006; Shimazaki & Martin, 2007; Zammit et al., 2009)",moderate
1694,Clinical guideline for the treatment of primary insomnia in middle-aged and older adults.,"University of Texas at Austin School of Nursing, Family Nurse Practitioner Program","Low-dose doxepin (1-6 mg) may be used for the treatment of primary insomnia in adults ages 45 to 64 years. Low-dose doxepin (1 mg or 3 mg) may be used for the treatment of primary insomnia in older adults. This recommendation is supported by the 2012 AGS Beers Criteria for Potentially Inappropriate Medications Use in Older Adults . Low-dose doxepin has few of the anticholinergic side effects of other tricyclic antidepressants and has been shown to be effective and well tolerated. (Krystal et al., 2010; Roth et al., 2007)",weak
1695,Clinical guideline for the treatment of primary insomnia in middle-aged and older adults.,"University of Texas at Austin School of Nursing, Family Nurse Practitioner Program","Use of non-benzodiazepine hypnotics, specifically eszopiclone, zolpidem and zaleplon, should be limited to short-term use and used only on a case-by-case basis in the adult and older adult population. This recommendation is supported by the 2012 AGS Beers Criteria for Potentially Inappropriate Medications Use in Older Adults . Past medical history, social history and benefits versus risks should be evaluated prior to prescribing. (Ancoli-Israel et al., 2010; Boyle et al., 2009; Brandt & Piechocki, 2013; McCrae et al., 2007)",weak
1696,Clinical guideline for the treatment of primary insomnia in middle-aged and older adults.,"University of Texas at Austin School of Nursing, Family Nurse Practitioner Program","There is limited evidence-based data on the use of mirtazapine as treatment for primary insomnia. However, for patients with co-morbid depression and certain select populations, such as patients with cancer, it has been shown to be an effective treatment. Given the frequent side effects of increased appetite and body weight gain, it could be especially useful for elderly patients with insomnia who are also experiencing unintentional weight loss. (Bain, 2006; Roth, McCall, & Ligouri, 2011; Tariq & Pulisetty, 2008; Wiegand, 2008)",weak
1697,Clinical guideline for the treatment of primary insomnia in middle-aged and older adults.,"University of Texas at Austin School of Nursing, Family Nurse Practitioner Program","Despite a lack of evidence-based research, trazodone is one of the most widely prescribed medications for management of insomnia. This is likely owing to its sedating qualities, limited anticholinergic properties, and limited potential for addiction and tolerance. However, there have been no long-term studies of trazodone for the treatment of primary insomnia. Short-term studies (six weeks or less) have shown that when prescribed in low doses, it improves both sleep onset and duration without risk of addiction. Potential adverse side effects that should be considered for older adults include excessive daytime sleepiness, dizziness, headaches, and psychomotor impairment. The more rare side effect of priapism has been seen in select populations and should be evaluated when prescribing for men. (Bain, 2006; Bossini et al., 2012; Kamel & Gammack, 2006; Ringdahl, Pereira, & Delzell, 2004; Roth, McCall, & Liguori, 2011; Tariq & Pulisetty, 2008; Wiegand, 2008)",weak
1698,Clinical guideline for the treatment of primary insomnia in middle-aged and older adults.,"University of Texas at Austin School of Nursing, Family Nurse Practitioner Program","Antihistamines are not recommended due to a lack of proven efficacy as well as a potential for significant adverse side effects including confusion, urinary retention, and other anticholinergic effects. (Bain, 2006; Tariq & Pulisetty, 2008)",moderate
1699,Clinical guideline for the treatment of primary insomnia in middle-aged and older adults.,"University of Texas at Austin School of Nursing, Family Nurse Practitioner Program","Short-, intermediate-, and long-acting benzodiazepines are not recommended for treatment of primary insomnia in adults. The risks of an adverse event such as cognitive impairment, falls, delirium, or fractures generally do not outweigh the benefits. (Buscemi et al., 2007; Glass et al., 2005)",moderate
1700,Clinical guideline for the treatment of primary insomnia in middle-aged and older adults.,"University of Texas at Austin School of Nursing, Family Nurse Practitioner Program","With the exception of low-dose doxepin, tricyclic antidepressants are not recommended for primary insomnia due to a lack of evidence and well-designed studies. Tricyclic agents can have significant side effects including orthostasis, cardiac arrhythmias, and anticholinergic side effects. (Bain, 2006; Roehrs & Roth, 2012; Schneider, 2002)",moderate
1703,Clinical guideline for the treatment of primary insomnia in middle-aged and older adults.,"University of Texas at Austin School of Nursing, Family Nurse Practitioner Program","Exercise can be recommended as a complementary approach to existing therapy as it is low cost, generally safe, and may enhance sleep and quality of life. Timing of exercise is considered important and should be avoided within 2 hours of bedtime. Advise using professional judgment to determine appropriate select patients. (Lichstein & Morin, 2000; Montgomery & Dennis, 2009; Passos et al., 2012; Yang et al., 2012)",weak
1704,Clinical guideline for the treatment of primary insomnia in middle-aged and older adults.,"University of Texas at Austin School of Nursing, Family Nurse Practitioner Program","Tai chi can be recommended as a non-pharmacological approach to sleep enhancement for sleep-disturbed elderly individuals. Advise choosing appropriate individuals with professional judgment. (Li et al., 2004)",weak
1710,Guidelines on the diagnosis and management of Waldenström macroglobulinaemia.,British Committee for Standards in Haematology,"Although there is emerging evidence for familial clustering in Waldenström macroglobulinaemia (WM), the absolute level of risk for first-degree relatives remains low and, in the absence of obvious clinical need, systematic screening of family members is not indicated.",strong
1711,Guidelines on the diagnosis and management of Waldenström macroglobulinaemia.,British Committee for Standards in Haematology,Sequential monitoring of immunoglobulin M (IgM) should be performed in a single laboratory using a single methodology.,strong
1712,Guidelines on the diagnosis and management of Waldenström macroglobulinaemia.,British Committee for Standards in Haematology,The value of serum free light chain (SFLC) and Hevylite™ chain (HLC) assays have not been established and are not essential for the routine assessment of WM patients.,weak
1713,Guidelines on the diagnosis and management of Waldenström macroglobulinaemia.,British Committee for Standards in Haematology,Anti-myelin-associated glycoprotein (MAG) serology and nerve conduction studies are recommended in patients with symptomatic peripheral neuropathy.,strong
1714,Guidelines on the diagnosis and management of Waldenström macroglobulinaemia.,British Committee for Standards in Haematology,Screening for hepatitis B virus (HBV) and hepatitis C virus (HCV) is required prior to the introduction of rituximab-containing treatments.,strong
1715,Guidelines on the diagnosis and management of Waldenström macroglobulinaemia.,British Committee for Standards in Haematology,Bone marrow aspirate and trephine biopsy assessment along with appropriate immunophenotypic studies are required for a definitive diagnosis of WM.,strong
1716,Guidelines on the diagnosis and management of Waldenström macroglobulinaemia.,British Committee for Standards in Haematology,"In accordance with national guidance on diagnosis in haematological malignancies, all cases should be subject to formal central review.",strong
1717,Guidelines on the diagnosis and management of Waldenström macroglobulinaemia.,British Committee for Standards in Haematology,Cytogenetic analysis is not required for the routine diagnostic assessment of WM patients.,strong
1718,Guidelines on the diagnosis and management of Waldenström macroglobulinaemia.,British Committee for Standards in Haematology,"Further evaluation of the prognostic significance of del (6q) and deletion of TP53 are required, ideally in the context of prospective clinical trials.",weak
1719,Guidelines on the diagnosis and management of Waldenström macroglobulinaemia.,British Committee for Standards in Haematology,"Baseline computed tomography (CT) scans (chest, abdomen, pelvis) are recommended in all symptomatic patients prior to the commencement of chemotherapy.",strong
1720,Guidelines on the diagnosis and management of Waldenström macroglobulinaemia.,British Committee for Standards in Haematology,The value of fluoro-deoxyglucose positron emission tomography (FDG-PET) remains to be determined and is not recommended outside a clinical trial.,weak
1721,Guidelines on the diagnosis and management of Waldenström macroglobulinaemia.,British Committee for Standards in Haematology,Tissue biopsy is recommended in all patients with suspected histological transformation. Detailed pathological assessment should include assessment of Epstein-Barr virus (EBV) by immunohistochemistry and/or in situ hybridization.,strong
1722,Guidelines on the diagnosis and management of Waldenström macroglobulinaemia.,British Committee for Standards in Haematology,Treatment responses should be defined using the uniform response criteria.,strong
1723,Guidelines on the diagnosis and management of Waldenström macroglobulinaemia.,British Committee for Standards in Haematology,Assessment of SFLC and HLC are not routinely required in the assessment of response.,weak
1724,Guidelines on the diagnosis and management of Waldenström macroglobulinaemia.,British Committee for Standards in Haematology,Repeat bone marrow aspirate and trephine biopsies are encouraged to refine response assessment in individual patients.,strong
1725,Guidelines on the diagnosis and management of Waldenström macroglobulinaemia.,British Committee for Standards in Haematology,Rituximab + cyclophosphamide + doxorubicin + vincristine + prednisolone (CHOP-R) should not be used as primary therapy in WM.,strong
1726,Guidelines on the diagnosis and management of Waldenström macroglobulinaemia.,British Committee for Standards in Haematology,Chlorambucil remains suitable therapy in elderly frail patients.,strong
1727,Guidelines on the diagnosis and management of Waldenström macroglobulinaemia.,British Committee for Standards in Haematology,The use of bortezomib is not routinely recommended as primary therapy outside the context of a clinical trial.,weak
1728,Guidelines on the diagnosis and management of Waldenström macroglobulinaemia.,British Committee for Standards in Haematology,There is insufficient evidence to support the use of maintenance rituximab.,weak
1729,Guidelines on the diagnosis and management of Waldenström macroglobulinaemia.,British Committee for Standards in Haematology,Repeat bone marrow aspirate and trephine assessment and CT scanning should be performed prior to the reintroduction of treatment.,strong
1730,Guidelines on the diagnosis and management of Waldenström macroglobulinaemia.,British Committee for Standards in Haematology,Patients who remain asymptomatic despite serological evidence of progression can be observed until clinical symptoms occur.,strong
1731,Guidelines on the diagnosis and management of Waldenström macroglobulinaemia.,British Committee for Standards in Haematology,"Patients should receive a rituximab-containing regimen if CD20 is expressed. Appropriate regimens include FR, FCR, Clad-R, BR and DRC. The choice of regimen in individual patients will take into consideration performance status, clinical features including renal function, co-morbidities and potential candidacy for SCT.",strong
1732,Guidelines on the diagnosis and management of Waldenström macroglobulinaemia.,British Committee for Standards in Haematology,Retreatment with primary therapy may be appropriate in some patients.,strong
1733,Guidelines on the diagnosis and management of Waldenström macroglobulinaemia.,British Committee for Standards in Haematology,"Bortezomib-containing regimens are suitable in the relapse setting. Weekly regimens are preferable, given the neurological toxicity associated with the biweekly schedules. Prophylaxis against herpes zoster virus (HZV) reactivation is recommended.",strong
1734,Guidelines on the diagnosis and management of Waldenström macroglobulinaemia.,British Committee for Standards in Haematology,Alemtuzumab is a potential option in refractory disease. Surveillance for cytomegalovirus (CMV) reactivation is recommended.,strong
1735,Guidelines on the diagnosis and management of Waldenström macroglobulinaemia.,British Committee for Standards in Haematology,A diagnosis of transformation requires histological confirmation.,strong
1736,Guidelines on the diagnosis and management of Waldenström macroglobulinaemia.,British Committee for Standards in Haematology,Patients who are suitable for intensive therapy should receive regimens currently employed for primary diffuse large B-cell lymphoma (DLBCL).,strong
1737,Guidelines on the diagnosis and management of Waldenström macroglobulinaemia.,British Committee for Standards in Haematology,Younger responding patients are candidates for an SCT procedure and should be discussed with a transplant centre.,weak
1738,Guidelines on the diagnosis and management of Waldenström macroglobulinaemia.,British Committee for Standards in Haematology,"Autologous SCT is a feasible therapeutic option for relapsed WM in younger, fitter patients with aggressive disease (short progression-free survival [PFS], histological transformation).",weak
1739,Guidelines on the diagnosis and management of Waldenström macroglobulinaemia.,British Committee for Standards in Haematology,"Allogeneic SCT may be considered in selected younger patients with relapsed WM and aggressive clinical course (short PFS, histological transformation).",weak
1740,Guidelines on the diagnosis and management of Waldenström macroglobulinaemia.,British Committee for Standards in Haematology,Autologous and allogeneic SCT should only be performed in the setting of chemosensitive disease and at least a partial response (PR) to reinduction therapy.,strong
1741,Guidelines on the diagnosis and management of Waldenström macroglobulinaemia.,British Committee for Standards in Haematology,"Plasma exchange is recommended for all patients with HVS, irrespective of PV.",strong
1742,Guidelines on the diagnosis and management of Waldenström macroglobulinaemia.,British Committee for Standards in Haematology,"As per previous guidance, 1–2 procedures, exchanging 1–1.5 calculated plasma volumes, is advised.",strong
1743,Guidelines on the diagnosis and management of Waldenström macroglobulinaemia.,British Committee for Standards in Haematology,"Plasma exchange may be indicated in certain asymptomatic individuals, depending on the clinical circumstances, recorded plasma viscosities and co-morbidities.",weak
1744,Guidelines on the diagnosis and management of Waldenström macroglobulinaemia.,British Committee for Standards in Haematology,Neurological examination should be performed in all patients with an IgM paraprotein.,strong
1745,Guidelines on the diagnosis and management of Waldenström macroglobulinaemia.,British Committee for Standards in Haematology,Collaborative working with a neurologist is encouraged. Anti-MAG serology and nerve conduction studies are recommended in patients with symptomatic peripheral neuropathy.,strong
1746,Guidelines on the diagnosis and management of Waldenström macroglobulinaemia.,British Committee for Standards in Haematology,Chemotherapeutic intervention should be considered in those patients with disabling or rapidly progressive anti-MAG neuropathy.,strong
1747,Guidelines on the diagnosis and management of Waldenström macroglobulinaemia.,British Committee for Standards in Haematology,"If chemotherapy is considered appropriate, a rituximab-containing regimen is appropriate with the final choice of regimen being determined by factors such as performance status, co-morbidities and renal function.",strong
1748,Guidelines on the diagnosis and management of Waldenström macroglobulinaemia.,British Committee for Standards in Haematology,Rituximab-based therapy is recommended for patients with symptomatic CHAD. The addition of fludarabine should be considered for patients with adequate performance status and renal function.,strong
1749,Guidelines on the diagnosis and management of Waldenström macroglobulinaemia.,British Committee for Standards in Haematology,"Cryoglobulinaemia should be considered in patients with IgM monoclonal gammopathy and unexplained purpura, arthralgia, haematuria or peripheral neuropathy.",strong
1750,Guidelines on the diagnosis and management of Waldenström macroglobulinaemia.,British Committee for Standards in Haematology,Patients with cryoglobulinaemia should be screened for HCV infection.,strong
1751,Guidelines on the diagnosis and management of Waldenström macroglobulinaemia.,British Committee for Standards in Haematology,Patients with symptomatic cryoglobulinaemia may be treated with corticosteroids and rituximab.,strong
1752,Guidelines on the diagnosis and management of Waldenström macroglobulinaemia.,British Committee for Standards in Haematology,Patients with symptomatic cryoglobulinaemia and overt WM can be treated with standard therapies.,strong
1753,Guidelines on the diagnosis and management of Waldenström macroglobulinaemia.,British Committee for Standards in Haematology,Antimicrobial prophylaxis should be considered for patients with hypogammaglobulinaemia who develop recurrent bacterial infections>,strong
1754,Guidelines on the diagnosis and management of Waldenström macroglobulinaemia.,British Committee for Standards in Haematology,Immunoglobulin replacement therapy should be according to the United Kingdom (UK) Department of Health clinical guidelines.,strong
1755,Guidelines on the diagnosis and management of Waldenström macroglobulinaemia.,British Committee for Standards in Haematology,Anti- Pneumocystis jirovecii prophylaxis is recommended in patients requiring intensive and/or immunosuppressive treatment.,strong
1756,Guidelines on the diagnosis and management of Waldenström macroglobulinaemia.,British Committee for Standards in Haematology,"Anti-herpes simplex virus (HSV) and -HZV prophylaxis is recommended in patients requiring intensive, immunosuppressive or bortezomib-based therapy.",strong
1757,Guidelines on the diagnosis and management of Waldenström macroglobulinaemia.,British Committee for Standards in Haematology,Pneumocystis and herpes prophylaxis is not routinely required in patients treated with alkylating agents or bendamustine.,weak
1758,Guidelines on the diagnosis and management of Waldenström macroglobulinaemia.,British Committee for Standards in Haematology,The duration of anti-pneumocystis and herpes prophylaxis is controversial. Recommendations range from a minimum of 2 months post-therapy to awaiting a rise in CD4 count to 0.2 x 10 9 /l.,weak
1759,Guidelines on the diagnosis and management of Waldenström macroglobulinaemia.,British Committee for Standards in Haematology,Vaccination against Streptococcus pneumoniae (using a conjugate vaccine) and Haemophilus influenzae type B (HIB) is encouraged at diagnosis although there is a lack of randomized trials to support vaccination. Patients who respond to vaccination and subsequently develop recurrent bacterial infections should be revaccinated if S. pneumoniae and HIB antibody levels have fallen.,strong
1760,Guidelines on the diagnosis and management of Waldenström macroglobulinaemia.,British Committee for Standards in Haematology,Annual vaccination against seasonal influenza including novel strains is recommended.,strong
1761,Guidelines on the diagnosis and management of Waldenström macroglobulinaemia.,British Committee for Standards in Haematology,"Live vaccines, such as polio, herpes zoster and yellow fever, should be avoided.",strong
1762,Guidelines on the diagnosis and management of Waldenström macroglobulinaemia.,British Committee for Standards in Haematology,"Vaccinations should be avoided, if possible, 2 weeks prior to, during and for 6 months after chemo-immunotherapy.",strong
1763,Nonsurgical management of urinary incontinence in women: a clinical practice guideline from the American College of Physicians.,American College of Physicians,Recommendation 1 : The American College of Physicians (ACP) recommends first-line treatment with pelvic floor muscle training (PFMT) in women with stress urinary incontinence (UI).,strong
1764,Nonsurgical management of urinary incontinence in women: a clinical practice guideline from the American College of Physicians.,American College of Physicians,Recommendation 2 : ACP recommends bladder training in women with urgency UI.,strong
1765,Nonsurgical management of urinary incontinence in women: a clinical practice guideline from the American College of Physicians.,American College of Physicians,Recommendation 3 : ACP recommends PFMT with bladder training in women with mixed UI.,strong
1766,Nonsurgical management of urinary incontinence in women: a clinical practice guideline from the American College of Physicians.,American College of Physicians,Recommendation 4 : ACP recommends against treatment with systemic pharmacologic therapy for stress UI.,strong
1767,Nonsurgical management of urinary incontinence in women: a clinical practice guideline from the American College of Physicians.,American College of Physicians,"Recommendation 5 : ACP recommends pharmacologic treatment in women with urgency UI if bladder training was unsuccessful. Clinicians should base the choice of pharmacologic agents on tolerability, adverse effect profile, ease of use, and cost of medication.",strong
1768,Nonsurgical management of urinary incontinence in women: a clinical practice guideline from the American College of Physicians.,American College of Physicians,Recommendation 6 : ACP recommends weight loss and exercise for obese women with UI.,strong
1769,Progestogen-only implants,Faculty of Sexual and Reproductive Healthcare,Health professionals should be familiar with the most up to date UK Medical Eligibility Criteria for the progestogen-only implant.,consensus
1770,Progestogen-only implants,Faculty of Sexual and Reproductive Healthcare,"If an implant is replaced immediately, and after no longer than 3 years since insertion, there is no need for additional contraceptive precautions after replacement.",weak
1771,Progestogen-only implants,Faculty of Sexual and Reproductive Healthcare,The progestogen-only implant may help to alleviate dysmenorrhoea.,weak
1772,Progestogen-only implants,Faculty of Sexual and Reproductive Healthcare,"There is little or no increased risk of venous thromboembolism, stroke or myocardial infarction associated with the use of the progestogen-only implant.",weak
1773,Progestogen-only implants,Faculty of Sexual and Reproductive Healthcare,There is no evidence of a clinically significant adverse effect on bone mineral density with use of a progestogen-only implant.,moderate
1774,Progestogen-only implants,Faculty of Sexual and Reproductive Healthcare,Fewer than one-quarter of women using the progestogen-only implant will have regular bleeds. Infrequent bleeding is the most common pattern (approximately one-third); around one-fifth of women experience no bleeding; and approximately one-quarter have prolonged or frequent bleeding. Altered bleeding patterns are likely to remain irregular.,weak
1775,Progestogen-only implants,Faculty of Sexual and Reproductive Healthcare,"Although some women do report changes in weight, mood and libido when using the progestogen-only implant, there is no evidence of a causal association.",weak
1776,Progestogen-only implants,Faculty of Sexual and Reproductive Healthcare,"Women may experience improvement, worsening or new onset of acne during use of a progestogen-only implant.",weak
1777,Progestogen-only implants,Faculty of Sexual and Reproductive Healthcare,"Although some women report headache with use of the progestogen-only implant, there is no evidence of a causal association.",weak
1778,Progestogen-only implants,Faculty of Sexual and Reproductive Healthcare,"Health professionals who insert and/or remove progestogen-only implants should be appropriately trained, maintain competence and attend regular updates.",weak
1779,Progestogen-only implants,Faculty of Sexual and Reproductive Healthcare,Appropriate local anaesthesia should be administered prior to insertion and removal of a progestogen-only implant.,consensus
1780,Progestogen-only implants,Faculty of Sexual and Reproductive Healthcare,"There is no need for additional precautions or abstinence prior to removal of a progestogen-only implant, providing the removal occurs no later than 3 years after insertion.",weak
1781,Progestogen-only implants,Faculty of Sexual and Reproductive Healthcare,"After removal of a progestogen-only implant, effective contraception is required immediately if pregnancy is not desired.",moderate
1782,Progestogen-only implants,Faculty of Sexual and Reproductive Healthcare,"Women using progestogen-only implants should be advised that no routine follow-up is required, but that they can return at any time to discuss problems or change their contraceptive method.",consensus
1783,Progestogen-only implants,Faculty of Sexual and Reproductive Healthcare,Women using a progestogen-only implant should be advised to return if: they cannot feel their implant or if it appears to have changed shape; they notice any skin changes or pain around the site of the implant; they become pregnant; or they develop any condition that may contraindicate continuation of the method.,consensus
1784,Progestogen-only implants,Faculty of Sexual and Reproductive Healthcare,Concomitant use of enzyme-inducing drugs may reduce the efficacy of the progestogen-only implant. Women should be advised to switch to a method unaffected by enzyme-inducing drugs or to use additional contraception until 28 days after stopping the treatment.,weak
1785,Progestogen-only implants,Faculty of Sexual and Reproductive Healthcare,Obesity (body mass index [BMI] >30kg/m 2 ) is a condition for which there is no restriction on the use of the progestogen-only implant (UK Medical Eligibility Criteria for Contraceptive Use 1).,weak
1786,Progestogen-only implants,Faculty of Sexual and Reproductive Healthcare,"No increased risk of pregnancy has been demonstrated in women weighing up to 149 kg. However, because of the inverse relationship between weight and serum etonogestrel levels, a reduction in the duration of contraceptive efficacy cannot be completely excluded.",weak
1787,Progestogen-only implants,Faculty of Sexual and Reproductive Healthcare,"Women using the progestogen-only implant should be informed, where relevant, that the manufacturer states that earlier replacement can be considered in 'heavier' women but that there is no direct evidence to support earlier replacement.",consensus
1788,Progestogen-only implants,Faculty of Sexual and Reproductive Healthcare,The consistent and correct use of condoms is the most efficient means of protecting against human immunodeficiency virus (HIV) and other sexually transmitted infections.,moderate
1789,Progestogen-only implants,Faculty of Sexual and Reproductive Healthcare,A woman with an impalpable implant should be advised to use additional precautions or avoid intercourse until the presence of an implant is confirmed.,consensus
1790,Progestogen-only implants,Faculty of Sexual and Reproductive Healthcare,The location of an impalpable or deep implant should be identified before exploratory surgery. Referral to an expert implant removal centre is recommended. The location of an impalpable or deep implant should be identified before exploratory surgery. Referral to an expert implant removal centre is recommended.,consensus
1791,Progestogen-only implants,Faculty of Sexual and Reproductive Healthcare,"After exclusion of other causes, women who experience troublesome bleeding while using the progestogen-only implant, and who are eligible to use combined hormonal contraception, may be offered combined oral contraception (COC) cyclically or continuously for 3 months (outside product licence). Longer-term use of the implant and COC has not been studied and is a matter of clinical judgement.",consensus
1792,Progestogen-only implants,Faculty of Sexual and Reproductive Healthcare,The progestogen-only implant is not known to be harmful in pregnancy but women with a continuing pregnancy should be advised to have the implant removed. Women may retain the implant if they wish to continue the method after a non-continuing pregnancy.,weak
1793,British Association of Dermatologists' guidelines for the management of squamous cell carcinoma in situ (Bowen's disease) 2014.,British Association of Dermatologists,"No Treatment In some patients with slowly progressive thin lesions, especially on the lower leg of elderly patients where healing is poor, there is an argument for observation rather than intervention. In these cases use of an emollient (especially one containing urea) can reduce the scaling and make it less obvious (see Appendix 1 in the original guideline document).",weak
1794,British Association of Dermatologists' guidelines for the management of squamous cell carcinoma in situ (Bowen's disease) 2014.,British Association of Dermatologists,"5-Fluorouracil (5-FU) Topically applied 5-FU is a well-recognized treatment option for SCC in situ and is commercially available in the U.K. as a 5% cream. Many of the original studies were performed using different concentrations and various regimens. The typical regimen in current clinical use is once- or twice-daily application for 3 to 4 weeks, repeated if required.",moderate
1795,British Association of Dermatologists' guidelines for the management of squamous cell carcinoma in situ (Bowen's disease) 2014.,British Association of Dermatologists,"Imiquimod Imiquimod stimulates both the innate and acquired immune systems, resulting in antitumour and antiviral activity. It is available as a topical 5% cream and has been used to treat SCC in situ , although its licence in the U.K. is only for superficial basal cell carcinoma (BCC), actinic keratoses and genital warts. It is generally well tolerated, but it does cause significant erythema and crusting, so appropriate counselling needs to be given prior to treatment.",moderate
1796,British Association of Dermatologists' guidelines for the management of squamous cell carcinoma in situ (Bowen's disease) 2014.,British Association of Dermatologists,"Cryotherapy (Strength of Recommendation B; Level of Evidence 1+) Cryotherapy is a simple, inexpensive and quick method of treating SCC in situ , with the advantage of accessibility in the outpatient setting. Clearance rates for cryotherapy vary widely, probably reflecting differences in the techniques and regimens used, with failure rates in the order of 5% to 10% in the larger series, provided that adequate cryotherapy is used (e.g., liquid nitrogen cryotherapy, using a single freeze–thaw cycle [FTC] of 30 s, two FTCs of 20 s with a thaw period, or up to three single treatments of 20 s at intervals of several weeks). However, such doses do cause discomfort and may cause ulceration, especially on the lower leg.",moderate
1797,British Association of Dermatologists' guidelines for the management of squamous cell carcinoma in situ (Bowen's disease) 2014.,British Association of Dermatologists,"Curettage with Cautery/Electrocautery Curettage and cautery has been advocated as one of the simplest, least expensive, safest and most effective methods of dealing with SCC in situ , but its success is determined by the skill of the operator.",moderate
1798,British Association of Dermatologists' guidelines for the management of squamous cell carcinoma in situ (Bowen's disease) 2014.,British Association of Dermatologists,"Excision This is a simple, rapid and effective treatment for SCC in situ of limited size and located in suitable areas. It allows for verification of the diagnosis and confirmation of the intraepithelial nature of the lesion. Cosmetic outcome, body site, healing properties and vascularity of the area need to be considered. While it is logical that excision should be an effective treatment, the evidence base is limited. Additionally, lower-leg excision wounds may be associated with considerable morbidity.",moderate
1799,British Association of Dermatologists' guidelines for the management of squamous cell carcinoma in situ (Bowen's disease) 2014.,British Association of Dermatologists,Mohs Micrographic Surgery Mohs micrographic surgery may be indicated for digital SCC in situ (around the nail in particular) and for some cases of genital (especially penile) SCC in situ for its tissue-sparing benefits. There may also be a role for Mohs in recurrent or incompletely excised lesions.,weak
1800,British Association of Dermatologists' guidelines for the management of squamous cell carcinoma in situ (Bowen's disease) 2014.,British Association of Dermatologists,"Photodynamic Therapy (PDT) PDT for SCC in situ involves topical application of the photosensitizer prodrug aminolaevulinic acid (ALA) or its more lipophilic methyl ester methyl aminolaevulinate (MAL). MAL is applied under occlusion for 3 h followed by illumination using red light, with narrowband light-emitting diode (LED) sources in routine use. Treatment is repeated 7 days later and again after 3 months, if required. Several protocols have been described for ALA-PDT in SCC in situ as outlined in the original guideline document, with nonformulary ALA often used. Fluorescence diagnosis, the identification of lesions using the fluorescence detectable after MAL/ALA occlusion, achieved 100% sensitivity (higher than clinical evaluation alone) and a specificity of 85.7% in a recent study in SCC in situ .",strong
1801,British Association of Dermatologists' guidelines for the management of squamous cell carcinoma in situ (Bowen's disease) 2014.,British Association of Dermatologists,"Radiotherapy Various radiotherapy techniques have been used to treat SCC in situ , with no standardized protocol, and a recent literature review concluded that both high- and low-dose regimens appear equally efficacious. Disadvantages include cost, patient inconvenience and poor healing, particularly on the leg. Advantages are that it can be used to treat areas where surgical modalities are difficult, and it can be used even on the scalp.",weak
1802,British Association of Dermatologists' guidelines for the management of squamous cell carcinoma in situ (Bowen's disease) 2014.,British Association of Dermatologists,Laser Experience of laser for SCC in situ is restricted largely to case reports and small series; it is considered for potentially more challenging treatment sites including the digits and genitalia.,weak
